2023-08-21 15:16:01,055 - flask_app - DEBUG - app started
2023-08-21 15:19:10,311 - flask_app - DEBUG - app started
2023-08-21 15:27:03,863 - flask_app - DEBUG - app started
2023-08-21 15:29:52,506 - flask_app - DEBUG - app started
2023-08-21 15:32:19,882 - flask_app - DEBUG - app started
2023-08-21 15:32:36,766 - flask_app - DEBUG - app started
2023-08-22 11:17:08,586 - flask_app - DEBUG - app started
2023-08-22 11:17:11,106 - flask_app - DEBUG - app started
2023-08-22 16:43:39,928 - flask_app - DEBUG - entered google sign in
2023-08-22 16:44:30,328 - flask_app - DEBUG - entered extract
2023-08-22 16:44:43,022 - flask_app - ERROR - Unsupported file type.
2023-08-22 16:45:07,666 - flask_app - DEBUG - entered extract
2023-08-22 16:45:07,832 - flask_app - ERROR - name 'DeckFiles' is not defined
2023-08-22 16:49:08,500 - flask_app - INFO - Entering function redirect_to_https
2023-08-22 16:49:08,500 - flask_app - INFO - Exiting function redirect_to_https
2023-08-22 16:49:08,500 - flask_app - INFO - Function redirect_to_https took 0.0000 seconds
2023-08-22 16:49:08,500 - flask_app - INFO - Entering function before_request
2023-08-22 16:49:08,503 - flask_app - INFO - Exiting function before_request
2023-08-22 16:49:08,503 - flask_app - INFO - Function before_request took 0.0025 seconds
2023-08-22 16:49:08,503 - flask_app - INFO - Entering function query
2023-08-22 16:49:08,504 - flask_app - INFO - Entering function load_user
2023-08-22 16:49:08,645 - flask_app - INFO - Exiting function load_user
2023-08-22 16:49:08,645 - flask_app - INFO - Function load_user took 0.1406 seconds
2023-08-22 16:49:08,674 - flask_app - INFO - Exiting function query
2023-08-22 16:49:08,674 - flask_app - INFO - Function query took 0.1715 seconds
2023-08-22 16:49:08,674 - flask_app - INFO - Entering function after_request
2023-08-22 16:49:08,674 - flask_app - INFO - Exiting function after_request
2023-08-22 16:49:08,675 - flask_app - INFO - Function after_request took 0.0010 seconds
2023-08-22 16:49:09,672 - flask_app - INFO - Entering function redirect_to_https
2023-08-22 16:49:09,673 - flask_app - INFO - Exiting function redirect_to_https
2023-08-22 16:49:09,673 - flask_app - INFO - Function redirect_to_https took 0.0012 seconds
2023-08-22 16:49:09,673 - flask_app - INFO - Entering function before_request
2023-08-22 16:49:09,674 - flask_app - INFO - Exiting function before_request
2023-08-22 16:49:09,674 - flask_app - INFO - Function before_request took 0.0010 seconds
2023-08-22 16:49:09,674 - flask_app - INFO - Entering function query
2023-08-22 16:49:09,674 - flask_app - INFO - Entering function load_user
2023-08-22 16:49:09,679 - flask_app - INFO - Exiting function load_user
2023-08-22 16:49:09,680 - flask_app - INFO - Function load_user took 0.0063 seconds
2023-08-22 16:49:09,701 - flask_app - INFO - Exiting function query
2023-08-22 16:49:09,701 - flask_app - INFO - Function query took 0.0274 seconds
2023-08-22 16:49:09,701 - flask_app - INFO - Entering function after_request
2023-08-22 16:49:09,701 - flask_app - INFO - Exiting function after_request
2023-08-22 16:49:09,702 - flask_app - INFO - Function after_request took 0.0010 seconds
2023-08-22 16:49:14,695 - flask_app - INFO - Entering function redirect_to_https
2023-08-22 16:49:14,696 - flask_app - INFO - Exiting function redirect_to_https
2023-08-22 16:49:14,696 - flask_app - INFO - Function redirect_to_https took 0.0013 seconds
2023-08-22 16:49:14,696 - flask_app - INFO - Entering function before_request
2023-08-22 16:49:14,697 - flask_app - INFO - Exiting function before_request
2023-08-22 16:49:14,697 - flask_app - INFO - Function before_request took 0.0010 seconds
2023-08-22 16:49:14,697 - flask_app - INFO - Entering function query
2023-08-22 16:49:14,697 - flask_app - INFO - Entering function load_user
2023-08-22 16:49:14,699 - flask_app - INFO - Exiting function load_user
2023-08-22 16:49:14,700 - flask_app - INFO - Function load_user took 0.0029 seconds
2023-08-22 16:49:14,721 - flask_app - INFO - Exiting function query
2023-08-22 16:49:14,721 - flask_app - INFO - Function query took 0.0234 seconds
2023-08-22 16:49:14,721 - flask_app - INFO - Entering function after_request
2023-08-22 16:49:14,721 - flask_app - INFO - Exiting function after_request
2023-08-22 16:49:14,722 - flask_app - INFO - Function after_request took 0.0013 seconds
2023-08-22 16:49:16,751 - flask_app - INFO - Entering function redirect_to_https
2023-08-22 16:49:16,751 - flask_app - INFO - Exiting function redirect_to_https
2023-08-22 16:49:16,751 - flask_app - INFO - Function redirect_to_https took 0.0000 seconds
2023-08-22 16:49:16,752 - flask_app - INFO - Entering function before_request
2023-08-22 16:49:16,752 - flask_app - INFO - Exiting function before_request
2023-08-22 16:49:16,752 - flask_app - INFO - Function before_request took 0.0000 seconds
2023-08-22 16:49:16,752 - flask_app - INFO - Entering function load_user
2023-08-22 16:49:16,754 - flask_app - INFO - Exiting function load_user
2023-08-22 16:49:16,754 - flask_app - INFO - Function load_user took 0.0020 seconds
2023-08-22 16:49:16,754 - flask_app - DEBUG - entered extract
2023-08-22 16:49:16,776 - flask_app - INFO - Entering function inject_csrf_token
2023-08-22 16:49:16,777 - flask_app - INFO - Exiting function inject_csrf_token
2023-08-22 16:49:16,777 - flask_app - INFO - Function inject_csrf_token took 0.0014 seconds
2023-08-22 16:49:16,816 - flask_app - INFO - Entering function after_request
2023-08-22 16:49:16,816 - flask_app - INFO - Exiting function after_request
2023-08-22 16:49:16,817 - flask_app - INFO - Function after_request took 0.0010 seconds
2023-08-22 16:49:16,874 - flask_app - INFO - Entering function redirect_to_https
2023-08-22 16:49:16,875 - flask_app - INFO - Exiting function redirect_to_https
2023-08-22 16:49:16,875 - flask_app - INFO - Function redirect_to_https took 0.0010 seconds
2023-08-22 16:49:16,875 - flask_app - INFO - Entering function before_request
2023-08-22 16:49:16,875 - flask_app - INFO - Exiting function before_request
2023-08-22 16:49:16,876 - flask_app - INFO - Function before_request took 0.0014 seconds
2023-08-22 16:49:16,908 - flask_app - INFO - Entering function after_request
2023-08-22 16:49:16,908 - flask_app - INFO - Exiting function after_request
2023-08-22 16:49:16,909 - flask_app - INFO - Function after_request took 0.0010 seconds
2023-08-22 16:49:17,002 - flask_app - INFO - Entering function redirect_to_https
2023-08-22 16:49:17,002 - flask_app - INFO - Exiting function redirect_to_https
2023-08-22 16:49:17,003 - flask_app - INFO - Function redirect_to_https took 0.0010 seconds
2023-08-22 16:49:17,003 - flask_app - INFO - Entering function redirect_to_https
2023-08-22 16:49:17,003 - flask_app - INFO - Entering function before_request
2023-08-22 16:49:17,004 - flask_app - INFO - Entering function redirect_to_https
2023-08-22 16:49:17,004 - flask_app - INFO - Exiting function redirect_to_https
2023-08-22 16:49:17,005 - flask_app - INFO - Entering function redirect_to_https
2023-08-22 16:49:17,005 - flask_app - INFO - Exiting function before_request
2023-08-22 16:49:17,005 - flask_app - INFO - Exiting function redirect_to_https
2023-08-22 16:49:17,006 - flask_app - INFO - Entering function redirect_to_https
2023-08-22 16:49:17,006 - flask_app - INFO - Function redirect_to_https took 0.0032 seconds
2023-08-22 16:49:17,006 - flask_app - INFO - Exiting function redirect_to_https
2023-08-22 16:49:17,008 - flask_app - INFO - Function before_request took 0.0032 seconds
2023-08-22 16:49:17,008 - flask_app - INFO - Entering function redirect_to_https
2023-08-22 16:49:17,008 - flask_app - INFO - Function redirect_to_https took 0.0032 seconds
2023-08-22 16:49:17,008 - flask_app - INFO - Exiting function redirect_to_https
2023-08-22 16:49:17,008 - flask_app - INFO - Entering function before_request
2023-08-22 16:49:17,008 - flask_app - INFO - Function redirect_to_https took 0.0027 seconds
2023-08-22 16:49:17,009 - flask_app - INFO - Exiting function redirect_to_https
2023-08-22 16:49:17,009 - flask_app - INFO - Entering function before_request
2023-08-22 16:49:17,009 - flask_app - INFO - Entering function after_request
2023-08-22 16:49:17,009 - flask_app - INFO - Function redirect_to_https took 0.0027 seconds
2023-08-22 16:49:17,009 - flask_app - INFO - Exiting function before_request
2023-08-22 16:49:17,010 - flask_app - INFO - Entering function before_request
2023-08-22 16:49:17,010 - flask_app - INFO - Function redirect_to_https took 0.0024 seconds
2023-08-22 16:49:17,010 - flask_app - INFO - Exiting function before_request
2023-08-22 16:49:17,010 - flask_app - INFO - Exiting function after_request
2023-08-22 16:49:17,010 - flask_app - INFO - Entering function before_request
2023-08-22 16:49:17,010 - flask_app - INFO - Function before_request took 0.0024 seconds
2023-08-22 16:49:17,012 - flask_app - INFO - Exiting function before_request
2023-08-22 16:49:17,012 - flask_app - INFO - Entering function before_request
2023-08-22 16:49:17,012 - flask_app - INFO - Function before_request took 0.0026 seconds
2023-08-22 16:49:17,012 - flask_app - INFO - Function after_request took 0.0026 seconds
2023-08-22 16:49:17,012 - flask_app - INFO - Exiting function before_request
2023-08-22 16:49:17,013 - flask_app - INFO - Function before_request took 0.0024 seconds
2023-08-22 16:49:17,013 - flask_app - INFO - Exiting function before_request
2023-08-22 16:49:17,014 - flask_app - INFO - Entering function after_request
2023-08-22 16:49:17,014 - flask_app - INFO - Function before_request took 0.0036 seconds
2023-08-22 16:49:17,015 - flask_app - INFO - Entering function after_request
2023-08-22 16:49:17,015 - flask_app - INFO - Function before_request took 0.0032 seconds
2023-08-22 16:49:17,015 - flask_app - INFO - Entering function after_request
2023-08-22 16:49:17,015 - flask_app - INFO - Exiting function after_request
2023-08-22 16:49:17,016 - flask_app - INFO - Exiting function after_request
2023-08-22 16:49:17,016 - flask_app - INFO - Entering function after_request
2023-08-22 16:49:17,016 - flask_app - INFO - Exiting function after_request
2023-08-22 16:49:17,018 - flask_app - INFO - Entering function after_request
2023-08-22 16:49:17,018 - flask_app - INFO - Entering function redirect_to_https
2023-08-22 16:49:17,018 - flask_app - INFO - Function after_request took 0.0044 seconds
2023-08-22 16:49:17,018 - flask_app - INFO - Function after_request took 0.0033 seconds
2023-08-22 16:49:17,018 - flask_app - INFO - Exiting function after_request
2023-08-22 16:49:17,018 - flask_app - INFO - Function after_request took 0.0033 seconds
2023-08-22 16:49:17,018 - flask_app - INFO - Exiting function after_request
2023-08-22 16:49:17,018 - flask_app - INFO - Exiting function redirect_to_https
2023-08-22 16:49:17,019 - flask_app - INFO - Function after_request took 0.0037 seconds
2023-08-22 16:49:17,019 - flask_app - INFO - Function after_request took 0.0013 seconds
2023-08-22 16:49:17,021 - flask_app - INFO - Function redirect_to_https took 0.0028 seconds
2023-08-22 16:49:17,023 - flask_app - INFO - Entering function before_request
2023-08-22 16:49:17,026 - flask_app - INFO - Entering function redirect_to_https
2023-08-22 16:49:17,029 - flask_app - INFO - Entering function redirect_to_https
2023-08-22 16:49:17,029 - flask_app - INFO - Exiting function before_request
2023-08-22 16:49:17,029 - flask_app - INFO - Exiting function redirect_to_https
2023-08-22 16:49:17,029 - flask_app - INFO - Exiting function redirect_to_https
2023-08-22 16:49:17,030 - flask_app - INFO - Entering function redirect_to_https
2023-08-22 16:49:17,030 - flask_app - INFO - Function before_request took 0.0072 seconds
2023-08-22 16:49:17,030 - flask_app - INFO - Function redirect_to_https took 0.0046 seconds
2023-08-22 16:49:17,032 - flask_app - INFO - Function redirect_to_https took 0.0027 seconds
2023-08-22 16:49:17,032 - flask_app - INFO - Entering function redirect_to_https
2023-08-22 16:49:17,032 - flask_app - INFO - Exiting function redirect_to_https
2023-08-22 16:49:17,034 - flask_app - INFO - Entering function redirect_to_https
2023-08-22 16:49:17,035 - flask_app - INFO - Entering function before_request
2023-08-22 16:49:17,035 - flask_app - INFO - Entering function before_request
2023-08-22 16:49:17,035 - flask_app - INFO - Entering function after_request
2023-08-22 16:49:17,035 - flask_app - INFO - Exiting function redirect_to_https
2023-08-22 16:49:17,035 - flask_app - INFO - Function redirect_to_https took 0.0052 seconds
2023-08-22 16:49:17,037 - flask_app - INFO - Exiting function redirect_to_https
2023-08-22 16:49:17,037 - flask_app - INFO - Exiting function before_request
2023-08-22 16:49:17,037 - flask_app - INFO - Exiting function before_request
2023-08-22 16:49:17,038 - flask_app - INFO - Exiting function after_request
2023-08-22 16:49:17,038 - flask_app - INFO - Function redirect_to_https took 0.0061 seconds
2023-08-22 16:49:17,038 - flask_app - INFO - Entering function before_request
2023-08-22 16:49:17,038 - flask_app - INFO - Function redirect_to_https took 0.0036 seconds
2023-08-22 16:49:17,038 - flask_app - INFO - Function before_request took 0.0024 seconds
2023-08-22 16:49:17,038 - flask_app - INFO - Function before_request took 0.0024 seconds
2023-08-22 16:49:17,038 - flask_app - INFO - Function after_request took 0.0024 seconds
2023-08-22 16:49:17,038 - flask_app - INFO - Entering function before_request
2023-08-22 16:49:17,041 - flask_app - INFO - Exiting function before_request
2023-08-22 16:49:17,041 - flask_app - INFO - Entering function before_request
2023-08-22 16:49:17,043 - flask_app - INFO - Entering function after_request
2023-08-22 16:49:17,043 - flask_app - INFO - Exiting function before_request
2023-08-22 16:49:17,044 - flask_app - INFO - Entering function after_request
2023-08-22 16:49:17,044 - flask_app - INFO - Function before_request took 0.0063 seconds
2023-08-22 16:49:17,044 - flask_app - INFO - Exiting function before_request
2023-08-22 16:49:17,044 - flask_app - INFO - Exiting function after_request
2023-08-22 16:49:17,044 - flask_app - INFO - Function before_request took 0.0063 seconds
2023-08-22 16:49:17,045 - flask_app - INFO - Exiting function after_request
2023-08-22 16:49:17,045 - flask_app - INFO - Function before_request took 0.0047 seconds
2023-08-22 16:49:17,045 - flask_app - INFO - Function after_request took 0.0022 seconds
2023-08-22 16:49:17,045 - flask_app - INFO - Entering function after_request
2023-08-22 16:49:17,046 - flask_app - INFO - Function after_request took 0.0024 seconds
2023-08-22 16:49:17,046 - flask_app - INFO - Entering function after_request
2023-08-22 16:49:17,048 - flask_app - INFO - Exiting function after_request
2023-08-22 16:49:17,048 - flask_app - INFO - Entering function after_request
2023-08-22 16:49:17,048 - flask_app - INFO - Exiting function after_request
2023-08-22 16:49:17,049 - flask_app - INFO - Function after_request took 0.0038 seconds
2023-08-22 16:49:17,049 - flask_app - INFO - Exiting function after_request
2023-08-22 16:49:17,049 - flask_app - INFO - Function after_request took 0.0026 seconds
2023-08-22 16:49:17,050 - flask_app - INFO - Function after_request took 0.0023 seconds
2023-08-22 16:49:17,080 - flask_app - INFO - Entering function redirect_to_https
2023-08-22 16:49:17,080 - flask_app - INFO - Exiting function redirect_to_https
2023-08-22 16:49:17,080 - flask_app - INFO - Function redirect_to_https took 0.0000 seconds
2023-08-22 16:49:17,080 - flask_app - INFO - Entering function before_request
2023-08-22 16:49:17,082 - flask_app - INFO - Exiting function before_request
2023-08-22 16:49:17,082 - flask_app - INFO - Function before_request took 0.0011 seconds
2023-08-22 16:49:17,082 - flask_app - INFO - Entering function query
2023-08-22 16:49:17,082 - flask_app - INFO - Entering function load_user
2023-08-22 16:49:17,084 - flask_app - INFO - Exiting function load_user
2023-08-22 16:49:17,084 - flask_app - INFO - Function load_user took 0.0020 seconds
2023-08-22 16:49:17,102 - flask_app - INFO - Exiting function query
2023-08-22 16:49:17,102 - flask_app - INFO - Function query took 0.0204 seconds
2023-08-22 16:49:17,102 - flask_app - INFO - Entering function after_request
2023-08-22 16:49:17,104 - flask_app - INFO - Exiting function after_request
2023-08-22 16:49:17,104 - flask_app - INFO - Function after_request took 0.0012 seconds
2023-08-22 16:49:17,210 - flask_app - INFO - Entering function redirect_to_https
2023-08-22 16:49:17,211 - flask_app - INFO - Exiting function redirect_to_https
2023-08-22 16:49:17,211 - flask_app - INFO - Function redirect_to_https took 0.0010 seconds
2023-08-22 16:49:17,211 - flask_app - INFO - Entering function before_request
2023-08-22 16:49:17,211 - flask_app - INFO - Exiting function before_request
2023-08-22 16:49:17,212 - flask_app - INFO - Function before_request took 0.0010 seconds
2023-08-22 16:49:17,212 - flask_app - INFO - Entering function after_request
2023-08-22 16:49:17,212 - flask_app - INFO - Exiting function after_request
2023-08-22 16:49:17,213 - flask_app - INFO - Function after_request took 0.0010 seconds
2023-08-22 16:49:21,890 - flask_app - INFO - Entering function redirect_to_https
2023-08-22 16:49:21,891 - flask_app - INFO - Exiting function redirect_to_https
2023-08-22 16:49:21,891 - flask_app - INFO - Function redirect_to_https took 0.0012 seconds
2023-08-22 16:49:21,891 - flask_app - INFO - Entering function before_request
2023-08-22 16:49:21,893 - flask_app - INFO - Exiting function before_request
2023-08-22 16:49:21,894 - flask_app - INFO - Function before_request took 0.0032 seconds
2023-08-22 16:49:21,909 - flask_app - INFO - Entering function after_request
2023-08-22 16:49:21,909 - flask_app - INFO - Exiting function after_request
2023-08-22 16:49:21,910 - flask_app - INFO - Function after_request took 0.0014 seconds
2023-08-22 16:49:22,100 - flask_app - INFO - Entering function redirect_to_https
2023-08-22 16:49:22,100 - flask_app - INFO - Exiting function redirect_to_https
2023-08-22 16:49:22,101 - flask_app - INFO - Function redirect_to_https took 0.0013 seconds
2023-08-22 16:49:22,101 - flask_app - INFO - Entering function before_request
2023-08-22 16:49:22,102 - flask_app - INFO - Exiting function before_request
2023-08-22 16:49:22,102 - flask_app - INFO - Function before_request took 0.0010 seconds
2023-08-22 16:49:22,102 - flask_app - INFO - Entering function query
2023-08-22 16:49:22,102 - flask_app - INFO - Entering function load_user
2023-08-22 16:49:22,104 - flask_app - INFO - Exiting function load_user
2023-08-22 16:49:22,104 - flask_app - INFO - Function load_user took 0.0020 seconds
2023-08-22 16:49:22,124 - flask_app - INFO - Exiting function query
2023-08-22 16:49:22,125 - flask_app - INFO - Function query took 0.0228 seconds
2023-08-22 16:49:22,125 - flask_app - INFO - Entering function after_request
2023-08-22 16:49:22,125 - flask_app - INFO - Exiting function after_request
2023-08-22 16:49:22,125 - flask_app - INFO - Function after_request took 0.0000 seconds
2023-08-22 16:49:22,819 - flask_app - INFO - Entering function redirect_to_https
2023-08-22 16:49:22,819 - flask_app - INFO - Exiting function redirect_to_https
2023-08-22 16:49:22,820 - flask_app - INFO - Function redirect_to_https took 0.0010 seconds
2023-08-22 16:49:22,820 - flask_app - INFO - Entering function before_request
2023-08-22 16:49:22,822 - flask_app - INFO - Exiting function before_request
2023-08-22 16:49:22,822 - flask_app - INFO - Function before_request took 0.0022 seconds
2023-08-22 16:49:22,823 - flask_app - INFO - Entering function load_user
2023-08-22 16:49:22,825 - flask_app - INFO - Exiting function load_user
2023-08-22 16:49:22,825 - flask_app - INFO - Function load_user took 0.0020 seconds
2023-08-22 16:49:22,826 - flask_app - DEBUG - entered extract
2023-08-22 16:49:22,871 - flask_app - ERROR - name 'DeckFiles' is not defined
2023-08-22 16:49:22,876 - flask_app - INFO - Entering function after_request
2023-08-22 16:49:22,877 - flask_app - INFO - Exiting function after_request
2023-08-22 16:49:22,877 - flask_app - INFO - Function after_request took 0.0013 seconds
2023-08-22 16:49:22,883 - flask_app - INFO - Entering function redirect_to_https
2023-08-22 16:49:22,884 - flask_app - INFO - Exiting function redirect_to_https
2023-08-22 16:49:22,884 - flask_app - INFO - Function redirect_to_https took 0.0010 seconds
2023-08-22 16:49:22,884 - flask_app - INFO - Entering function before_request
2023-08-22 16:49:22,885 - flask_app - INFO - Exiting function before_request
2023-08-22 16:49:22,885 - flask_app - INFO - Function before_request took 0.0010 seconds
2023-08-22 16:49:22,885 - flask_app - INFO - Entering function load_user
2023-08-22 16:49:22,887 - flask_app - INFO - Exiting function load_user
2023-08-22 16:49:22,887 - flask_app - INFO - Function load_user took 0.0021 seconds
2023-08-22 16:49:22,888 - flask_app - INFO - Entering function viewdecks
2023-08-22 16:49:22,935 - flask_app - INFO - Entering function inject_csrf_token
2023-08-22 16:49:22,937 - flask_app - INFO - Exiting function inject_csrf_token
2023-08-22 16:49:22,937 - flask_app - INFO - Function inject_csrf_token took 0.0014 seconds
2023-08-22 16:49:23,393 - flask_app - INFO - Exiting function viewdecks
2023-08-22 16:49:23,393 - flask_app - INFO - Function viewdecks took 0.5041 seconds
2023-08-22 16:49:23,393 - flask_app - INFO - Entering function after_request
2023-08-22 16:49:23,394 - flask_app - INFO - Exiting function after_request
2023-08-22 16:49:23,394 - flask_app - INFO - Function after_request took 0.0015 seconds
2023-08-22 16:49:23,478 - flask_app - INFO - Entering function redirect_to_https
2023-08-22 16:49:23,480 - flask_app - INFO - Exiting function redirect_to_https
2023-08-22 16:49:23,480 - flask_app - INFO - Function redirect_to_https took 0.0013 seconds
2023-08-22 16:49:23,480 - flask_app - INFO - Entering function before_request
2023-08-22 16:49:23,480 - flask_app - INFO - Exiting function before_request
2023-08-22 16:49:23,481 - flask_app - INFO - Function before_request took 0.0014 seconds
2023-08-22 16:49:23,481 - flask_app - INFO - Entering function after_request
2023-08-22 16:49:23,481 - flask_app - INFO - Exiting function after_request
2023-08-22 16:49:23,481 - flask_app - INFO - Function after_request took 0.0000 seconds
2023-08-22 16:49:23,629 - flask_app - INFO - Entering function redirect_to_https
2023-08-22 16:49:23,629 - flask_app - INFO - Exiting function redirect_to_https
2023-08-22 16:49:23,630 - flask_app - INFO - Entering function redirect_to_https
2023-08-22 16:49:23,630 - flask_app - INFO - Function redirect_to_https took 0.0012 seconds
2023-08-22 16:49:23,630 - flask_app - INFO - Exiting function redirect_to_https
2023-08-22 16:49:23,632 - flask_app - INFO - Entering function redirect_to_https
2023-08-22 16:49:23,632 - flask_app - INFO - Entering function before_request
2023-08-22 16:49:23,632 - flask_app - INFO - Function redirect_to_https took 0.0014 seconds
2023-08-22 16:49:23,632 - flask_app - INFO - Entering function redirect_to_https
2023-08-22 16:49:23,632 - flask_app - INFO - Exiting function redirect_to_https
2023-08-22 16:49:23,633 - flask_app - INFO - Exiting function before_request
2023-08-22 16:49:23,633 - flask_app - INFO - Entering function redirect_to_https
2023-08-22 16:49:23,633 - flask_app - INFO - Entering function before_request
2023-08-22 16:49:23,635 - flask_app - INFO - Exiting function redirect_to_https
2023-08-22 16:49:23,635 - flask_app - INFO - Function redirect_to_https took 0.0028 seconds
2023-08-22 16:49:23,635 - flask_app - INFO - Entering function redirect_to_https
2023-08-22 16:49:23,635 - flask_app - INFO - Function before_request took 0.0028 seconds
2023-08-22 16:49:23,636 - flask_app - INFO - Exiting function redirect_to_https
2023-08-22 16:49:23,636 - flask_app - INFO - Exiting function before_request
2023-08-22 16:49:23,636 - flask_app - INFO - Function redirect_to_https took 0.0038 seconds
2023-08-22 16:49:23,637 - flask_app - INFO - Entering function before_request
2023-08-22 16:49:23,637 - flask_app - INFO - Exiting function redirect_to_https
2023-08-22 16:49:23,637 - flask_app - INFO - Function redirect_to_https took 0.0034 seconds
2023-08-22 16:49:23,637 - flask_app - INFO - Function before_request took 0.0034 seconds
2023-08-22 16:49:23,638 - flask_app - INFO - Entering function after_request
2023-08-22 16:49:23,638 - flask_app - INFO - Entering function before_request
2023-08-22 16:49:23,639 - flask_app - INFO - Exiting function before_request
2023-08-22 16:49:23,639 - flask_app - INFO - Function redirect_to_https took 0.0041 seconds
2023-08-22 16:49:23,639 - flask_app - INFO - Entering function before_request
2023-08-22 16:49:23,640 - flask_app - INFO - Entering function after_request
2023-08-22 16:49:23,640 - flask_app - INFO - Exiting function after_request
2023-08-22 16:49:23,642 - flask_app - INFO - Exiting function before_request
2023-08-22 16:49:23,642 - flask_app - INFO - Function before_request took 0.0052 seconds
2023-08-22 16:49:23,642 - flask_app - INFO - Entering function before_request
2023-08-22 16:49:23,643 - flask_app - INFO - Exiting function before_request
2023-08-22 16:49:23,643 - flask_app - INFO - Exiting function after_request
2023-08-22 16:49:23,644 - flask_app - INFO - Function after_request took 0.0064 seconds
2023-08-22 16:49:23,644 - flask_app - INFO - Function before_request took 0.0064 seconds
2023-08-22 16:49:23,644 - flask_app - INFO - Exiting function before_request
2023-08-22 16:49:23,645 - flask_app - INFO - Function before_request took 0.0067 seconds
2023-08-22 16:49:23,645 - flask_app - INFO - Entering function after_request
2023-08-22 16:49:23,645 - flask_app - INFO - Function after_request took 0.0052 seconds
2023-08-22 16:49:23,647 - flask_app - INFO - Function before_request took 0.0049 seconds
2023-08-22 16:49:23,647 - flask_app - INFO - Entering function after_request
2023-08-22 16:49:23,647 - flask_app - INFO - Exiting function after_request
2023-08-22 16:49:23,648 - flask_app - INFO - Entering function after_request
2023-08-22 16:49:23,648 - flask_app - INFO - Exiting function after_request
2023-08-22 16:49:23,650 - flask_app - INFO - Function after_request took 0.0043 seconds
2023-08-22 16:49:23,650 - flask_app - INFO - Entering function redirect_to_https
2023-08-22 16:49:23,651 - flask_app - INFO - Entering function after_request
2023-08-22 16:49:23,652 - flask_app - INFO - Exiting function after_request
2023-08-22 16:49:23,654 - flask_app - INFO - Entering function redirect_to_https
2023-08-22 16:49:23,654 - flask_app - INFO - Function after_request took 0.0071 seconds
2023-08-22 16:49:23,654 - flask_app - INFO - Exiting function redirect_to_https
2023-08-22 16:49:23,655 - flask_app - INFO - Exiting function after_request
2023-08-22 16:49:23,655 - flask_app - INFO - Function after_request took 0.0081 seconds
2023-08-22 16:49:23,655 - flask_app - INFO - Exiting function redirect_to_https
2023-08-22 16:49:23,656 - flask_app - INFO - Function redirect_to_https took 0.0066 seconds
2023-08-22 16:49:23,656 - flask_app - INFO - Function after_request took 0.0056 seconds
2023-08-22 16:49:23,659 - flask_app - INFO - Entering function redirect_to_https
2023-08-22 16:49:23,659 - flask_app - INFO - Function redirect_to_https took 0.0049 seconds
2023-08-22 16:49:23,660 - flask_app - INFO - Entering function before_request
2023-08-22 16:49:23,661 - flask_app - INFO - Exiting function redirect_to_https
2023-08-22 16:49:23,664 - flask_app - INFO - Entering function redirect_to_https
2023-08-22 16:49:23,664 - flask_app - INFO - Entering function before_request
2023-08-22 16:49:23,666 - flask_app - INFO - Exiting function before_request
2023-08-22 16:49:23,666 - flask_app - INFO - Entering function redirect_to_https
2023-08-22 16:49:23,666 - flask_app - INFO - Function redirect_to_https took 0.0070 seconds
2023-08-22 16:49:23,667 - flask_app - INFO - Exiting function redirect_to_https
2023-08-22 16:49:23,667 - flask_app - INFO - Entering function redirect_to_https
2023-08-22 16:49:23,668 - flask_app - INFO - Exiting function before_request
2023-08-22 16:49:23,668 - flask_app - INFO - Function before_request took 0.0086 seconds
2023-08-22 16:49:23,668 - flask_app - INFO - Exiting function redirect_to_https
2023-08-22 16:49:23,668 - flask_app - INFO - Entering function before_request
2023-08-22 16:49:23,668 - flask_app - INFO - Function redirect_to_https took 0.0046 seconds
2023-08-22 16:49:23,670 - flask_app - INFO - Exiting function redirect_to_https
2023-08-22 16:49:23,670 - flask_app - INFO - Function before_request took 0.0061 seconds
2023-08-22 16:49:23,670 - flask_app - INFO - Function redirect_to_https took 0.0041 seconds
2023-08-22 16:49:23,671 - flask_app - INFO - Entering function before_request
2023-08-22 16:49:23,671 - flask_app - INFO - Exiting function before_request
2023-08-22 16:49:23,671 - flask_app - INFO - Entering function after_request
2023-08-22 16:49:23,671 - flask_app - INFO - Function redirect_to_https took 0.0038 seconds
2023-08-22 16:49:23,671 - flask_app - INFO - Entering function before_request
2023-08-22 16:49:23,673 - flask_app - INFO - Exiting function before_request
2023-08-22 16:49:23,673 - flask_app - INFO - Function before_request took 0.0042 seconds
2023-08-22 16:49:23,673 - flask_app - INFO - Entering function after_request
2023-08-22 16:49:23,673 - flask_app - INFO - Exiting function after_request
2023-08-22 16:49:23,673 - flask_app - INFO - Entering function before_request
2023-08-22 16:49:23,674 - flask_app - INFO - Exiting function before_request
2023-08-22 16:49:23,674 - flask_app - INFO - Function before_request took 0.0029 seconds
2023-08-22 16:49:23,674 - flask_app - INFO - Exiting function after_request
2023-08-22 16:49:23,675 - flask_app - INFO - Entering function after_request
2023-08-22 16:49:23,675 - flask_app - INFO - Function after_request took 0.0039 seconds
2023-08-22 16:49:23,675 - flask_app - INFO - Exiting function before_request
2023-08-22 16:49:23,675 - flask_app - INFO - Function before_request took 0.0039 seconds
2023-08-22 16:49:23,676 - flask_app - INFO - Function after_request took 0.0038 seconds
2023-08-22 16:49:23,676 - flask_app - INFO - Exiting function after_request
2023-08-22 16:49:23,677 - flask_app - INFO - Entering function after_request
2023-08-22 16:49:23,677 - flask_app - INFO - Function before_request took 0.0048 seconds
2023-08-22 16:49:23,678 - flask_app - INFO - Entering function after_request
2023-08-22 16:49:23,678 - flask_app - INFO - Function after_request took 0.0034 seconds
2023-08-22 16:49:23,680 - flask_app - INFO - Exiting function after_request
2023-08-22 16:49:23,682 - flask_app - INFO - Entering function redirect_to_https
2023-08-22 16:49:23,682 - flask_app - INFO - Exiting function after_request
2023-08-22 16:49:23,683 - flask_app - INFO - Entering function after_request
2023-08-22 16:49:23,684 - flask_app - INFO - Entering function redirect_to_https
2023-08-22 16:49:23,684 - flask_app - INFO - Function after_request took 0.0069 seconds
2023-08-22 16:49:23,686 - flask_app - INFO - Exiting function redirect_to_https
2023-08-22 16:49:23,686 - flask_app - INFO - Function after_request took 0.0073 seconds
2023-08-22 16:49:23,686 - flask_app - INFO - Exiting function after_request
2023-08-22 16:49:23,686 - flask_app - INFO - Exiting function redirect_to_https
2023-08-22 16:49:23,686 - flask_app - INFO - Function redirect_to_https took 0.0036 seconds
2023-08-22 16:49:23,687 - flask_app - INFO - Function after_request took 0.0038 seconds
2023-08-22 16:49:23,688 - flask_app - INFO - Function redirect_to_https took 0.0041 seconds
2023-08-22 16:49:23,688 - flask_app - INFO - Entering function before_request
2023-08-22 16:49:23,688 - flask_app - INFO - Entering function before_request
2023-08-22 16:49:23,690 - flask_app - INFO - Exiting function before_request
2023-08-22 16:49:23,692 - flask_app - INFO - Exiting function before_request
2023-08-22 16:49:23,693 - flask_app - INFO - Function before_request took 0.0051 seconds
2023-08-22 16:49:23,693 - flask_app - INFO - Function before_request took 0.0051 seconds
2023-08-22 16:49:23,697 - flask_app - INFO - Entering function redirect_to_https
2023-08-22 16:49:23,697 - flask_app - INFO - Exiting function redirect_to_https
2023-08-22 16:49:23,697 - flask_app - INFO - Entering function after_request
2023-08-22 16:49:23,698 - flask_app - INFO - Entering function after_request
2023-08-22 16:49:23,698 - flask_app - INFO - Function redirect_to_https took 0.0011 seconds
2023-08-22 16:49:23,698 - flask_app - INFO - Exiting function after_request
2023-08-22 16:49:23,698 - flask_app - INFO - Exiting function after_request
2023-08-22 16:49:23,698 - flask_app - INFO - Entering function before_request
2023-08-22 16:49:23,698 - flask_app - INFO - Function after_request took 0.0011 seconds
2023-08-22 16:49:23,698 - flask_app - INFO - Function after_request took 0.0000 seconds
2023-08-22 16:49:23,700 - flask_app - INFO - Exiting function before_request
2023-08-22 16:49:23,700 - flask_app - INFO - Function before_request took 0.0014 seconds
2023-08-22 16:49:23,701 - flask_app - INFO - Entering function after_request
2023-08-22 16:49:23,701 - flask_app - INFO - Exiting function after_request
2023-08-22 16:49:23,703 - flask_app - INFO - Function after_request took 0.0013 seconds
2023-08-22 16:49:23,730 - flask_app - INFO - Entering function redirect_to_https
2023-08-22 16:49:23,730 - flask_app - INFO - Exiting function redirect_to_https
2023-08-22 16:49:23,732 - flask_app - INFO - Entering function redirect_to_https
2023-08-22 16:49:23,732 - flask_app - INFO - Function redirect_to_https took 0.0015 seconds
2023-08-22 16:49:23,732 - flask_app - INFO - Exiting function redirect_to_https
2023-08-22 16:49:23,732 - flask_app - INFO - Entering function before_request
2023-08-22 16:49:23,732 - flask_app - INFO - Function redirect_to_https took 0.0000 seconds
2023-08-22 16:49:23,733 - flask_app - INFO - Exiting function before_request
2023-08-22 16:49:23,733 - flask_app - INFO - Entering function before_request
2023-08-22 16:49:23,733 - flask_app - INFO - Function before_request took 0.0015 seconds
2023-08-22 16:49:23,733 - flask_app - INFO - Exiting function before_request
2023-08-22 16:49:23,733 - flask_app - INFO - Entering function query
2023-08-22 16:49:23,734 - flask_app - INFO - Function before_request took 0.0012 seconds
2023-08-22 16:49:23,734 - flask_app - INFO - Entering function load_user
2023-08-22 16:49:23,734 - flask_app - INFO - Entering function query
2023-08-22 16:49:23,736 - flask_app - INFO - Entering function load_user
2023-08-22 16:49:23,738 - flask_app - INFO - Exiting function load_user
2023-08-22 16:49:23,738 - flask_app - INFO - Function load_user took 0.0035 seconds
2023-08-22 16:49:23,749 - flask_app - INFO - Exiting function load_user
2023-08-22 16:49:23,751 - flask_app - INFO - Function load_user took 0.0152 seconds
2023-08-22 16:49:23,760 - flask_app - INFO - Exiting function query
2023-08-22 16:49:23,760 - flask_app - INFO - Function query took 0.0264 seconds
2023-08-22 16:49:23,760 - flask_app - INFO - Entering function after_request
2023-08-22 16:49:23,760 - flask_app - INFO - Exiting function after_request
2023-08-22 16:49:23,761 - flask_app - INFO - Function after_request took 0.0013 seconds
2023-08-22 16:49:23,773 - flask_app - INFO - Exiting function query
2023-08-22 16:49:23,773 - flask_app - INFO - Function query took 0.0383 seconds
2023-08-22 16:49:23,773 - flask_app - INFO - Entering function after_request
2023-08-22 16:49:23,773 - flask_app - INFO - Exiting function after_request
2023-08-22 16:49:23,774 - flask_app - INFO - Function after_request took 0.0010 seconds
2023-08-22 16:49:23,781 - flask_app - INFO - Entering function redirect_to_https
2023-08-22 16:49:23,781 - flask_app - INFO - Exiting function redirect_to_https
2023-08-22 16:49:23,782 - flask_app - INFO - Function redirect_to_https took 0.0010 seconds
2023-08-22 16:49:23,782 - flask_app - INFO - Entering function before_request
2023-08-22 16:49:23,782 - flask_app - INFO - Exiting function before_request
2023-08-22 16:49:23,783 - flask_app - INFO - Function before_request took 0.0010 seconds
2023-08-22 16:49:23,783 - flask_app - INFO - Entering function after_request
2023-08-22 16:49:23,783 - flask_app - INFO - Exiting function after_request
2023-08-22 16:49:23,783 - flask_app - INFO - Function after_request took 0.0000 seconds
2023-08-22 16:49:28,755 - flask_app - INFO - Entering function redirect_to_https
2023-08-22 16:49:28,755 - flask_app - INFO - Exiting function redirect_to_https
2023-08-22 16:49:28,755 - flask_app - INFO - Function redirect_to_https took 0.0000 seconds
2023-08-22 16:49:28,755 - flask_app - INFO - Entering function before_request
2023-08-22 16:49:28,756 - flask_app - INFO - Exiting function before_request
2023-08-22 16:49:28,757 - flask_app - INFO - Function before_request took 0.0010 seconds
2023-08-22 16:49:28,757 - flask_app - INFO - Entering function query
2023-08-22 16:49:28,757 - flask_app - INFO - Entering function load_user
2023-08-22 16:49:28,760 - flask_app - INFO - Exiting function load_user
2023-08-22 16:49:28,760 - flask_app - INFO - Function load_user took 0.0028 seconds
2023-08-22 16:49:28,775 - flask_app - INFO - Exiting function query
2023-08-22 16:49:28,777 - flask_app - INFO - Function query took 0.0199 seconds
2023-08-22 16:49:28,777 - flask_app - INFO - Entering function after_request
2023-08-22 16:49:28,777 - flask_app - INFO - Exiting function after_request
2023-08-22 16:49:28,777 - flask_app - INFO - Function after_request took 0.0000 seconds
2023-08-22 16:49:29,771 - flask_app - INFO - Entering function redirect_to_https
2023-08-22 16:49:29,772 - flask_app - INFO - Exiting function redirect_to_https
2023-08-22 16:49:29,772 - flask_app - INFO - Function redirect_to_https took 0.0010 seconds
2023-08-22 16:49:29,772 - flask_app - INFO - Entering function before_request
2023-08-22 16:49:29,773 - flask_app - INFO - Exiting function before_request
2023-08-22 16:49:29,774 - flask_app - INFO - Function before_request took 0.0020 seconds
2023-08-22 16:49:29,774 - flask_app - INFO - Entering function query
2023-08-22 16:49:29,774 - flask_app - INFO - Entering function load_user
2023-08-22 16:49:29,776 - flask_app - INFO - Exiting function load_user
2023-08-22 16:49:29,776 - flask_app - INFO - Function load_user took 0.0025 seconds
2023-08-22 16:49:29,807 - flask_app - INFO - Exiting function query
2023-08-22 16:49:29,807 - flask_app - INFO - Function query took 0.0335 seconds
2023-08-22 16:49:29,808 - flask_app - INFO - Entering function after_request
2023-08-22 16:49:29,808 - flask_app - INFO - Exiting function after_request
2023-08-22 16:49:29,808 - flask_app - INFO - Function after_request took 0.0000 seconds
2023-08-22 16:49:33,857 - flask_app - INFO - Entering function redirect_to_https
2023-08-22 16:49:33,858 - flask_app - INFO - Exiting function redirect_to_https
2023-08-22 16:49:33,858 - flask_app - INFO - Function redirect_to_https took 0.0015 seconds
2023-08-22 16:49:33,858 - flask_app - INFO - Entering function before_request
2023-08-22 16:49:33,859 - flask_app - INFO - Exiting function before_request
2023-08-22 16:49:33,859 - flask_app - INFO - Function before_request took 0.0011 seconds
2023-08-22 16:49:33,859 - flask_app - INFO - Entering function query
2023-08-22 16:49:33,859 - flask_app - INFO - Entering function load_user
2023-08-22 16:49:33,860 - flask_app - INFO - Exiting function load_user
2023-08-22 16:49:33,862 - flask_app - INFO - Function load_user took 0.0024 seconds
2023-08-22 16:49:33,878 - flask_app - INFO - Exiting function query
2023-08-22 16:49:33,878 - flask_app - INFO - Function query took 0.0190 seconds
2023-08-22 16:49:33,879 - flask_app - INFO - Entering function after_request
2023-08-22 16:49:33,879 - flask_app - INFO - Exiting function after_request
2023-08-22 16:49:33,879 - flask_app - INFO - Function after_request took 0.0000 seconds
2023-08-22 16:49:34,866 - flask_app - INFO - Entering function redirect_to_https
2023-08-22 16:49:34,866 - flask_app - INFO - Exiting function redirect_to_https
2023-08-22 16:49:34,868 - flask_app - INFO - Function redirect_to_https took 0.0013 seconds
2023-08-22 16:49:34,868 - flask_app - INFO - Entering function before_request
2023-08-22 16:49:34,868 - flask_app - INFO - Exiting function before_request
2023-08-22 16:49:34,868 - flask_app - INFO - Function before_request took 0.0000 seconds
2023-08-22 16:49:34,869 - flask_app - INFO - Entering function query
2023-08-22 16:49:34,869 - flask_app - INFO - Entering function load_user
2023-08-22 16:49:34,870 - flask_app - INFO - Exiting function load_user
2023-08-22 16:49:34,870 - flask_app - INFO - Function load_user took 0.0015 seconds
2023-08-22 16:49:34,885 - flask_app - INFO - Exiting function query
2023-08-22 16:49:34,885 - flask_app - INFO - Function query took 0.0167 seconds
2023-08-22 16:49:34,885 - flask_app - INFO - Entering function after_request
2023-08-22 16:49:34,886 - flask_app - INFO - Exiting function after_request
2023-08-22 16:49:34,886 - flask_app - INFO - Function after_request took 0.0010 seconds
2023-08-22 16:49:38,870 - flask_app - INFO - Entering function redirect_to_https
2023-08-22 16:49:38,871 - flask_app - INFO - Exiting function redirect_to_https
2023-08-22 16:49:38,871 - flask_app - INFO - Function redirect_to_https took 0.0011 seconds
2023-08-22 16:49:38,871 - flask_app - INFO - Entering function before_request
2023-08-22 16:49:38,872 - flask_app - INFO - Exiting function before_request
2023-08-22 16:49:38,872 - flask_app - INFO - Function before_request took 0.0010 seconds
2023-08-22 16:49:38,872 - flask_app - INFO - Entering function query
2023-08-22 16:49:38,872 - flask_app - INFO - Entering function load_user
2023-08-22 16:49:38,874 - flask_app - INFO - Exiting function load_user
2023-08-22 16:49:38,874 - flask_app - INFO - Function load_user took 0.0020 seconds
2023-08-22 16:49:38,890 - flask_app - INFO - Exiting function query
2023-08-22 16:49:38,890 - flask_app - INFO - Function query took 0.0186 seconds
2023-08-22 16:49:38,890 - flask_app - INFO - Entering function after_request
2023-08-22 16:49:38,890 - flask_app - INFO - Exiting function after_request
2023-08-22 16:49:38,891 - flask_app - INFO - Function after_request took 0.0010 seconds
2023-08-22 16:49:39,895 - flask_app - INFO - Entering function redirect_to_https
2023-08-22 16:49:39,896 - flask_app - INFO - Exiting function redirect_to_https
2023-08-22 16:49:39,896 - flask_app - INFO - Function redirect_to_https took 0.0011 seconds
2023-08-22 16:49:39,896 - flask_app - INFO - Entering function before_request
2023-08-22 16:49:39,897 - flask_app - INFO - Exiting function before_request
2023-08-22 16:49:39,897 - flask_app - INFO - Function before_request took 0.0010 seconds
2023-08-22 16:49:39,897 - flask_app - INFO - Entering function query
2023-08-22 16:49:39,897 - flask_app - INFO - Entering function load_user
2023-08-22 16:49:39,899 - flask_app - INFO - Exiting function load_user
2023-08-22 16:49:39,899 - flask_app - INFO - Function load_user took 0.0018 seconds
2023-08-22 16:49:39,916 - flask_app - INFO - Exiting function query
2023-08-22 16:49:39,916 - flask_app - INFO - Function query took 0.0188 seconds
2023-08-22 16:49:39,917 - flask_app - INFO - Entering function after_request
2023-08-22 16:49:39,917 - flask_app - INFO - Exiting function after_request
2023-08-22 16:49:39,917 - flask_app - INFO - Function after_request took 0.0000 seconds
2023-08-22 16:49:43,884 - flask_app - INFO - Entering function redirect_to_https
2023-08-22 16:49:43,885 - flask_app - INFO - Exiting function redirect_to_https
2023-08-22 16:49:43,885 - flask_app - INFO - Function redirect_to_https took 0.0010 seconds
2023-08-22 16:49:43,885 - flask_app - INFO - Entering function before_request
2023-08-22 16:49:43,885 - flask_app - INFO - Exiting function before_request
2023-08-22 16:49:43,885 - flask_app - INFO - Function before_request took 0.0000 seconds
2023-08-22 16:49:43,886 - flask_app - INFO - Entering function query
2023-08-22 16:49:43,886 - flask_app - INFO - Entering function load_user
2023-08-22 16:49:43,887 - flask_app - INFO - Exiting function load_user
2023-08-22 16:49:43,887 - flask_app - INFO - Function load_user took 0.0010 seconds
2023-08-22 16:49:43,902 - flask_app - INFO - Exiting function query
2023-08-22 16:49:43,903 - flask_app - INFO - Function query took 0.0172 seconds
2023-08-22 16:49:43,903 - flask_app - INFO - Entering function after_request
2023-08-22 16:49:43,903 - flask_app - INFO - Exiting function after_request
2023-08-22 16:49:43,903 - flask_app - INFO - Function after_request took 0.0000 seconds
2023-08-22 16:49:44,932 - flask_app - INFO - Entering function redirect_to_https
2023-08-22 16:49:44,932 - flask_app - INFO - Exiting function redirect_to_https
2023-08-22 16:49:44,932 - flask_app - INFO - Function redirect_to_https took 0.0000 seconds
2023-08-22 16:49:44,932 - flask_app - INFO - Entering function before_request
2023-08-22 16:49:44,933 - flask_app - INFO - Exiting function before_request
2023-08-22 16:49:44,933 - flask_app - INFO - Function before_request took 0.0015 seconds
2023-08-22 16:49:44,934 - flask_app - INFO - Entering function query
2023-08-22 16:49:44,934 - flask_app - INFO - Entering function load_user
2023-08-22 16:49:44,936 - flask_app - INFO - Exiting function load_user
2023-08-22 16:49:44,936 - flask_app - INFO - Function load_user took 0.0021 seconds
2023-08-22 16:49:44,953 - flask_app - INFO - Exiting function query
2023-08-22 16:49:44,953 - flask_app - INFO - Function query took 0.0192 seconds
2023-08-22 16:49:44,954 - flask_app - INFO - Entering function after_request
2023-08-22 16:49:44,954 - flask_app - INFO - Exiting function after_request
2023-08-22 16:49:44,954 - flask_app - INFO - Function after_request took 0.0000 seconds
2023-08-22 16:49:48,884 - flask_app - INFO - Entering function redirect_to_https
2023-08-22 16:49:48,885 - flask_app - INFO - Exiting function redirect_to_https
2023-08-22 16:49:48,885 - flask_app - INFO - Function redirect_to_https took 0.0010 seconds
2023-08-22 16:49:48,885 - flask_app - INFO - Entering function before_request
2023-08-22 16:49:48,886 - flask_app - INFO - Exiting function before_request
2023-08-22 16:49:48,886 - flask_app - INFO - Function before_request took 0.0010 seconds
2023-08-22 16:49:48,886 - flask_app - INFO - Entering function query
2023-08-22 16:49:48,886 - flask_app - INFO - Entering function load_user
2023-08-22 16:49:48,888 - flask_app - INFO - Exiting function load_user
2023-08-22 16:49:48,888 - flask_app - INFO - Function load_user took 0.0020 seconds
2023-08-22 16:49:48,903 - flask_app - INFO - Exiting function query
2023-08-22 16:49:48,903 - flask_app - INFO - Function query took 0.0173 seconds
2023-08-22 16:49:48,903 - flask_app - INFO - Entering function after_request
2023-08-22 16:49:48,903 - flask_app - INFO - Exiting function after_request
2023-08-22 16:49:48,904 - flask_app - INFO - Function after_request took 0.0011 seconds
2023-08-22 16:49:49,973 - flask_app - INFO - Entering function redirect_to_https
2023-08-22 16:49:49,973 - flask_app - INFO - Exiting function redirect_to_https
2023-08-22 16:49:49,974 - flask_app - INFO - Function redirect_to_https took 0.0010 seconds
2023-08-22 16:49:49,974 - flask_app - INFO - Entering function before_request
2023-08-22 16:49:49,974 - flask_app - INFO - Exiting function before_request
2023-08-22 16:49:49,975 - flask_app - INFO - Function before_request took 0.0010 seconds
2023-08-22 16:49:49,975 - flask_app - INFO - Entering function query
2023-08-22 16:49:49,975 - flask_app - INFO - Entering function load_user
2023-08-22 16:49:49,977 - flask_app - INFO - Exiting function load_user
2023-08-22 16:49:49,977 - flask_app - INFO - Function load_user took 0.0020 seconds
2023-08-22 16:49:49,998 - flask_app - INFO - Exiting function query
2023-08-22 16:49:49,998 - flask_app - INFO - Function query took 0.0231 seconds
2023-08-22 16:49:49,998 - flask_app - INFO - Entering function after_request
2023-08-22 16:49:49,999 - flask_app - INFO - Exiting function after_request
2023-08-22 16:49:49,999 - flask_app - INFO - Function after_request took 0.0010 seconds
2023-08-22 16:49:54,087 - flask_app - INFO - Entering function redirect_to_https
2023-08-22 16:49:54,087 - flask_app - INFO - Exiting function redirect_to_https
2023-08-22 16:49:54,088 - flask_app - INFO - Function redirect_to_https took 0.0006 seconds
2023-08-22 16:49:54,088 - flask_app - INFO - Entering function before_request
2023-08-22 16:49:54,088 - flask_app - INFO - Exiting function before_request
2023-08-22 16:49:54,088 - flask_app - INFO - Function before_request took 0.0000 seconds
2023-08-22 16:49:54,089 - flask_app - INFO - Entering function query
2023-08-22 16:49:54,089 - flask_app - INFO - Entering function load_user
2023-08-22 16:49:54,091 - flask_app - INFO - Exiting function load_user
2023-08-22 16:49:54,091 - flask_app - INFO - Function load_user took 0.0019 seconds
2023-08-22 16:49:54,107 - flask_app - INFO - Exiting function query
2023-08-22 16:49:54,107 - flask_app - INFO - Function query took 0.0176 seconds
2023-08-22 16:49:54,107 - flask_app - INFO - Entering function after_request
2023-08-22 16:49:54,108 - flask_app - INFO - Exiting function after_request
2023-08-22 16:49:54,108 - flask_app - INFO - Function after_request took 0.0010 seconds
2023-08-22 16:49:55,098 - flask_app - INFO - Entering function redirect_to_https
2023-08-22 16:49:55,099 - flask_app - INFO - Exiting function redirect_to_https
2023-08-22 16:49:55,099 - flask_app - INFO - Function redirect_to_https took 0.0013 seconds
2023-08-22 16:49:55,099 - flask_app - INFO - Entering function before_request
2023-08-22 16:49:55,099 - flask_app - INFO - Exiting function before_request
2023-08-22 16:49:55,100 - flask_app - INFO - Function before_request took 0.0010 seconds
2023-08-22 16:49:55,100 - flask_app - INFO - Entering function query
2023-08-22 16:49:55,100 - flask_app - INFO - Entering function load_user
2023-08-22 16:49:55,102 - flask_app - INFO - Exiting function load_user
2023-08-22 16:49:55,102 - flask_app - INFO - Function load_user took 0.0020 seconds
2023-08-22 16:49:55,120 - flask_app - INFO - Exiting function query
2023-08-22 16:49:55,120 - flask_app - INFO - Function query took 0.0199 seconds
2023-08-22 16:49:55,120 - flask_app - INFO - Entering function after_request
2023-08-22 16:49:55,120 - flask_app - INFO - Exiting function after_request
2023-08-22 16:49:55,121 - flask_app - INFO - Function after_request took 0.0010 seconds
2023-08-22 16:49:59,091 - flask_app - INFO - Entering function redirect_to_https
2023-08-22 16:49:59,091 - flask_app - INFO - Exiting function redirect_to_https
2023-08-22 16:49:59,091 - flask_app - INFO - Function redirect_to_https took 0.0000 seconds
2023-08-22 16:49:59,091 - flask_app - INFO - Entering function before_request
2023-08-22 16:49:59,092 - flask_app - INFO - Exiting function before_request
2023-08-22 16:49:59,092 - flask_app - INFO - Function before_request took 0.0014 seconds
2023-08-22 16:49:59,092 - flask_app - INFO - Entering function query
2023-08-22 16:49:59,092 - flask_app - INFO - Entering function load_user
2023-08-22 16:49:59,093 - flask_app - INFO - Exiting function load_user
2023-08-22 16:49:59,095 - flask_app - INFO - Function load_user took 0.0025 seconds
2023-08-22 16:49:59,108 - flask_app - INFO - Exiting function query
2023-08-22 16:49:59,108 - flask_app - INFO - Function query took 0.0164 seconds
2023-08-22 16:49:59,110 - flask_app - INFO - Entering function after_request
2023-08-22 16:49:59,110 - flask_app - INFO - Exiting function after_request
2023-08-22 16:49:59,110 - flask_app - INFO - Function after_request took 0.0000 seconds
2023-08-22 16:50:00,131 - flask_app - INFO - Entering function redirect_to_https
2023-08-22 16:50:00,131 - flask_app - INFO - Exiting function redirect_to_https
2023-08-22 16:50:00,131 - flask_app - INFO - Function redirect_to_https took 0.0000 seconds
2023-08-22 16:50:00,131 - flask_app - INFO - Entering function before_request
2023-08-22 16:50:00,132 - flask_app - INFO - Exiting function before_request
2023-08-22 16:50:00,132 - flask_app - INFO - Function before_request took 0.0014 seconds
2023-08-22 16:50:00,132 - flask_app - INFO - Entering function query
2023-08-22 16:50:00,132 - flask_app - INFO - Entering function load_user
2023-08-22 16:50:00,134 - flask_app - INFO - Exiting function load_user
2023-08-22 16:50:00,135 - flask_app - INFO - Function load_user took 0.0029 seconds
2023-08-22 16:50:00,152 - flask_app - INFO - Exiting function query
2023-08-22 16:50:00,152 - flask_app - INFO - Function query took 0.0193 seconds
2023-08-22 16:50:00,152 - flask_app - INFO - Entering function after_request
2023-08-22 16:50:00,152 - flask_app - INFO - Exiting function after_request
2023-08-22 16:50:00,153 - flask_app - INFO - Function after_request took 0.0011 seconds
2023-08-22 16:50:04,102 - flask_app - INFO - Entering function redirect_to_https
2023-08-22 16:50:04,102 - flask_app - INFO - Exiting function redirect_to_https
2023-08-22 16:50:04,102 - flask_app - INFO - Function redirect_to_https took 0.0000 seconds
2023-08-22 16:50:04,103 - flask_app - INFO - Entering function before_request
2023-08-22 16:50:04,103 - flask_app - INFO - Exiting function before_request
2023-08-22 16:50:04,103 - flask_app - INFO - Function before_request took 0.0000 seconds
2023-08-22 16:50:04,105 - flask_app - INFO - Entering function query
2023-08-22 16:50:04,105 - flask_app - INFO - Entering function load_user
2023-08-22 16:50:04,107 - flask_app - INFO - Exiting function load_user
2023-08-22 16:50:04,107 - flask_app - INFO - Function load_user took 0.0020 seconds
2023-08-22 16:50:04,121 - flask_app - INFO - Exiting function query
2023-08-22 16:50:04,121 - flask_app - INFO - Function query took 0.0165 seconds
2023-08-22 16:50:04,121 - flask_app - INFO - Entering function after_request
2023-08-22 16:50:04,122 - flask_app - INFO - Exiting function after_request
2023-08-22 16:50:04,122 - flask_app - INFO - Function after_request took 0.0010 seconds
2023-08-22 16:50:05,162 - flask_app - INFO - Entering function redirect_to_https
2023-08-22 16:50:05,163 - flask_app - INFO - Exiting function redirect_to_https
2023-08-22 16:50:05,163 - flask_app - INFO - Function redirect_to_https took 0.0012 seconds
2023-08-22 16:50:05,164 - flask_app - INFO - Entering function before_request
2023-08-22 16:50:05,164 - flask_app - INFO - Exiting function before_request
2023-08-22 16:50:05,164 - flask_app - INFO - Function before_request took 0.0000 seconds
2023-08-22 16:50:05,165 - flask_app - INFO - Entering function query
2023-08-22 16:50:05,165 - flask_app - INFO - Entering function load_user
2023-08-22 16:50:05,167 - flask_app - INFO - Exiting function load_user
2023-08-22 16:50:05,167 - flask_app - INFO - Function load_user took 0.0020 seconds
2023-08-22 16:50:05,184 - flask_app - INFO - Exiting function query
2023-08-22 16:50:05,184 - flask_app - INFO - Function query took 0.0190 seconds
2023-08-22 16:50:05,184 - flask_app - INFO - Entering function after_request
2023-08-22 16:50:05,184 - flask_app - INFO - Exiting function after_request
2023-08-22 16:50:05,185 - flask_app - INFO - Function after_request took 0.0010 seconds
2023-08-22 16:50:09,107 - flask_app - INFO - Entering function redirect_to_https
2023-08-22 16:50:09,107 - flask_app - INFO - Exiting function redirect_to_https
2023-08-22 16:50:09,107 - flask_app - INFO - Function redirect_to_https took 0.0000 seconds
2023-08-22 16:50:09,108 - flask_app - INFO - Entering function before_request
2023-08-22 16:50:09,108 - flask_app - INFO - Exiting function before_request
2023-08-22 16:50:09,109 - flask_app - INFO - Function before_request took 0.0000 seconds
2023-08-22 16:50:09,109 - flask_app - INFO - Entering function query
2023-08-22 16:50:09,109 - flask_app - INFO - Entering function load_user
2023-08-22 16:50:09,111 - flask_app - INFO - Exiting function load_user
2023-08-22 16:50:09,111 - flask_app - INFO - Function load_user took 0.0020 seconds
2023-08-22 16:50:09,132 - flask_app - INFO - Exiting function query
2023-08-22 16:50:09,132 - flask_app - INFO - Function query took 0.0230 seconds
2023-08-22 16:50:09,132 - flask_app - INFO - Entering function after_request
2023-08-22 16:50:09,132 - flask_app - INFO - Exiting function after_request
2023-08-22 16:50:09,133 - flask_app - INFO - Function after_request took 0.0010 seconds
2023-08-22 16:50:10,196 - flask_app - INFO - Entering function redirect_to_https
2023-08-22 16:50:10,196 - flask_app - INFO - Exiting function redirect_to_https
2023-08-22 16:50:10,196 - flask_app - INFO - Function redirect_to_https took 0.0010 seconds
2023-08-22 16:50:10,196 - flask_app - INFO - Entering function before_request
2023-08-22 16:50:10,197 - flask_app - INFO - Exiting function before_request
2023-08-22 16:50:10,197 - flask_app - INFO - Function before_request took 0.0010 seconds
2023-08-22 16:50:10,197 - flask_app - INFO - Entering function query
2023-08-22 16:50:10,198 - flask_app - INFO - Entering function load_user
2023-08-22 16:50:10,199 - flask_app - INFO - Exiting function load_user
2023-08-22 16:50:10,199 - flask_app - INFO - Function load_user took 0.0010 seconds
2023-08-22 16:50:10,216 - flask_app - INFO - Exiting function query
2023-08-22 16:50:10,217 - flask_app - INFO - Function query took 0.0197 seconds
2023-08-22 16:50:10,217 - flask_app - INFO - Entering function after_request
2023-08-22 16:50:10,217 - flask_app - INFO - Exiting function after_request
2023-08-22 16:50:10,217 - flask_app - INFO - Function after_request took 0.0000 seconds
2023-08-22 16:50:14,106 - flask_app - INFO - Entering function redirect_to_https
2023-08-22 16:50:14,108 - flask_app - INFO - Exiting function redirect_to_https
2023-08-22 16:50:14,108 - flask_app - INFO - Function redirect_to_https took 0.0014 seconds
2023-08-22 16:50:14,108 - flask_app - INFO - Entering function before_request
2023-08-22 16:50:14,109 - flask_app - INFO - Exiting function before_request
2023-08-22 16:50:14,109 - flask_app - INFO - Function before_request took 0.0005 seconds
2023-08-22 16:50:14,109 - flask_app - INFO - Entering function query
2023-08-22 16:50:14,109 - flask_app - INFO - Entering function load_user
2023-08-22 16:50:14,111 - flask_app - INFO - Exiting function load_user
2023-08-22 16:50:14,111 - flask_app - INFO - Function load_user took 0.0020 seconds
2023-08-22 16:50:14,127 - flask_app - INFO - Exiting function query
2023-08-22 16:50:14,128 - flask_app - INFO - Function query took 0.0195 seconds
2023-08-22 16:50:14,128 - flask_app - INFO - Entering function after_request
2023-08-22 16:50:14,128 - flask_app - INFO - Exiting function after_request
2023-08-22 16:50:14,128 - flask_app - INFO - Function after_request took 0.0000 seconds
2023-08-22 16:50:15,227 - flask_app - INFO - Entering function redirect_to_https
2023-08-22 16:50:15,227 - flask_app - INFO - Exiting function redirect_to_https
2023-08-22 16:50:15,227 - flask_app - INFO - Function redirect_to_https took 0.0000 seconds
2023-08-22 16:50:15,227 - flask_app - INFO - Entering function before_request
2023-08-22 16:50:15,228 - flask_app - INFO - Exiting function before_request
2023-08-22 16:50:15,228 - flask_app - INFO - Function before_request took 0.0010 seconds
2023-08-22 16:50:15,228 - flask_app - INFO - Entering function query
2023-08-22 16:50:15,229 - flask_app - INFO - Entering function load_user
2023-08-22 16:50:15,230 - flask_app - INFO - Exiting function load_user
2023-08-22 16:50:15,230 - flask_app - INFO - Function load_user took 0.0015 seconds
2023-08-22 16:50:15,248 - flask_app - INFO - Exiting function query
2023-08-22 16:50:15,248 - flask_app - INFO - Function query took 0.0198 seconds
2023-08-22 16:50:15,248 - flask_app - INFO - Entering function after_request
2023-08-22 16:50:15,249 - flask_app - INFO - Exiting function after_request
2023-08-22 16:50:15,249 - flask_app - INFO - Function after_request took 0.0010 seconds
2023-08-22 16:50:20,058 - flask_app - INFO - Entering function redirect_to_https
2023-08-22 16:50:20,059 - flask_app - INFO - Exiting function redirect_to_https
2023-08-22 16:50:20,059 - flask_app - INFO - Function redirect_to_https took 0.0010 seconds
2023-08-22 16:50:20,059 - flask_app - INFO - Entering function before_request
2023-08-22 16:50:20,059 - flask_app - INFO - Exiting function before_request
2023-08-22 16:50:20,060 - flask_app - INFO - Function before_request took 0.0013 seconds
2023-08-22 16:50:20,060 - flask_app - INFO - Entering function query
2023-08-22 16:50:20,060 - flask_app - INFO - Entering function load_user
2023-08-22 16:50:20,061 - flask_app - INFO - Exiting function load_user
2023-08-22 16:50:20,062 - flask_app - INFO - Function load_user took 0.0014 seconds
2023-08-22 16:50:20,080 - flask_app - INFO - Exiting function query
2023-08-22 16:50:20,080 - flask_app - INFO - Function query took 0.0195 seconds
2023-08-22 16:50:20,080 - flask_app - INFO - Entering function after_request
2023-08-22 16:50:20,080 - flask_app - INFO - Exiting function after_request
2023-08-22 16:50:20,081 - flask_app - INFO - Function after_request took 0.0010 seconds
2023-08-22 16:50:21,073 - flask_app - INFO - Entering function redirect_to_https
2023-08-22 16:50:21,073 - flask_app - INFO - Exiting function redirect_to_https
2023-08-22 16:50:21,073 - flask_app - INFO - Function redirect_to_https took 0.0000 seconds
2023-08-22 16:50:21,074 - flask_app - INFO - Entering function before_request
2023-08-22 16:50:21,074 - flask_app - INFO - Exiting function before_request
2023-08-22 16:50:21,075 - flask_app - INFO - Function before_request took 0.0010 seconds
2023-08-22 16:50:21,075 - flask_app - INFO - Entering function query
2023-08-22 16:50:21,075 - flask_app - INFO - Entering function load_user
2023-08-22 16:50:21,082 - flask_app - INFO - Exiting function load_user
2023-08-22 16:50:21,082 - flask_app - INFO - Function load_user took 0.0070 seconds
2023-08-22 16:50:21,098 - flask_app - INFO - Exiting function query
2023-08-22 16:50:21,098 - flask_app - INFO - Function query took 0.0238 seconds
2023-08-22 16:50:21,100 - flask_app - INFO - Entering function after_request
2023-08-22 16:50:21,100 - flask_app - INFO - Exiting function after_request
2023-08-22 16:50:21,100 - flask_app - INFO - Function after_request took 0.0000 seconds
2023-08-22 16:50:25,219 - flask_app - INFO - Entering function redirect_to_https
2023-08-22 16:50:25,221 - flask_app - INFO - Exiting function redirect_to_https
2023-08-22 16:50:25,221 - flask_app - INFO - Function redirect_to_https took 0.0015 seconds
2023-08-22 16:50:25,221 - flask_app - INFO - Entering function before_request
2023-08-22 16:50:25,221 - flask_app - INFO - Exiting function before_request
2023-08-22 16:50:25,221 - flask_app - INFO - Function before_request took 0.0000 seconds
2023-08-22 16:50:25,222 - flask_app - INFO - Entering function query
2023-08-22 16:50:25,222 - flask_app - INFO - Entering function load_user
2023-08-22 16:50:25,223 - flask_app - INFO - Exiting function load_user
2023-08-22 16:50:25,223 - flask_app - INFO - Function load_user took 0.0012 seconds
2023-08-22 16:50:25,239 - flask_app - INFO - Exiting function query
2023-08-22 16:50:25,239 - flask_app - INFO - Function query took 0.0176 seconds
2023-08-22 16:50:25,239 - flask_app - INFO - Entering function after_request
2023-08-22 16:50:25,239 - flask_app - INFO - Exiting function after_request
2023-08-22 16:50:25,239 - flask_app - INFO - Function after_request took 0.0000 seconds
2023-08-22 16:50:26,233 - flask_app - INFO - Entering function redirect_to_https
2023-08-22 16:50:26,233 - flask_app - INFO - Exiting function redirect_to_https
2023-08-22 16:50:26,233 - flask_app - INFO - Function redirect_to_https took 0.0000 seconds
2023-08-22 16:50:26,234 - flask_app - INFO - Entering function before_request
2023-08-22 16:50:26,234 - flask_app - INFO - Exiting function before_request
2023-08-22 16:50:26,234 - flask_app - INFO - Function before_request took 0.0000 seconds
2023-08-22 16:50:26,235 - flask_app - INFO - Entering function query
2023-08-22 16:50:26,235 - flask_app - INFO - Entering function load_user
2023-08-22 16:50:26,236 - flask_app - INFO - Exiting function load_user
2023-08-22 16:50:26,237 - flask_app - INFO - Function load_user took 0.0021 seconds
2023-08-22 16:50:26,253 - flask_app - INFO - Exiting function query
2023-08-22 16:50:26,253 - flask_app - INFO - Function query took 0.0180 seconds
2023-08-22 16:50:26,255 - flask_app - INFO - Entering function after_request
2023-08-22 16:50:26,255 - flask_app - INFO - Exiting function after_request
2023-08-22 16:50:26,255 - flask_app - INFO - Function after_request took 0.0000 seconds
2023-08-22 16:50:30,234 - flask_app - INFO - Entering function redirect_to_https
2023-08-22 16:50:30,234 - flask_app - INFO - Exiting function redirect_to_https
2023-08-22 16:50:30,235 - flask_app - INFO - Function redirect_to_https took 0.0010 seconds
2023-08-22 16:50:30,235 - flask_app - INFO - Entering function before_request
2023-08-22 16:50:30,235 - flask_app - INFO - Exiting function before_request
2023-08-22 16:50:30,236 - flask_app - INFO - Function before_request took 0.0010 seconds
2023-08-22 16:50:30,236 - flask_app - INFO - Entering function query
2023-08-22 16:50:30,237 - flask_app - INFO - Entering function load_user
2023-08-22 16:50:30,238 - flask_app - INFO - Exiting function load_user
2023-08-22 16:50:30,239 - flask_app - INFO - Function load_user took 0.0020 seconds
2023-08-22 16:50:30,257 - flask_app - INFO - Exiting function query
2023-08-22 16:50:30,257 - flask_app - INFO - Function query took 0.0208 seconds
2023-08-22 16:50:30,257 - flask_app - INFO - Entering function after_request
2023-08-22 16:50:30,258 - flask_app - INFO - Exiting function after_request
2023-08-22 16:50:30,258 - flask_app - INFO - Function after_request took 0.0010 seconds
2023-08-22 16:50:31,276 - flask_app - INFO - Entering function redirect_to_https
2023-08-22 16:50:31,277 - flask_app - INFO - Exiting function redirect_to_https
2023-08-22 16:50:31,277 - flask_app - INFO - Function redirect_to_https took 0.0010 seconds
2023-08-22 16:50:31,277 - flask_app - INFO - Entering function before_request
2023-08-22 16:50:31,277 - flask_app - INFO - Exiting function before_request
2023-08-22 16:50:31,279 - flask_app - INFO - Function before_request took 0.0013 seconds
2023-08-22 16:50:31,279 - flask_app - INFO - Entering function query
2023-08-22 16:50:31,279 - flask_app - INFO - Entering function load_user
2023-08-22 16:50:31,280 - flask_app - INFO - Exiting function load_user
2023-08-22 16:50:31,280 - flask_app - INFO - Function load_user took 0.0015 seconds
2023-08-22 16:50:31,297 - flask_app - INFO - Exiting function query
2023-08-22 16:50:31,297 - flask_app - INFO - Function query took 0.0184 seconds
2023-08-22 16:50:31,298 - flask_app - INFO - Entering function after_request
2023-08-22 16:50:31,298 - flask_app - INFO - Exiting function after_request
2023-08-22 16:50:31,298 - flask_app - INFO - Function after_request took 0.0000 seconds
2023-08-22 16:50:35,246 - flask_app - INFO - Entering function redirect_to_https
2023-08-22 16:50:35,247 - flask_app - INFO - Exiting function redirect_to_https
2023-08-22 16:50:35,247 - flask_app - INFO - Function redirect_to_https took 0.0010 seconds
2023-08-22 16:50:35,247 - flask_app - INFO - Entering function before_request
2023-08-22 16:50:35,248 - flask_app - INFO - Exiting function before_request
2023-08-22 16:50:35,248 - flask_app - INFO - Function before_request took 0.0010 seconds
2023-08-22 16:50:35,248 - flask_app - INFO - Entering function query
2023-08-22 16:50:35,248 - flask_app - INFO - Entering function load_user
2023-08-22 16:50:35,250 - flask_app - INFO - Exiting function load_user
2023-08-22 16:50:35,250 - flask_app - INFO - Function load_user took 0.0020 seconds
2023-08-22 16:50:35,267 - flask_app - INFO - Exiting function query
2023-08-22 16:50:35,267 - flask_app - INFO - Function query took 0.0185 seconds
2023-08-22 16:50:35,268 - flask_app - INFO - Entering function after_request
2023-08-22 16:50:35,268 - flask_app - INFO - Exiting function after_request
2023-08-22 16:50:35,268 - flask_app - INFO - Function after_request took 0.0000 seconds
2023-08-22 16:50:36,308 - flask_app - INFO - Entering function redirect_to_https
2023-08-22 16:50:36,308 - flask_app - INFO - Exiting function redirect_to_https
2023-08-22 16:50:36,308 - flask_app - INFO - Function redirect_to_https took 0.0000 seconds
2023-08-22 16:50:36,308 - flask_app - INFO - Entering function before_request
2023-08-22 16:50:36,309 - flask_app - INFO - Exiting function before_request
2023-08-22 16:50:36,309 - flask_app - INFO - Function before_request took 0.0014 seconds
2023-08-22 16:50:36,309 - flask_app - INFO - Entering function query
2023-08-22 16:50:36,309 - flask_app - INFO - Entering function load_user
2023-08-22 16:50:36,311 - flask_app - INFO - Exiting function load_user
2023-08-22 16:50:36,311 - flask_app - INFO - Function load_user took 0.0023 seconds
2023-08-22 16:50:36,330 - flask_app - INFO - Exiting function query
2023-08-22 16:50:36,330 - flask_app - INFO - Function query took 0.0209 seconds
2023-08-22 16:50:36,331 - flask_app - INFO - Entering function after_request
2023-08-22 16:50:36,331 - flask_app - INFO - Exiting function after_request
2023-08-22 16:50:36,331 - flask_app - INFO - Function after_request took 0.0000 seconds
2023-08-22 16:50:40,253 - flask_app - INFO - Entering function redirect_to_https
2023-08-22 16:50:40,253 - flask_app - INFO - Exiting function redirect_to_https
2023-08-22 16:50:40,253 - flask_app - INFO - Function redirect_to_https took 0.0015 seconds
2023-08-22 16:50:40,253 - flask_app - INFO - Entering function before_request
2023-08-22 16:50:40,254 - flask_app - INFO - Exiting function before_request
2023-08-22 16:50:40,254 - flask_app - INFO - Function before_request took 0.0012 seconds
2023-08-22 16:50:40,254 - flask_app - INFO - Entering function query
2023-08-22 16:50:40,254 - flask_app - INFO - Entering function load_user
2023-08-22 16:50:40,256 - flask_app - INFO - Exiting function load_user
2023-08-22 16:50:40,257 - flask_app - INFO - Function load_user took 0.0028 seconds
2023-08-22 16:50:40,274 - flask_app - INFO - Exiting function query
2023-08-22 16:50:40,275 - flask_app - INFO - Function query took 0.0208 seconds
2023-08-22 16:50:40,275 - flask_app - INFO - Entering function after_request
2023-08-22 16:50:40,275 - flask_app - INFO - Exiting function after_request
2023-08-22 16:50:40,275 - flask_app - INFO - Function after_request took 0.0000 seconds
2023-08-22 16:50:41,348 - flask_app - INFO - Entering function redirect_to_https
2023-08-22 16:50:41,349 - flask_app - INFO - Exiting function redirect_to_https
2023-08-22 16:50:41,349 - flask_app - INFO - Function redirect_to_https took 0.0005 seconds
2023-08-22 16:50:41,349 - flask_app - INFO - Entering function before_request
2023-08-22 16:50:41,350 - flask_app - INFO - Exiting function before_request
2023-08-22 16:50:41,350 - flask_app - INFO - Function before_request took 0.0012 seconds
2023-08-22 16:50:41,350 - flask_app - INFO - Entering function query
2023-08-22 16:50:41,350 - flask_app - INFO - Entering function load_user
2023-08-22 16:50:41,352 - flask_app - INFO - Exiting function load_user
2023-08-22 16:50:41,352 - flask_app - INFO - Function load_user took 0.0020 seconds
2023-08-22 16:50:41,370 - flask_app - INFO - Exiting function query
2023-08-22 16:50:41,370 - flask_app - INFO - Function query took 0.0202 seconds
2023-08-22 16:50:41,370 - flask_app - INFO - Entering function after_request
2023-08-22 16:50:41,370 - flask_app - INFO - Exiting function after_request
2023-08-22 16:50:41,370 - flask_app - INFO - Function after_request took 0.0000 seconds
2023-08-22 16:50:45,259 - flask_app - INFO - Entering function redirect_to_https
2023-08-22 16:50:45,260 - flask_app - INFO - Exiting function redirect_to_https
2023-08-22 16:50:45,260 - flask_app - INFO - Function redirect_to_https took 0.0010 seconds
2023-08-22 16:50:45,260 - flask_app - INFO - Entering function before_request
2023-08-22 16:50:45,261 - flask_app - INFO - Exiting function before_request
2023-08-22 16:50:45,261 - flask_app - INFO - Function before_request took 0.0010 seconds
2023-08-22 16:50:45,261 - flask_app - INFO - Entering function query
2023-08-22 16:50:45,261 - flask_app - INFO - Entering function load_user
2023-08-22 16:50:45,262 - flask_app - INFO - Exiting function load_user
2023-08-22 16:50:45,263 - flask_app - INFO - Function load_user took 0.0026 seconds
2023-08-22 16:50:45,280 - flask_app - INFO - Exiting function query
2023-08-22 16:50:45,280 - flask_app - INFO - Function query took 0.0195 seconds
2023-08-22 16:50:45,281 - flask_app - INFO - Entering function after_request
2023-08-22 16:50:45,281 - flask_app - INFO - Exiting function after_request
2023-08-22 16:50:45,281 - flask_app - INFO - Function after_request took 0.0000 seconds
2023-08-22 16:50:46,392 - flask_app - INFO - Entering function redirect_to_https
2023-08-22 16:50:46,394 - flask_app - INFO - Exiting function redirect_to_https
2023-08-22 16:50:46,394 - flask_app - INFO - Function redirect_to_https took 0.0012 seconds
2023-08-22 16:50:46,394 - flask_app - INFO - Entering function before_request
2023-08-22 16:50:46,395 - flask_app - INFO - Exiting function before_request
2023-08-22 16:50:46,395 - flask_app - INFO - Function before_request took 0.0011 seconds
2023-08-22 16:50:46,395 - flask_app - INFO - Entering function query
2023-08-22 16:50:46,395 - flask_app - INFO - Entering function load_user
2023-08-22 16:50:46,396 - flask_app - INFO - Exiting function load_user
2023-08-22 16:50:46,397 - flask_app - INFO - Function load_user took 0.0025 seconds
2023-08-22 16:50:46,414 - flask_app - INFO - Exiting function query
2023-08-22 16:50:46,414 - flask_app - INFO - Function query took 0.0196 seconds
2023-08-22 16:50:46,415 - flask_app - INFO - Entering function after_request
2023-08-22 16:50:46,415 - flask_app - INFO - Exiting function after_request
2023-08-22 16:50:46,415 - flask_app - INFO - Function after_request took 0.0000 seconds
2023-08-22 16:50:50,270 - flask_app - INFO - Entering function redirect_to_https
2023-08-22 16:50:50,270 - flask_app - INFO - Exiting function redirect_to_https
2023-08-22 16:50:50,270 - flask_app - INFO - Function redirect_to_https took 0.0000 seconds
2023-08-22 16:50:50,270 - flask_app - INFO - Entering function before_request
2023-08-22 16:50:50,271 - flask_app - INFO - Exiting function before_request
2023-08-22 16:50:50,271 - flask_app - INFO - Function before_request took 0.0010 seconds
2023-08-22 16:50:50,272 - flask_app - INFO - Entering function query
2023-08-22 16:50:50,272 - flask_app - INFO - Entering function load_user
2023-08-22 16:50:50,274 - flask_app - INFO - Exiting function load_user
2023-08-22 16:50:50,274 - flask_app - INFO - Function load_user took 0.0020 seconds
2023-08-22 16:50:50,291 - flask_app - INFO - Exiting function query
2023-08-22 16:50:50,291 - flask_app - INFO - Function query took 0.0188 seconds
2023-08-22 16:50:50,291 - flask_app - INFO - Entering function after_request
2023-08-22 16:50:50,292 - flask_app - INFO - Exiting function after_request
2023-08-22 16:50:50,292 - flask_app - INFO - Function after_request took 0.0010 seconds
2023-08-22 16:50:51,434 - flask_app - INFO - Entering function redirect_to_https
2023-08-22 16:50:51,434 - flask_app - INFO - Exiting function redirect_to_https
2023-08-22 16:50:51,435 - flask_app - INFO - Function redirect_to_https took 0.0010 seconds
2023-08-22 16:50:51,435 - flask_app - INFO - Entering function before_request
2023-08-22 16:50:51,435 - flask_app - INFO - Exiting function before_request
2023-08-22 16:50:51,435 - flask_app - INFO - Function before_request took 0.0000 seconds
2023-08-22 16:50:51,435 - flask_app - INFO - Entering function query
2023-08-22 16:50:51,437 - flask_app - INFO - Entering function load_user
2023-08-22 16:50:51,438 - flask_app - INFO - Exiting function load_user
2023-08-22 16:50:51,438 - flask_app - INFO - Function load_user took 0.0010 seconds
2023-08-22 16:50:51,455 - flask_app - INFO - Exiting function query
2023-08-22 16:50:51,456 - flask_app - INFO - Function query took 0.0207 seconds
2023-08-22 16:50:51,456 - flask_app - INFO - Entering function after_request
2023-08-22 16:50:51,456 - flask_app - INFO - Exiting function after_request
2023-08-22 16:50:51,456 - flask_app - INFO - Function after_request took 0.0000 seconds
2023-08-22 16:50:55,272 - flask_app - INFO - Entering function redirect_to_https
2023-08-22 16:50:55,274 - flask_app - INFO - Exiting function redirect_to_https
2023-08-22 16:50:55,274 - flask_app - INFO - Function redirect_to_https took 0.0012 seconds
2023-08-22 16:50:55,274 - flask_app - INFO - Entering function before_request
2023-08-22 16:50:55,274 - flask_app - INFO - Exiting function before_request
2023-08-22 16:50:55,275 - flask_app - INFO - Function before_request took 0.0012 seconds
2023-08-22 16:50:55,275 - flask_app - INFO - Entering function query
2023-08-22 16:50:55,275 - flask_app - INFO - Entering function load_user
2023-08-22 16:50:55,276 - flask_app - INFO - Exiting function load_user
2023-08-22 16:50:55,276 - flask_app - INFO - Function load_user took 0.0016 seconds
2023-08-22 16:50:55,294 - flask_app - INFO - Exiting function query
2023-08-22 16:50:55,295 - flask_app - INFO - Function query took 0.0200 seconds
2023-08-22 16:50:55,295 - flask_app - INFO - Entering function after_request
2023-08-22 16:50:55,295 - flask_app - INFO - Exiting function after_request
2023-08-22 16:50:55,295 - flask_app - INFO - Function after_request took 0.0000 seconds
2023-08-22 16:50:56,466 - flask_app - INFO - Entering function redirect_to_https
2023-08-22 16:50:56,466 - flask_app - INFO - Exiting function redirect_to_https
2023-08-22 16:50:56,468 - flask_app - INFO - Function redirect_to_https took 0.0013 seconds
2023-08-22 16:50:56,468 - flask_app - INFO - Entering function before_request
2023-08-22 16:50:56,468 - flask_app - INFO - Exiting function before_request
2023-08-22 16:50:56,469 - flask_app - INFO - Function before_request took 0.0010 seconds
2023-08-22 16:50:56,469 - flask_app - INFO - Entering function query
2023-08-22 16:50:56,469 - flask_app - INFO - Entering function load_user
2023-08-22 16:50:56,471 - flask_app - INFO - Exiting function load_user
2023-08-22 16:50:56,471 - flask_app - INFO - Function load_user took 0.0020 seconds
2023-08-22 16:50:56,486 - flask_app - INFO - Exiting function query
2023-08-22 16:50:56,486 - flask_app - INFO - Function query took 0.0176 seconds
2023-08-22 16:50:56,487 - flask_app - INFO - Entering function after_request
2023-08-22 16:50:56,487 - flask_app - INFO - Exiting function after_request
2023-08-22 16:50:56,487 - flask_app - INFO - Function after_request took 0.0000 seconds
2023-08-22 16:51:00,320 - flask_app - INFO - Entering function redirect_to_https
2023-08-22 16:51:00,320 - flask_app - INFO - Exiting function redirect_to_https
2023-08-22 16:51:00,320 - flask_app - INFO - Function redirect_to_https took 0.0000 seconds
2023-08-22 16:51:00,320 - flask_app - INFO - Entering function before_request
2023-08-22 16:51:00,321 - flask_app - INFO - Exiting function before_request
2023-08-22 16:51:00,321 - flask_app - INFO - Function before_request took 0.0010 seconds
2023-08-22 16:51:00,321 - flask_app - INFO - Entering function query
2023-08-22 16:51:00,322 - flask_app - INFO - Entering function load_user
2023-08-22 16:51:00,323 - flask_app - INFO - Exiting function load_user
2023-08-22 16:51:00,323 - flask_app - INFO - Function load_user took 0.0010 seconds
2023-08-22 16:51:00,338 - flask_app - INFO - Exiting function query
2023-08-22 16:51:00,338 - flask_app - INFO - Function query took 0.0168 seconds
2023-08-22 16:51:00,339 - flask_app - INFO - Entering function after_request
2023-08-22 16:51:00,339 - flask_app - INFO - Exiting function after_request
2023-08-22 16:51:00,339 - flask_app - INFO - Function after_request took 0.0000 seconds
2023-08-22 16:51:01,503 - flask_app - INFO - Entering function redirect_to_https
2023-08-22 16:51:01,504 - flask_app - INFO - Exiting function redirect_to_https
2023-08-22 16:51:01,504 - flask_app - INFO - Function redirect_to_https took 0.0010 seconds
2023-08-22 16:51:01,504 - flask_app - INFO - Entering function before_request
2023-08-22 16:51:01,505 - flask_app - INFO - Exiting function before_request
2023-08-22 16:51:01,505 - flask_app - INFO - Function before_request took 0.0011 seconds
2023-08-22 16:51:01,505 - flask_app - INFO - Entering function query
2023-08-22 16:51:01,505 - flask_app - INFO - Entering function load_user
2023-08-22 16:51:01,506 - flask_app - INFO - Exiting function load_user
2023-08-22 16:51:01,507 - flask_app - INFO - Function load_user took 0.0020 seconds
2023-08-22 16:51:01,523 - flask_app - INFO - Exiting function query
2023-08-22 16:51:01,523 - flask_app - INFO - Function query took 0.0180 seconds
2023-08-22 16:51:01,523 - flask_app - INFO - Entering function after_request
2023-08-22 16:51:01,523 - flask_app - INFO - Exiting function after_request
2023-08-22 16:51:01,524 - flask_app - INFO - Function after_request took 0.0000 seconds
2023-08-22 16:51:05,333 - flask_app - INFO - Entering function redirect_to_https
2023-08-22 16:51:05,334 - flask_app - INFO - Exiting function redirect_to_https
2023-08-22 16:51:05,334 - flask_app - INFO - Function redirect_to_https took 0.0011 seconds
2023-08-22 16:51:05,334 - flask_app - INFO - Entering function before_request
2023-08-22 16:51:05,335 - flask_app - INFO - Exiting function before_request
2023-08-22 16:51:05,340 - flask_app - INFO - Function before_request took 0.0055 seconds
2023-08-22 16:51:05,340 - flask_app - INFO - Entering function query
2023-08-22 16:51:05,340 - flask_app - INFO - Entering function load_user
2023-08-22 16:51:05,341 - flask_app - INFO - Exiting function load_user
2023-08-22 16:51:05,343 - flask_app - INFO - Function load_user took 0.0030 seconds
2023-08-22 16:51:05,357 - flask_app - INFO - Exiting function query
2023-08-22 16:51:05,357 - flask_app - INFO - Function query took 0.0176 seconds
2023-08-22 16:51:05,358 - flask_app - INFO - Entering function after_request
2023-08-22 16:51:05,358 - flask_app - INFO - Exiting function after_request
2023-08-22 16:51:05,358 - flask_app - INFO - Function after_request took 0.0000 seconds
2023-08-22 16:51:06,532 - flask_app - INFO - Entering function redirect_to_https
2023-08-22 16:51:06,534 - flask_app - INFO - Exiting function redirect_to_https
2023-08-22 16:51:06,534 - flask_app - INFO - Function redirect_to_https took 0.0010 seconds
2023-08-22 16:51:06,534 - flask_app - INFO - Entering function before_request
2023-08-22 16:51:06,534 - flask_app - INFO - Exiting function before_request
2023-08-22 16:51:06,535 - flask_app - INFO - Function before_request took 0.0010 seconds
2023-08-22 16:51:06,535 - flask_app - INFO - Entering function query
2023-08-22 16:51:06,535 - flask_app - INFO - Entering function load_user
2023-08-22 16:51:06,537 - flask_app - INFO - Exiting function load_user
2023-08-22 16:51:06,537 - flask_app - INFO - Function load_user took 0.0016 seconds
2023-08-22 16:51:06,553 - flask_app - INFO - Exiting function query
2023-08-22 16:51:06,553 - flask_app - INFO - Function query took 0.0182 seconds
2023-08-22 16:51:06,553 - flask_app - INFO - Entering function after_request
2023-08-22 16:51:06,553 - flask_app - INFO - Exiting function after_request
2023-08-22 16:51:06,554 - flask_app - INFO - Function after_request took 0.0000 seconds
2023-08-22 16:51:10,339 - flask_app - INFO - Entering function redirect_to_https
2023-08-22 16:51:10,340 - flask_app - INFO - Exiting function redirect_to_https
2023-08-22 16:51:10,340 - flask_app - INFO - Function redirect_to_https took 0.0010 seconds
2023-08-22 16:51:10,340 - flask_app - INFO - Entering function before_request
2023-08-22 16:51:10,341 - flask_app - INFO - Exiting function before_request
2023-08-22 16:51:10,341 - flask_app - INFO - Function before_request took 0.0010 seconds
2023-08-22 16:51:10,341 - flask_app - INFO - Entering function query
2023-08-22 16:51:10,341 - flask_app - INFO - Entering function load_user
2023-08-22 16:51:10,344 - flask_app - INFO - Exiting function load_user
2023-08-22 16:51:10,344 - flask_app - INFO - Function load_user took 0.0025 seconds
2023-08-22 16:51:10,362 - flask_app - INFO - Exiting function query
2023-08-22 16:51:10,362 - flask_app - INFO - Function query took 0.0211 seconds
2023-08-22 16:51:10,362 - flask_app - INFO - Entering function after_request
2023-08-22 16:51:10,362 - flask_app - INFO - Exiting function after_request
2023-08-22 16:51:10,362 - flask_app - INFO - Function after_request took 0.0000 seconds
2023-08-22 16:51:11,567 - flask_app - INFO - Entering function redirect_to_https
2023-08-22 16:51:11,568 - flask_app - INFO - Exiting function redirect_to_https
2023-08-22 16:51:11,568 - flask_app - INFO - Function redirect_to_https took 0.0010 seconds
2023-08-22 16:51:11,568 - flask_app - INFO - Entering function before_request
2023-08-22 16:51:11,569 - flask_app - INFO - Exiting function before_request
2023-08-22 16:51:11,569 - flask_app - INFO - Function before_request took 0.0011 seconds
2023-08-22 16:51:11,569 - flask_app - INFO - Entering function query
2023-08-22 16:51:11,569 - flask_app - INFO - Entering function load_user
2023-08-22 16:51:11,571 - flask_app - INFO - Exiting function load_user
2023-08-22 16:51:11,571 - flask_app - INFO - Function load_user took 0.0019 seconds
2023-08-22 16:51:11,588 - flask_app - INFO - Exiting function query
2023-08-22 16:51:11,588 - flask_app - INFO - Function query took 0.0189 seconds
2023-08-22 16:51:11,588 - flask_app - INFO - Entering function after_request
2023-08-22 16:51:11,589 - flask_app - INFO - Exiting function after_request
2023-08-22 16:51:11,589 - flask_app - INFO - Function after_request took 0.0012 seconds
2023-08-22 16:51:15,342 - flask_app - INFO - Entering function redirect_to_https
2023-08-22 16:51:15,343 - flask_app - INFO - Exiting function redirect_to_https
2023-08-22 16:51:15,343 - flask_app - INFO - Function redirect_to_https took 0.0014 seconds
2023-08-22 16:51:15,343 - flask_app - INFO - Entering function before_request
2023-08-22 16:51:15,344 - flask_app - INFO - Exiting function before_request
2023-08-22 16:51:15,344 - flask_app - INFO - Function before_request took 0.0011 seconds
2023-08-22 16:51:15,344 - flask_app - INFO - Entering function query
2023-08-22 16:51:15,344 - flask_app - INFO - Entering function load_user
2023-08-22 16:51:15,346 - flask_app - INFO - Exiting function load_user
2023-08-22 16:51:15,346 - flask_app - INFO - Function load_user took 0.0016 seconds
2023-08-22 16:51:15,365 - flask_app - INFO - Exiting function query
2023-08-22 16:51:15,365 - flask_app - INFO - Function query took 0.0204 seconds
2023-08-22 16:51:15,365 - flask_app - INFO - Entering function after_request
2023-08-22 16:51:15,366 - flask_app - INFO - Exiting function after_request
2023-08-22 16:51:15,366 - flask_app - INFO - Function after_request took 0.0010 seconds
2023-08-22 16:51:16,603 - flask_app - INFO - Entering function redirect_to_https
2023-08-22 16:51:16,603 - flask_app - INFO - Exiting function redirect_to_https
2023-08-22 16:51:16,603 - flask_app - INFO - Function redirect_to_https took 0.0000 seconds
2023-08-22 16:51:16,604 - flask_app - INFO - Entering function before_request
2023-08-22 16:51:16,604 - flask_app - INFO - Exiting function before_request
2023-08-22 16:51:16,604 - flask_app - INFO - Function before_request took 0.0000 seconds
2023-08-22 16:51:16,605 - flask_app - INFO - Entering function query
2023-08-22 16:51:16,605 - flask_app - INFO - Entering function load_user
2023-08-22 16:51:16,606 - flask_app - INFO - Exiting function load_user
2023-08-22 16:51:16,606 - flask_app - INFO - Function load_user took 0.0015 seconds
2023-08-22 16:51:16,623 - flask_app - INFO - Exiting function query
2023-08-22 16:51:16,624 - flask_app - INFO - Function query took 0.0191 seconds
2023-08-22 16:51:16,624 - flask_app - INFO - Entering function after_request
2023-08-22 16:51:16,624 - flask_app - INFO - Exiting function after_request
2023-08-22 16:51:16,624 - flask_app - INFO - Function after_request took 0.0000 seconds
2023-08-22 16:51:20,353 - flask_app - INFO - Entering function redirect_to_https
2023-08-22 16:51:20,353 - flask_app - INFO - Exiting function redirect_to_https
2023-08-22 16:51:20,354 - flask_app - INFO - Function redirect_to_https took 0.0014 seconds
2023-08-22 16:51:20,354 - flask_app - INFO - Entering function before_request
2023-08-22 16:51:20,355 - flask_app - INFO - Exiting function before_request
2023-08-22 16:51:20,355 - flask_app - INFO - Function before_request took 0.0005 seconds
2023-08-22 16:51:20,355 - flask_app - INFO - Entering function query
2023-08-22 16:51:20,355 - flask_app - INFO - Entering function load_user
2023-08-22 16:51:20,357 - flask_app - INFO - Exiting function load_user
2023-08-22 16:51:20,357 - flask_app - INFO - Function load_user took 0.0020 seconds
2023-08-22 16:51:20,373 - flask_app - INFO - Exiting function query
2023-08-22 16:51:20,373 - flask_app - INFO - Function query took 0.0187 seconds
2023-08-22 16:51:20,374 - flask_app - INFO - Entering function after_request
2023-08-22 16:51:20,374 - flask_app - INFO - Exiting function after_request
2023-08-22 16:51:20,374 - flask_app - INFO - Function after_request took 0.0010 seconds
2023-08-22 16:51:21,633 - flask_app - INFO - Entering function redirect_to_https
2023-08-22 16:51:21,634 - flask_app - INFO - Exiting function redirect_to_https
2023-08-22 16:51:21,634 - flask_app - INFO - Function redirect_to_https took 0.0010 seconds
2023-08-22 16:51:21,634 - flask_app - INFO - Entering function before_request
2023-08-22 16:51:21,635 - flask_app - INFO - Exiting function before_request
2023-08-22 16:51:21,635 - flask_app - INFO - Function before_request took 0.0010 seconds
2023-08-22 16:51:21,635 - flask_app - INFO - Entering function query
2023-08-22 16:51:21,635 - flask_app - INFO - Entering function load_user
2023-08-22 16:51:21,637 - flask_app - INFO - Exiting function load_user
2023-08-22 16:51:21,637 - flask_app - INFO - Function load_user took 0.0020 seconds
2023-08-22 16:51:21,658 - flask_app - INFO - Exiting function query
2023-08-22 16:51:21,658 - flask_app - INFO - Function query took 0.0229 seconds
2023-08-22 16:51:21,658 - flask_app - INFO - Entering function after_request
2023-08-22 16:51:21,658 - flask_app - INFO - Exiting function after_request
2023-08-22 16:51:21,658 - flask_app - INFO - Function after_request took 0.0000 seconds
2023-08-22 16:51:25,356 - flask_app - INFO - Entering function redirect_to_https
2023-08-22 16:51:25,357 - flask_app - INFO - Exiting function redirect_to_https
2023-08-22 16:51:25,357 - flask_app - INFO - Function redirect_to_https took 0.0010 seconds
2023-08-22 16:51:25,357 - flask_app - INFO - Entering function before_request
2023-08-22 16:51:25,358 - flask_app - INFO - Exiting function before_request
2023-08-22 16:51:25,358 - flask_app - INFO - Function before_request took 0.0011 seconds
2023-08-22 16:51:25,358 - flask_app - INFO - Entering function query
2023-08-22 16:51:25,359 - flask_app - INFO - Entering function load_user
2023-08-22 16:51:25,370 - flask_app - INFO - Exiting function load_user
2023-08-22 16:51:25,371 - flask_app - INFO - Function load_user took 0.0125 seconds
2023-08-22 16:51:25,386 - flask_app - INFO - Exiting function query
2023-08-22 16:51:25,386 - flask_app - INFO - Function query took 0.0281 seconds
2023-08-22 16:51:25,386 - flask_app - INFO - Entering function after_request
2023-08-22 16:51:25,386 - flask_app - INFO - Exiting function after_request
2023-08-22 16:51:25,387 - flask_app - INFO - Function after_request took 0.0010 seconds
2023-08-22 16:51:26,677 - flask_app - INFO - Entering function redirect_to_https
2023-08-22 16:51:26,677 - flask_app - INFO - Exiting function redirect_to_https
2023-08-22 16:51:26,677 - flask_app - INFO - Function redirect_to_https took 0.0000 seconds
2023-08-22 16:51:26,677 - flask_app - INFO - Entering function before_request
2023-08-22 16:51:26,678 - flask_app - INFO - Exiting function before_request
2023-08-22 16:51:26,678 - flask_app - INFO - Function before_request took 0.0013 seconds
2023-08-22 16:51:26,678 - flask_app - INFO - Entering function query
2023-08-22 16:51:26,678 - flask_app - INFO - Entering function load_user
2023-08-22 16:51:26,680 - flask_app - INFO - Exiting function load_user
2023-08-22 16:51:26,680 - flask_app - INFO - Function load_user took 0.0020 seconds
2023-08-22 16:51:26,698 - flask_app - INFO - Exiting function query
2023-08-22 16:51:26,698 - flask_app - INFO - Function query took 0.0198 seconds
2023-08-22 16:51:26,698 - flask_app - INFO - Entering function after_request
2023-08-22 16:51:26,698 - flask_app - INFO - Exiting function after_request
2023-08-22 16:51:26,698 - flask_app - INFO - Function after_request took 0.0000 seconds
2023-08-22 16:51:30,360 - flask_app - INFO - Entering function redirect_to_https
2023-08-22 16:51:30,360 - flask_app - INFO - Exiting function redirect_to_https
2023-08-22 16:51:30,360 - flask_app - INFO - Function redirect_to_https took 0.0000 seconds
2023-08-22 16:51:30,360 - flask_app - INFO - Entering function before_request
2023-08-22 16:51:30,361 - flask_app - INFO - Exiting function before_request
2023-08-22 16:51:30,361 - flask_app - INFO - Function before_request took 0.0011 seconds
2023-08-22 16:51:30,361 - flask_app - INFO - Entering function query
2023-08-22 16:51:30,361 - flask_app - INFO - Entering function load_user
2023-08-22 16:51:30,364 - flask_app - INFO - Exiting function load_user
2023-08-22 16:51:30,364 - flask_app - INFO - Function load_user took 0.0024 seconds
2023-08-22 16:51:30,384 - flask_app - INFO - Exiting function query
2023-08-22 16:51:30,385 - flask_app - INFO - Function query took 0.0241 seconds
2023-08-22 16:51:30,385 - flask_app - INFO - Entering function after_request
2023-08-22 16:51:30,385 - flask_app - INFO - Exiting function after_request
2023-08-22 16:51:30,386 - flask_app - INFO - Function after_request took 0.0010 seconds
2023-08-22 16:51:31,714 - flask_app - INFO - Entering function redirect_to_https
2023-08-22 16:51:31,714 - flask_app - INFO - Exiting function redirect_to_https
2023-08-22 16:51:31,714 - flask_app - INFO - Function redirect_to_https took 0.0000 seconds
2023-08-22 16:51:31,714 - flask_app - INFO - Entering function before_request
2023-08-22 16:51:31,715 - flask_app - INFO - Exiting function before_request
2023-08-22 16:51:31,715 - flask_app - INFO - Function before_request took 0.0010 seconds
2023-08-22 16:51:31,715 - flask_app - INFO - Entering function query
2023-08-22 16:51:31,716 - flask_app - INFO - Entering function load_user
2023-08-22 16:51:31,717 - flask_app - INFO - Exiting function load_user
2023-08-22 16:51:31,718 - flask_app - INFO - Function load_user took 0.0030 seconds
2023-08-22 16:51:31,734 - flask_app - INFO - Exiting function query
2023-08-22 16:51:31,735 - flask_app - INFO - Function query took 0.0198 seconds
2023-08-22 16:51:31,735 - flask_app - INFO - Entering function after_request
2023-08-22 16:51:31,735 - flask_app - INFO - Exiting function after_request
2023-08-22 16:51:31,735 - flask_app - INFO - Function after_request took 0.0000 seconds
2023-08-22 16:51:35,364 - flask_app - INFO - Entering function redirect_to_https
2023-08-22 16:51:35,364 - flask_app - INFO - Exiting function redirect_to_https
2023-08-22 16:51:35,364 - flask_app - INFO - Function redirect_to_https took 0.0000 seconds
2023-08-22 16:51:35,364 - flask_app - INFO - Entering function before_request
2023-08-22 16:51:35,365 - flask_app - INFO - Exiting function before_request
2023-08-22 16:51:35,365 - flask_app - INFO - Function before_request took 0.0010 seconds
2023-08-22 16:51:35,365 - flask_app - INFO - Entering function query
2023-08-22 16:51:35,365 - flask_app - INFO - Entering function load_user
2023-08-22 16:51:35,367 - flask_app - INFO - Exiting function load_user
2023-08-22 16:51:35,367 - flask_app - INFO - Function load_user took 0.0020 seconds
2023-08-22 16:51:35,383 - flask_app - INFO - Exiting function query
2023-08-22 16:51:35,383 - flask_app - INFO - Function query took 0.0185 seconds
2023-08-22 16:51:35,383 - flask_app - INFO - Entering function after_request
2023-08-22 16:51:35,384 - flask_app - INFO - Exiting function after_request
2023-08-22 16:51:35,384 - flask_app - INFO - Function after_request took 0.0010 seconds
2023-08-22 16:51:36,753 - flask_app - INFO - Entering function redirect_to_https
2023-08-22 16:51:36,754 - flask_app - INFO - Exiting function redirect_to_https
2023-08-22 16:51:36,754 - flask_app - INFO - Function redirect_to_https took 0.0010 seconds
2023-08-22 16:51:36,754 - flask_app - INFO - Entering function before_request
2023-08-22 16:51:36,755 - flask_app - INFO - Exiting function before_request
2023-08-22 16:51:36,755 - flask_app - INFO - Function before_request took 0.0010 seconds
2023-08-22 16:51:36,755 - flask_app - INFO - Entering function query
2023-08-22 16:51:36,755 - flask_app - INFO - Entering function load_user
2023-08-22 16:51:36,757 - flask_app - INFO - Exiting function load_user
2023-08-22 16:51:36,757 - flask_app - INFO - Function load_user took 0.0020 seconds
2023-08-22 16:51:36,773 - flask_app - INFO - Exiting function query
2023-08-22 16:51:36,773 - flask_app - INFO - Function query took 0.0181 seconds
2023-08-22 16:51:36,773 - flask_app - INFO - Entering function after_request
2023-08-22 16:51:36,773 - flask_app - INFO - Exiting function after_request
2023-08-22 16:51:36,774 - flask_app - INFO - Function after_request took 0.0010 seconds
2023-08-22 16:51:40,367 - flask_app - INFO - Entering function redirect_to_https
2023-08-22 16:51:40,368 - flask_app - INFO - Exiting function redirect_to_https
2023-08-22 16:51:40,368 - flask_app - INFO - Function redirect_to_https took 0.0005 seconds
2023-08-22 16:51:40,368 - flask_app - INFO - Entering function before_request
2023-08-22 16:51:40,369 - flask_app - INFO - Exiting function before_request
2023-08-22 16:51:40,369 - flask_app - INFO - Function before_request took 0.0010 seconds
2023-08-22 16:51:40,369 - flask_app - INFO - Entering function query
2023-08-22 16:51:40,369 - flask_app - INFO - Entering function load_user
2023-08-22 16:51:40,370 - flask_app - INFO - Exiting function load_user
2023-08-22 16:51:40,371 - flask_app - INFO - Function load_user took 0.0020 seconds
2023-08-22 16:51:40,386 - flask_app - INFO - Exiting function query
2023-08-22 16:51:40,387 - flask_app - INFO - Function query took 0.0180 seconds
2023-08-22 16:51:40,387 - flask_app - INFO - Entering function after_request
2023-08-22 16:51:40,387 - flask_app - INFO - Exiting function after_request
2023-08-22 16:51:40,387 - flask_app - INFO - Function after_request took 0.0000 seconds
2023-08-22 16:51:41,784 - flask_app - INFO - Entering function redirect_to_https
2023-08-22 16:51:41,784 - flask_app - INFO - Exiting function redirect_to_https
2023-08-22 16:51:41,785 - flask_app - INFO - Function redirect_to_https took 0.0010 seconds
2023-08-22 16:51:41,785 - flask_app - INFO - Entering function before_request
2023-08-22 16:51:41,785 - flask_app - INFO - Exiting function before_request
2023-08-22 16:51:41,785 - flask_app - INFO - Function before_request took 0.0000 seconds
2023-08-22 16:51:41,785 - flask_app - INFO - Entering function query
2023-08-22 16:51:41,787 - flask_app - INFO - Entering function load_user
2023-08-22 16:51:41,788 - flask_app - INFO - Exiting function load_user
2023-08-22 16:51:41,788 - flask_app - INFO - Function load_user took 0.0015 seconds
2023-08-22 16:51:41,803 - flask_app - INFO - Exiting function query
2023-08-22 16:51:41,804 - flask_app - INFO - Function query took 0.0182 seconds
2023-08-22 16:51:41,804 - flask_app - INFO - Entering function after_request
2023-08-22 16:51:41,804 - flask_app - INFO - Exiting function after_request
2023-08-22 16:51:41,804 - flask_app - INFO - Function after_request took 0.0000 seconds
2023-08-22 16:51:45,371 - flask_app - INFO - Entering function redirect_to_https
2023-08-22 16:51:45,372 - flask_app - INFO - Exiting function redirect_to_https
2023-08-22 16:51:45,372 - flask_app - INFO - Function redirect_to_https took 0.0011 seconds
2023-08-22 16:51:45,372 - flask_app - INFO - Entering function before_request
2023-08-22 16:51:45,372 - flask_app - INFO - Exiting function before_request
2023-08-22 16:51:45,373 - flask_app - INFO - Function before_request took 0.0010 seconds
2023-08-22 16:51:45,373 - flask_app - INFO - Entering function query
2023-08-22 16:51:45,373 - flask_app - INFO - Entering function load_user
2023-08-22 16:51:45,375 - flask_app - INFO - Exiting function load_user
2023-08-22 16:51:45,375 - flask_app - INFO - Function load_user took 0.0016 seconds
2023-08-22 16:51:45,392 - flask_app - INFO - Exiting function query
2023-08-22 16:51:45,393 - flask_app - INFO - Function query took 0.0193 seconds
2023-08-22 16:51:45,393 - flask_app - INFO - Entering function after_request
2023-08-22 16:51:45,393 - flask_app - INFO - Exiting function after_request
2023-08-22 16:51:45,393 - flask_app - INFO - Function after_request took 0.0000 seconds
2023-08-22 16:51:46,813 - flask_app - INFO - Entering function redirect_to_https
2023-08-22 16:51:46,814 - flask_app - INFO - Exiting function redirect_to_https
2023-08-22 16:51:46,814 - flask_app - INFO - Function redirect_to_https took 0.0013 seconds
2023-08-22 16:51:46,814 - flask_app - INFO - Entering function before_request
2023-08-22 16:51:46,815 - flask_app - INFO - Exiting function before_request
2023-08-22 16:51:46,815 - flask_app - INFO - Function before_request took 0.0011 seconds
2023-08-22 16:51:46,815 - flask_app - INFO - Entering function query
2023-08-22 16:51:46,815 - flask_app - INFO - Entering function load_user
2023-08-22 16:51:46,817 - flask_app - INFO - Exiting function load_user
2023-08-22 16:51:46,818 - flask_app - INFO - Function load_user took 0.0030 seconds
2023-08-22 16:51:46,835 - flask_app - INFO - Exiting function query
2023-08-22 16:51:46,835 - flask_app - INFO - Function query took 0.0197 seconds
2023-08-22 16:51:46,835 - flask_app - INFO - Entering function after_request
2023-08-22 16:51:46,836 - flask_app - INFO - Exiting function after_request
2023-08-22 16:51:46,836 - flask_app - INFO - Function after_request took 0.0011 seconds
2023-08-22 16:51:50,376 - flask_app - INFO - Entering function redirect_to_https
2023-08-22 16:51:50,376 - flask_app - INFO - Exiting function redirect_to_https
2023-08-22 16:51:50,376 - flask_app - INFO - Function redirect_to_https took 0.0000 seconds
2023-08-22 16:51:50,376 - flask_app - INFO - Entering function before_request
2023-08-22 16:51:50,377 - flask_app - INFO - Exiting function before_request
2023-08-22 16:51:50,377 - flask_app - INFO - Function before_request took 0.0013 seconds
2023-08-22 16:51:50,377 - flask_app - INFO - Entering function query
2023-08-22 16:51:50,378 - flask_app - INFO - Entering function load_user
2023-08-22 16:51:50,379 - flask_app - INFO - Exiting function load_user
2023-08-22 16:51:50,379 - flask_app - INFO - Function load_user took 0.0014 seconds
2023-08-22 16:51:50,394 - flask_app - INFO - Exiting function query
2023-08-22 16:51:50,396 - flask_app - INFO - Function query took 0.0186 seconds
2023-08-22 16:51:50,396 - flask_app - INFO - Entering function after_request
2023-08-22 16:51:50,396 - flask_app - INFO - Exiting function after_request
2023-08-22 16:51:50,396 - flask_app - INFO - Function after_request took 0.0000 seconds
2023-08-22 16:51:51,849 - flask_app - INFO - Entering function redirect_to_https
2023-08-22 16:51:51,850 - flask_app - INFO - Exiting function redirect_to_https
2023-08-22 16:51:51,850 - flask_app - INFO - Function redirect_to_https took 0.0013 seconds
2023-08-22 16:51:51,851 - flask_app - INFO - Entering function before_request
2023-08-22 16:51:51,851 - flask_app - INFO - Exiting function before_request
2023-08-22 16:51:51,852 - flask_app - INFO - Function before_request took 0.0010 seconds
2023-08-22 16:51:51,852 - flask_app - INFO - Entering function query
2023-08-22 16:51:51,852 - flask_app - INFO - Entering function load_user
2023-08-22 16:51:51,854 - flask_app - INFO - Exiting function load_user
2023-08-22 16:51:51,855 - flask_app - INFO - Function load_user took 0.0030 seconds
2023-08-22 16:51:51,870 - flask_app - INFO - Exiting function query
2023-08-22 16:51:51,871 - flask_app - INFO - Function query took 0.0190 seconds
2023-08-22 16:51:51,871 - flask_app - INFO - Entering function after_request
2023-08-22 16:51:51,871 - flask_app - INFO - Exiting function after_request
2023-08-22 16:51:51,872 - flask_app - INFO - Function after_request took 0.0010 seconds
2023-08-22 16:51:55,984 - flask_app - INFO - Entering function redirect_to_https
2023-08-22 16:51:55,984 - flask_app - INFO - Exiting function redirect_to_https
2023-08-22 16:51:55,984 - flask_app - INFO - Function redirect_to_https took 0.0000 seconds
2023-08-22 16:51:55,984 - flask_app - INFO - Entering function before_request
2023-08-22 16:51:55,986 - flask_app - INFO - Exiting function before_request
2023-08-22 16:51:55,986 - flask_app - INFO - Function before_request took 0.0020 seconds
2023-08-22 16:51:55,986 - flask_app - INFO - Entering function query
2023-08-22 16:51:55,986 - flask_app - INFO - Entering function load_user
2023-08-22 16:51:55,988 - flask_app - INFO - Exiting function load_user
2023-08-22 16:51:55,988 - flask_app - INFO - Function load_user took 0.0020 seconds
2023-08-22 16:51:56,009 - flask_app - INFO - Exiting function query
2023-08-22 16:51:56,009 - flask_app - INFO - Function query took 0.0226 seconds
2023-08-22 16:51:56,009 - flask_app - INFO - Entering function after_request
2023-08-22 16:51:56,010 - flask_app - INFO - Exiting function after_request
2023-08-22 16:51:56,010 - flask_app - INFO - Function after_request took 0.0010 seconds
2023-08-22 16:51:56,999 - flask_app - INFO - Entering function redirect_to_https
2023-08-22 16:51:56,999 - flask_app - INFO - Exiting function redirect_to_https
2023-08-22 16:51:56,999 - flask_app - INFO - Function redirect_to_https took 0.0000 seconds
2023-08-22 16:51:56,999 - flask_app - INFO - Entering function before_request
2023-08-22 16:51:57,000 - flask_app - INFO - Exiting function before_request
2023-08-22 16:51:57,000 - flask_app - INFO - Function before_request took 0.0015 seconds
2023-08-22 16:51:57,001 - flask_app - INFO - Entering function query
2023-08-22 16:51:57,001 - flask_app - INFO - Entering function load_user
2023-08-22 16:51:57,003 - flask_app - INFO - Exiting function load_user
2023-08-22 16:51:57,003 - flask_app - INFO - Function load_user took 0.0014 seconds
2023-08-22 16:51:57,026 - flask_app - INFO - Exiting function query
2023-08-22 16:51:57,026 - flask_app - INFO - Function query took 0.0249 seconds
2023-08-22 16:51:57,027 - flask_app - INFO - Entering function after_request
2023-08-22 16:51:57,027 - flask_app - INFO - Exiting function after_request
2023-08-22 16:51:57,027 - flask_app - INFO - Function after_request took 0.0000 seconds
2023-08-22 16:52:01,000 - flask_app - INFO - Entering function redirect_to_https
2023-08-22 16:52:01,000 - flask_app - INFO - Exiting function redirect_to_https
2023-08-22 16:52:01,000 - flask_app - INFO - Function redirect_to_https took 0.0000 seconds
2023-08-22 16:52:01,000 - flask_app - INFO - Entering function before_request
2023-08-22 16:52:01,001 - flask_app - INFO - Exiting function before_request
2023-08-22 16:52:01,001 - flask_app - INFO - Function before_request took 0.0011 seconds
2023-08-22 16:52:01,001 - flask_app - INFO - Entering function query
2023-08-22 16:52:01,001 - flask_app - INFO - Entering function load_user
2023-08-22 16:52:01,003 - flask_app - INFO - Exiting function load_user
2023-08-22 16:52:01,003 - flask_app - INFO - Function load_user took 0.0023 seconds
2023-08-22 16:52:01,023 - flask_app - INFO - Exiting function query
2023-08-22 16:52:01,024 - flask_app - INFO - Function query took 0.0231 seconds
2023-08-22 16:52:01,024 - flask_app - INFO - Entering function after_request
2023-08-22 16:52:01,024 - flask_app - INFO - Exiting function after_request
2023-08-22 16:52:01,024 - flask_app - INFO - Function after_request took 0.0000 seconds
2023-08-22 16:52:02,055 - flask_app - INFO - Entering function redirect_to_https
2023-08-22 16:52:02,057 - flask_app - INFO - Exiting function redirect_to_https
2023-08-22 16:52:02,057 - flask_app - INFO - Function redirect_to_https took 0.0012 seconds
2023-08-22 16:52:02,057 - flask_app - INFO - Entering function before_request
2023-08-22 16:52:02,057 - flask_app - INFO - Exiting function before_request
2023-08-22 16:52:02,057 - flask_app - INFO - Function before_request took 0.0000 seconds
2023-08-22 16:52:02,058 - flask_app - INFO - Entering function query
2023-08-22 16:52:02,058 - flask_app - INFO - Entering function load_user
2023-08-22 16:52:02,060 - flask_app - INFO - Exiting function load_user
2023-08-22 16:52:02,060 - flask_app - INFO - Function load_user took 0.0017 seconds
2023-08-22 16:52:02,074 - flask_app - INFO - Exiting function query
2023-08-22 16:52:02,075 - flask_app - INFO - Function query took 0.0175 seconds
2023-08-22 16:52:02,075 - flask_app - INFO - Entering function after_request
2023-08-22 16:52:02,075 - flask_app - INFO - Exiting function after_request
2023-08-22 16:52:02,075 - flask_app - INFO - Function after_request took 0.0000 seconds
2023-08-22 16:55:58,730 - flask_app - INFO - Entering function redirect_to_https
2023-08-22 16:55:58,731 - flask_app - INFO - Entering function redirect_to_https
2023-08-22 16:55:58,731 - flask_app - INFO - Exiting function redirect_to_https
2023-08-22 16:55:58,732 - flask_app - INFO - Exiting function redirect_to_https
2023-08-22 16:55:58,732 - flask_app - INFO - Entering function redirect_to_https
2023-08-22 16:55:58,732 - flask_app - INFO - Function redirect_to_https took 0.0016 seconds
2023-08-22 16:55:58,733 - flask_app - INFO - Function redirect_to_https took 0.0015 seconds
2023-08-22 16:55:58,733 - flask_app - INFO - Exiting function redirect_to_https
2023-08-22 16:55:58,733 - flask_app - INFO - Entering function before_request
2023-08-22 16:55:58,733 - flask_app - INFO - Entering function before_request
2023-08-22 16:55:58,733 - flask_app - INFO - Function redirect_to_https took 0.0010 seconds
2023-08-22 16:55:58,734 - flask_app - INFO - Entering function before_request
2023-08-22 16:55:58,735 - flask_app - INFO - Exiting function before_request
2023-08-22 16:55:58,735 - flask_app - INFO - Function before_request took 0.0013 seconds
2023-08-22 16:55:58,735 - flask_app - INFO - Exiting function before_request
2023-08-22 16:55:58,735 - flask_app - INFO - Exiting function before_request
2023-08-22 16:55:58,735 - flask_app - INFO - Entering function load_user
2023-08-22 16:55:58,736 - flask_app - INFO - Function before_request took 0.0034 seconds
2023-08-22 16:55:58,736 - flask_app - INFO - Function before_request took 0.0034 seconds
2023-08-22 16:55:58,764 - flask_app - INFO - Entering function query
2023-08-22 16:55:58,764 - flask_app - INFO - Entering function query
2023-08-22 16:55:58,765 - flask_app - INFO - Entering function load_user
2023-08-22 16:55:58,765 - flask_app - INFO - Entering function load_user
2023-08-22 16:55:58,874 - flask_app - INFO - Exiting function load_user
2023-08-22 16:55:58,875 - flask_app - INFO - Exiting function load_user
2023-08-22 16:55:58,875 - flask_app - INFO - Exiting function load_user
2023-08-22 16:55:58,875 - flask_app - INFO - Function load_user took 0.1393 seconds
2023-08-22 16:55:58,875 - flask_app - INFO - Function load_user took 0.1097 seconds
2023-08-22 16:55:58,875 - flask_app - INFO - Function load_user took 0.1097 seconds
2023-08-22 16:55:58,876 - flask_app - INFO - Entering function extract
2023-08-22 16:55:58,902 - flask_app - INFO - Entering function inject_csrf_token
2023-08-22 16:55:58,907 - flask_app - INFO - Exiting function inject_csrf_token
2023-08-22 16:55:58,908 - flask_app - INFO - Function inject_csrf_token took 0.0068 seconds
2023-08-22 16:55:58,938 - flask_app - INFO - Exiting function query
2023-08-22 16:55:58,943 - flask_app - INFO - Function query took 0.1789 seconds
2023-08-22 16:55:58,943 - flask_app - INFO - Exiting function query
2023-08-22 16:55:58,943 - flask_app - INFO - Entering function after_request
2023-08-22 16:55:58,944 - flask_app - INFO - Function query took 0.1799 seconds
2023-08-22 16:55:58,944 - flask_app - INFO - Exiting function after_request
2023-08-22 16:55:58,950 - flask_app - INFO - Entering function after_request
2023-08-22 16:55:58,951 - flask_app - INFO - Function after_request took 0.0072 seconds
2023-08-22 16:55:58,951 - flask_app - INFO - Exiting function after_request
2023-08-22 16:55:58,954 - flask_app - INFO - Exiting function extract
2023-08-22 16:55:58,955 - flask_app - INFO - Function after_request took 0.0055 seconds
2023-08-22 16:55:58,955 - flask_app - INFO - Function extract took 0.0799 seconds
2023-08-22 16:55:58,956 - flask_app - INFO - Entering function after_request
2023-08-22 16:55:58,957 - flask_app - INFO - Exiting function after_request
2023-08-22 16:55:58,957 - flask_app - INFO - Function after_request took 0.0010 seconds
2023-08-22 16:55:59,067 - flask_app - INFO - Entering function redirect_to_https
2023-08-22 16:55:59,067 - flask_app - INFO - Exiting function redirect_to_https
2023-08-22 16:55:59,067 - flask_app - INFO - Function redirect_to_https took 0.0000 seconds
2023-08-22 16:55:59,067 - flask_app - INFO - Entering function before_request
2023-08-22 16:55:59,069 - flask_app - INFO - Exiting function before_request
2023-08-22 16:55:59,069 - flask_app - INFO - Function before_request took 0.0014 seconds
2023-08-22 16:55:59,120 - flask_app - INFO - Entering function after_request
2023-08-22 16:55:59,121 - flask_app - INFO - Exiting function after_request
2023-08-22 16:55:59,121 - flask_app - INFO - Function after_request took 0.0010 seconds
2023-08-22 16:55:59,194 - flask_app - INFO - Entering function redirect_to_https
2023-08-22 16:55:59,196 - flask_app - INFO - Entering function redirect_to_https
2023-08-22 16:55:59,196 - flask_app - INFO - Entering function redirect_to_https
2023-08-22 16:55:59,197 - flask_app - INFO - Entering function redirect_to_https
2023-08-22 16:55:59,197 - flask_app - INFO - Entering function redirect_to_https
2023-08-22 16:55:59,197 - flask_app - INFO - Exiting function redirect_to_https
2023-08-22 16:55:59,197 - flask_app - INFO - Exiting function redirect_to_https
2023-08-22 16:55:59,198 - flask_app - INFO - Exiting function redirect_to_https
2023-08-22 16:55:59,198 - flask_app - INFO - Entering function redirect_to_https
2023-08-22 16:55:59,199 - flask_app - INFO - Exiting function redirect_to_https
2023-08-22 16:55:59,199 - flask_app - INFO - Exiting function redirect_to_https
2023-08-22 16:55:59,199 - flask_app - INFO - Function redirect_to_https took 0.0049 seconds
2023-08-22 16:55:59,199 - flask_app - INFO - Function redirect_to_https took 0.0034 seconds
2023-08-22 16:55:59,199 - flask_app - INFO - Function redirect_to_https took 0.0034 seconds
2023-08-22 16:55:59,200 - flask_app - INFO - Exiting function redirect_to_https
2023-08-22 16:55:59,200 - flask_app - INFO - Function redirect_to_https took 0.0034 seconds
2023-08-22 16:55:59,200 - flask_app - INFO - Function redirect_to_https took 0.0034 seconds
2023-08-22 16:55:59,200 - flask_app - INFO - Entering function before_request
2023-08-22 16:55:59,200 - flask_app - INFO - Entering function before_request
2023-08-22 16:55:59,200 - flask_app - INFO - Entering function before_request
2023-08-22 16:55:59,201 - flask_app - INFO - Function redirect_to_https took 0.0030 seconds
2023-08-22 16:55:59,201 - flask_app - INFO - Entering function before_request
2023-08-22 16:55:59,201 - flask_app - INFO - Entering function before_request
2023-08-22 16:55:59,202 - flask_app - INFO - Exiting function before_request
2023-08-22 16:55:59,202 - flask_app - INFO - Exiting function before_request
2023-08-22 16:55:59,202 - flask_app - INFO - Exiting function before_request
2023-08-22 16:55:59,202 - flask_app - INFO - Entering function before_request
2023-08-22 16:55:59,204 - flask_app - INFO - Exiting function before_request
2023-08-22 16:55:59,204 - flask_app - INFO - Exiting function before_request
2023-08-22 16:55:59,204 - flask_app - INFO - Function before_request took 0.0036 seconds
2023-08-22 16:55:59,204 - flask_app - INFO - Function before_request took 0.0036 seconds
2023-08-22 16:55:59,204 - flask_app - INFO - Function before_request took 0.0036 seconds
2023-08-22 16:55:59,205 - flask_app - INFO - Exiting function before_request
2023-08-22 16:55:59,205 - flask_app - INFO - Function before_request took 0.0039 seconds
2023-08-22 16:55:59,205 - flask_app - INFO - Function before_request took 0.0039 seconds
2023-08-22 16:55:59,207 - flask_app - INFO - Function before_request took 0.0042 seconds
2023-08-22 16:55:59,207 - flask_app - INFO - Entering function after_request
2023-08-22 16:55:59,208 - flask_app - INFO - Entering function after_request
2023-08-22 16:55:59,208 - flask_app - INFO - Entering function after_request
2023-08-22 16:55:59,208 - flask_app - INFO - Entering function after_request
2023-08-22 16:55:59,208 - flask_app - INFO - Exiting function after_request
2023-08-22 16:55:59,209 - flask_app - INFO - Entering function after_request
2023-08-22 16:55:59,209 - flask_app - INFO - Entering function after_request
2023-08-22 16:55:59,209 - flask_app - INFO - Exiting function after_request
2023-08-22 16:55:59,209 - flask_app - INFO - Exiting function after_request
2023-08-22 16:55:59,209 - flask_app - INFO - Exiting function after_request
2023-08-22 16:55:59,209 - flask_app - INFO - Function after_request took 0.0023 seconds
2023-08-22 16:55:59,210 - flask_app - INFO - Exiting function after_request
2023-08-22 16:55:59,210 - flask_app - INFO - Exiting function after_request
2023-08-22 16:55:59,210 - flask_app - INFO - Function after_request took 0.0023 seconds
2023-08-22 16:55:59,210 - flask_app - INFO - Function after_request took 0.0023 seconds
2023-08-22 16:55:59,210 - flask_app - INFO - Function after_request took 0.0023 seconds
2023-08-22 16:55:59,211 - flask_app - INFO - Function after_request took 0.0022 seconds
2023-08-22 16:55:59,211 - flask_app - INFO - Function after_request took 0.0022 seconds
2023-08-22 16:55:59,216 - flask_app - INFO - Entering function redirect_to_https
2023-08-22 16:55:59,217 - flask_app - INFO - Exiting function redirect_to_https
2023-08-22 16:55:59,218 - flask_app - INFO - Function redirect_to_https took 0.0020 seconds
2023-08-22 16:55:59,219 - flask_app - INFO - Entering function redirect_to_https
2023-08-22 16:55:59,219 - flask_app - INFO - Entering function before_request
2023-08-22 16:55:59,220 - flask_app - INFO - Exiting function redirect_to_https
2023-08-22 16:55:59,223 - flask_app - INFO - Function redirect_to_https took 0.0034 seconds
2023-08-22 16:55:59,224 - flask_app - INFO - Entering function redirect_to_https
2023-08-22 16:55:59,224 - flask_app - INFO - Exiting function before_request
2023-08-22 16:55:59,224 - flask_app - INFO - Entering function before_request
2023-08-22 16:55:59,225 - flask_app - INFO - Exiting function redirect_to_https
2023-08-22 16:55:59,225 - flask_app - INFO - Function before_request took 0.0054 seconds
2023-08-22 16:55:59,226 - flask_app - INFO - Entering function redirect_to_https
2023-08-22 16:55:59,229 - flask_app - INFO - Exiting function before_request
2023-08-22 16:55:59,230 - flask_app - INFO - Function redirect_to_https took 0.0063 seconds
2023-08-22 16:55:59,230 - flask_app - INFO - Entering function redirect_to_https
2023-08-22 16:55:59,232 - flask_app - INFO - Exiting function redirect_to_https
2023-08-22 16:55:59,234 - flask_app - INFO - Entering function after_request
2023-08-22 16:55:59,234 - flask_app - INFO - Entering function redirect_to_https
2023-08-22 16:55:59,234 - flask_app - INFO - Function before_request took 0.0098 seconds
2023-08-22 16:55:59,234 - flask_app - INFO - Entering function before_request
2023-08-22 16:55:59,234 - flask_app - INFO - Exiting function redirect_to_https
2023-08-22 16:55:59,235 - flask_app - INFO - Function redirect_to_https took 0.0085 seconds
2023-08-22 16:55:59,235 - flask_app - INFO - Exiting function after_request
2023-08-22 16:55:59,235 - flask_app - INFO - Exiting function redirect_to_https
2023-08-22 16:55:59,236 - flask_app - INFO - Exiting function before_request
2023-08-22 16:55:59,236 - flask_app - INFO - Function redirect_to_https took 0.0055 seconds
2023-08-22 16:55:59,236 - flask_app - INFO - Entering function before_request
2023-08-22 16:55:59,237 - flask_app - INFO - Entering function after_request
2023-08-22 16:55:59,237 - flask_app - INFO - Function after_request took 0.0030 seconds
2023-08-22 16:55:59,237 - flask_app - INFO - Function redirect_to_https took 0.0030 seconds
2023-08-22 16:55:59,237 - flask_app - INFO - Function before_request took 0.0030 seconds
2023-08-22 16:55:59,237 - flask_app - INFO - Entering function before_request
2023-08-22 16:55:59,238 - flask_app - INFO - Exiting function before_request
2023-08-22 16:55:59,238 - flask_app - INFO - Exiting function after_request
2023-08-22 16:55:59,239 - flask_app - INFO - Entering function before_request
2023-08-22 16:55:59,242 - flask_app - INFO - Exiting function before_request
2023-08-22 16:55:59,242 - flask_app - INFO - Entering function after_request
2023-08-22 16:55:59,242 - flask_app - INFO - Function before_request took 0.0060 seconds
2023-08-22 16:55:59,243 - flask_app - INFO - Function after_request took 0.0061 seconds
2023-08-22 16:55:59,243 - flask_app - INFO - Exiting function before_request
2023-08-22 16:55:59,243 - flask_app - INFO - Function before_request took 0.0061 seconds
2023-08-22 16:55:59,244 - flask_app - INFO - Exiting function after_request
2023-08-22 16:55:59,245 - flask_app - INFO - Function before_request took 0.0066 seconds
2023-08-22 16:55:59,245 - flask_app - INFO - Entering function after_request
2023-08-22 16:55:59,246 - flask_app - INFO - Function after_request took 0.0046 seconds
2023-08-22 16:55:59,246 - flask_app - INFO - Entering function after_request
2023-08-22 16:55:59,246 - flask_app - INFO - Exiting function after_request
2023-08-22 16:55:59,247 - flask_app - INFO - Entering function after_request
2023-08-22 16:55:59,248 - flask_app - INFO - Exiting function after_request
2023-08-22 16:55:59,248 - flask_app - INFO - Function after_request took 0.0031 seconds
2023-08-22 16:55:59,250 - flask_app - INFO - Exiting function after_request
2023-08-22 16:55:59,250 - flask_app - INFO - Function after_request took 0.0034 seconds
2023-08-22 16:55:59,251 - flask_app - INFO - Function after_request took 0.0037 seconds
2023-08-22 16:55:59,291 - flask_app - INFO - Entering function redirect_to_https
2023-08-22 16:55:59,292 - flask_app - INFO - Exiting function redirect_to_https
2023-08-22 16:55:59,292 - flask_app - INFO - Function redirect_to_https took 0.0010 seconds
2023-08-22 16:55:59,292 - flask_app - INFO - Entering function before_request
2023-08-22 16:55:59,293 - flask_app - INFO - Exiting function before_request
2023-08-22 16:55:59,293 - flask_app - INFO - Function before_request took 0.0011 seconds
2023-08-22 16:55:59,293 - flask_app - INFO - Entering function query
2023-08-22 16:55:59,293 - flask_app - INFO - Entering function load_user
2023-08-22 16:55:59,295 - flask_app - INFO - Exiting function load_user
2023-08-22 16:55:59,296 - flask_app - INFO - Function load_user took 0.0025 seconds
2023-08-22 16:55:59,318 - flask_app - INFO - Exiting function query
2023-08-22 16:55:59,319 - flask_app - INFO - Function query took 0.0262 seconds
2023-08-22 16:55:59,319 - flask_app - INFO - Entering function after_request
2023-08-22 16:55:59,319 - flask_app - INFO - Exiting function after_request
2023-08-22 16:55:59,319 - flask_app - INFO - Function after_request took 0.0000 seconds
2023-08-22 16:55:59,418 - flask_app - INFO - Entering function redirect_to_https
2023-08-22 16:55:59,418 - flask_app - INFO - Exiting function redirect_to_https
2023-08-22 16:55:59,418 - flask_app - INFO - Function redirect_to_https took 0.0000 seconds
2023-08-22 16:55:59,418 - flask_app - INFO - Entering function before_request
2023-08-22 16:55:59,419 - flask_app - INFO - Exiting function before_request
2023-08-22 16:55:59,419 - flask_app - INFO - Function before_request took 0.0011 seconds
2023-08-22 16:55:59,420 - flask_app - INFO - Entering function after_request
2023-08-22 16:55:59,420 - flask_app - INFO - Exiting function after_request
2023-08-22 16:55:59,420 - flask_app - INFO - Function after_request took 0.0010 seconds
2023-08-22 16:56:04,544 - flask_app - INFO - Entering function redirect_to_https
2023-08-22 16:56:04,544 - flask_app - INFO - Exiting function redirect_to_https
2023-08-22 16:56:04,544 - flask_app - INFO - Function redirect_to_https took 0.0000 seconds
2023-08-22 16:56:04,544 - flask_app - INFO - Entering function before_request
2023-08-22 16:56:04,545 - flask_app - INFO - Exiting function before_request
2023-08-22 16:56:04,546 - flask_app - INFO - Function before_request took 0.0023 seconds
2023-08-22 16:56:04,546 - flask_app - INFO - Entering function query
2023-08-22 16:56:04,546 - flask_app - INFO - Entering function redirect_to_https
2023-08-22 16:56:04,547 - flask_app - INFO - Entering function load_user
2023-08-22 16:56:04,547 - flask_app - INFO - Exiting function redirect_to_https
2023-08-22 16:56:04,548 - flask_app - INFO - Function redirect_to_https took 0.0022 seconds
2023-08-22 16:56:04,548 - flask_app - INFO - Entering function before_request
2023-08-22 16:56:04,551 - flask_app - INFO - Exiting function load_user
2023-08-22 16:56:04,552 - flask_app - INFO - Exiting function before_request
2023-08-22 16:56:04,552 - flask_app - INFO - Function load_user took 0.0046 seconds
2023-08-22 16:56:04,552 - flask_app - INFO - Function before_request took 0.0034 seconds
2023-08-22 16:56:04,554 - flask_app - INFO - Entering function call_credit_counter
2023-08-22 16:56:04,568 - flask_app - INFO - Exiting function call_credit_counter
2023-08-22 16:56:04,568 - flask_app - INFO - Function call_credit_counter took 0.0144 seconds
2023-08-22 16:56:04,568 - flask_app - INFO - Entering function after_request
2023-08-22 16:56:04,568 - flask_app - INFO - Exiting function after_request
2023-08-22 16:56:04,569 - flask_app - INFO - Function after_request took 0.0013 seconds
2023-08-22 16:56:04,576 - flask_app - INFO - Exiting function query
2023-08-22 16:56:04,576 - flask_app - INFO - Function query took 0.0297 seconds
2023-08-22 16:56:04,576 - flask_app - INFO - Entering function after_request
2023-08-22 16:56:04,576 - flask_app - INFO - Exiting function after_request
2023-08-22 16:56:04,576 - flask_app - INFO - Function after_request took 0.0000 seconds
2023-08-22 16:56:05,857 - flask_app - INFO - Entering function redirect_to_https
2023-08-22 16:56:05,858 - flask_app - INFO - Exiting function redirect_to_https
2023-08-22 16:56:05,858 - flask_app - INFO - Function redirect_to_https took 0.0010 seconds
2023-08-22 16:56:05,858 - flask_app - INFO - Entering function before_request
2023-08-22 16:56:05,860 - flask_app - INFO - Exiting function before_request
2023-08-22 16:56:05,860 - flask_app - INFO - Function before_request took 0.0021 seconds
2023-08-22 16:56:05,861 - flask_app - INFO - Entering function load_user
2023-08-22 16:56:05,863 - flask_app - INFO - Exiting function load_user
2023-08-22 16:56:05,863 - flask_app - INFO - Function load_user took 0.0015 seconds
2023-08-22 16:56:05,863 - flask_app - INFO - Entering function extract
2023-08-22 16:56:05,912 - flask_app - ERROR - name 'DeckFiles' is not defined
2023-08-22 16:56:05,918 - flask_app - INFO - Exiting function extract
2023-08-22 16:56:05,918 - flask_app - INFO - Function extract took 0.0559 seconds
2023-08-22 16:56:05,918 - flask_app - INFO - Entering function after_request
2023-08-22 16:56:05,920 - flask_app - INFO - Exiting function after_request
2023-08-22 16:56:05,920 - flask_app - INFO - Function after_request took 0.0014 seconds
2023-08-22 16:56:05,927 - flask_app - INFO - Entering function redirect_to_https
2023-08-22 16:56:05,927 - flask_app - INFO - Exiting function redirect_to_https
2023-08-22 16:56:05,927 - flask_app - INFO - Function redirect_to_https took 0.0000 seconds
2023-08-22 16:56:05,927 - flask_app - INFO - Entering function before_request
2023-08-22 16:56:05,928 - flask_app - INFO - Exiting function before_request
2023-08-22 16:56:05,928 - flask_app - INFO - Function before_request took 0.0011 seconds
2023-08-22 16:56:05,928 - flask_app - INFO - Entering function load_user
2023-08-22 16:56:05,930 - flask_app - INFO - Exiting function load_user
2023-08-22 16:56:05,930 - flask_app - INFO - Function load_user took 0.0025 seconds
2023-08-22 16:56:05,931 - flask_app - INFO - Entering function viewdecks
2023-08-22 16:56:05,969 - flask_app - INFO - Entering function inject_csrf_token
2023-08-22 16:56:05,970 - flask_app - INFO - Exiting function inject_csrf_token
2023-08-22 16:56:05,970 - flask_app - INFO - Function inject_csrf_token took 0.0010 seconds
2023-08-22 16:56:06,386 - flask_app - INFO - Exiting function viewdecks
2023-08-22 16:56:06,386 - flask_app - INFO - Function viewdecks took 0.4549 seconds
2023-08-22 16:56:06,387 - flask_app - INFO - Entering function after_request
2023-08-22 16:56:06,387 - flask_app - INFO - Exiting function after_request
2023-08-22 16:56:06,387 - flask_app - INFO - Function after_request took 0.0000 seconds
2023-08-22 16:56:06,424 - flask_app - INFO - Entering function redirect_to_https
2023-08-22 16:56:06,424 - flask_app - INFO - Exiting function redirect_to_https
2023-08-22 16:56:06,425 - flask_app - INFO - Function redirect_to_https took 0.0000 seconds
2023-08-22 16:56:06,425 - flask_app - INFO - Entering function before_request
2023-08-22 16:56:06,425 - flask_app - INFO - Exiting function before_request
2023-08-22 16:56:06,425 - flask_app - INFO - Function before_request took 0.0000 seconds
2023-08-22 16:56:06,426 - flask_app - INFO - Entering function after_request
2023-08-22 16:56:06,426 - flask_app - INFO - Exiting function after_request
2023-08-22 16:56:06,427 - flask_app - INFO - Function after_request took 0.0000 seconds
2023-08-22 16:56:06,504 - flask_app - INFO - Entering function redirect_to_https
2023-08-22 16:56:06,506 - flask_app - INFO - Entering function redirect_to_https
2023-08-22 16:56:06,506 - flask_app - INFO - Exiting function redirect_to_https
2023-08-22 16:56:06,506 - flask_app - INFO - Exiting function redirect_to_https
2023-08-22 16:56:06,506 - flask_app - INFO - Entering function redirect_to_https
2023-08-22 16:56:06,506 - flask_app - INFO - Function redirect_to_https took 0.0015 seconds
2023-08-22 16:56:06,507 - flask_app - INFO - Entering function redirect_to_https
2023-08-22 16:56:06,507 - flask_app - INFO - Function redirect_to_https took 0.0015 seconds
2023-08-22 16:56:06,507 - flask_app - INFO - Entering function redirect_to_https
2023-08-22 16:56:06,508 - flask_app - INFO - Exiting function redirect_to_https
2023-08-22 16:56:06,508 - flask_app - INFO - Entering function before_request
2023-08-22 16:56:06,508 - flask_app - INFO - Entering function redirect_to_https
2023-08-22 16:56:06,508 - flask_app - INFO - Exiting function redirect_to_https
2023-08-22 16:56:06,508 - flask_app - INFO - Entering function before_request
2023-08-22 16:56:06,508 - flask_app - INFO - Exiting function redirect_to_https
2023-08-22 16:56:06,510 - flask_app - INFO - Function redirect_to_https took 0.0025 seconds
2023-08-22 16:56:06,510 - flask_app - INFO - Exiting function before_request
2023-08-22 16:56:06,510 - flask_app - INFO - Exiting function redirect_to_https
2023-08-22 16:56:06,510 - flask_app - INFO - Function redirect_to_https took 0.0024 seconds
2023-08-22 16:56:06,511 - flask_app - INFO - Exiting function before_request
2023-08-22 16:56:06,511 - flask_app - INFO - Function redirect_to_https took 0.0035 seconds
2023-08-22 16:56:06,511 - flask_app - INFO - Entering function before_request
2023-08-22 16:56:06,511 - flask_app - INFO - Function before_request took 0.0025 seconds
2023-08-22 16:56:06,511 - flask_app - INFO - Function redirect_to_https took 0.0025 seconds
2023-08-22 16:56:06,512 - flask_app - INFO - Entering function before_request
2023-08-22 16:56:06,512 - flask_app - INFO - Function before_request took 0.0035 seconds
2023-08-22 16:56:06,512 - flask_app - INFO - Entering function before_request
2023-08-22 16:56:06,512 - flask_app - INFO - Exiting function before_request
2023-08-22 16:56:06,513 - flask_app - INFO - Entering function before_request
2023-08-22 16:56:06,513 - flask_app - INFO - Exiting function before_request
2023-08-22 16:56:06,514 - flask_app - INFO - Entering function after_request
2023-08-22 16:56:06,514 - flask_app - INFO - Entering function after_request
2023-08-22 16:56:06,515 - flask_app - INFO - Exiting function before_request
2023-08-22 16:56:06,515 - flask_app - INFO - Function before_request took 0.0040 seconds
2023-08-22 16:56:06,515 - flask_app - INFO - Exiting function before_request
2023-08-22 16:56:06,515 - flask_app - INFO - Function before_request took 0.0030 seconds
2023-08-22 16:56:06,516 - flask_app - INFO - Exiting function after_request
2023-08-22 16:56:06,516 - flask_app - INFO - Exiting function after_request
2023-08-22 16:56:06,516 - flask_app - INFO - Function before_request took 0.0040 seconds
2023-08-22 16:56:06,516 - flask_app - INFO - Function before_request took 0.0030 seconds
2023-08-22 16:56:06,517 - flask_app - INFO - Entering function after_request
2023-08-22 16:56:06,517 - flask_app - INFO - Function after_request took 0.0030 seconds
2023-08-22 16:56:06,517 - flask_app - INFO - Entering function after_request
2023-08-22 16:56:06,517 - flask_app - INFO - Function after_request took 0.0030 seconds
2023-08-22 16:56:06,518 - flask_app - INFO - Exiting function after_request
2023-08-22 16:56:06,518 - flask_app - INFO - Entering function after_request
2023-08-22 16:56:06,518 - flask_app - INFO - Entering function after_request
2023-08-22 16:56:06,519 - flask_app - INFO - Exiting function after_request
2023-08-22 16:56:06,519 - flask_app - INFO - Function after_request took 0.0024 seconds
2023-08-22 16:56:06,519 - flask_app - INFO - Exiting function after_request
2023-08-22 16:56:06,519 - flask_app - INFO - Exiting function after_request
2023-08-22 16:56:06,520 - flask_app - INFO - Function after_request took 0.0036 seconds
2023-08-22 16:56:06,520 - flask_app - INFO - Function after_request took 0.0026 seconds
2023-08-22 16:56:06,520 - flask_app - INFO - Function after_request took 0.0026 seconds
2023-08-22 16:56:06,523 - flask_app - INFO - Entering function redirect_to_https
2023-08-22 16:56:06,527 - flask_app - INFO - Entering function redirect_to_https
2023-08-22 16:56:06,529 - flask_app - INFO - Exiting function redirect_to_https
2023-08-22 16:56:06,529 - flask_app - INFO - Exiting function redirect_to_https
2023-08-22 16:56:06,530 - flask_app - INFO - Entering function redirect_to_https
2023-08-22 16:56:06,531 - flask_app - INFO - Function redirect_to_https took 0.0039 seconds
2023-08-22 16:56:06,531 - flask_app - INFO - Exiting function redirect_to_https
2023-08-22 16:56:06,530 - flask_app - INFO - Function redirect_to_https took 0.0074 seconds
2023-08-22 16:56:06,535 - flask_app - INFO - Entering function redirect_to_https
2023-08-22 16:56:06,537 - flask_app - INFO - Entering function before_request
2023-08-22 16:56:06,539 - flask_app - INFO - Function redirect_to_https took 0.0091 seconds
2023-08-22 16:56:06,539 - flask_app - INFO - Entering function redirect_to_https
2023-08-22 16:56:06,539 - flask_app - INFO - Entering function before_request
2023-08-22 16:56:06,540 - flask_app - INFO - Exiting function redirect_to_https
2023-08-22 16:56:06,540 - flask_app - INFO - Entering function redirect_to_https
2023-08-22 16:56:06,542 - flask_app - INFO - Exiting function before_request
2023-08-22 16:56:06,542 - flask_app - INFO - Entering function before_request
2023-08-22 16:56:06,542 - flask_app - INFO - Exiting function redirect_to_https
2023-08-22 16:56:06,543 - flask_app - INFO - Exiting function before_request
2023-08-22 16:56:06,543 - flask_app - INFO - Function redirect_to_https took 0.0077 seconds
2023-08-22 16:56:06,543 - flask_app - INFO - Exiting function redirect_to_https
2023-08-22 16:56:06,543 - flask_app - INFO - Function before_request took 0.0057 seconds
2023-08-22 16:56:06,543 - flask_app - INFO - Exiting function before_request
2023-08-22 16:56:06,544 - flask_app - INFO - Function redirect_to_https took 0.0052 seconds
2023-08-22 16:56:06,544 - flask_app - INFO - Function before_request took 0.0052 seconds
2023-08-22 16:56:06,544 - flask_app - INFO - Entering function before_request
2023-08-22 16:56:06,544 - flask_app - INFO - Function redirect_to_https took 0.0042 seconds
2023-08-22 16:56:06,545 - flask_app - INFO - Function before_request took 0.0039 seconds
2023-08-22 16:56:06,545 - flask_app - INFO - Entering function before_request
2023-08-22 16:56:06,547 - flask_app - INFO - Entering function after_request
2023-08-22 16:56:06,547 - flask_app - INFO - Entering function after_request
2023-08-22 16:56:06,549 - flask_app - INFO - Exiting function before_request
2023-08-22 16:56:06,549 - flask_app - INFO - Entering function before_request
2023-08-22 16:56:06,550 - flask_app - INFO - Exiting function before_request
2023-08-22 16:56:06,550 - flask_app - INFO - Exiting function after_request
2023-08-22 16:56:06,551 - flask_app - INFO - Entering function after_request
2023-08-22 16:56:06,551 - flask_app - INFO - Exiting function after_request
2023-08-22 16:56:06,551 - flask_app - INFO - Function before_request took 0.0065 seconds
2023-08-22 16:56:06,552 - flask_app - INFO - Exiting function before_request
2023-08-22 16:56:06,552 - flask_app - INFO - Function before_request took 0.0065 seconds
2023-08-22 16:56:06,552 - flask_app - INFO - Function after_request took 0.0052 seconds
2023-08-22 16:56:06,552 - flask_app - INFO - Exiting function after_request
2023-08-22 16:56:06,553 - flask_app - INFO - Function after_request took 0.0067 seconds
2023-08-22 16:56:06,553 - flask_app - INFO - Function before_request took 0.0047 seconds
2023-08-22 16:56:06,555 - flask_app - INFO - Entering function after_request
2023-08-22 16:56:06,556 - flask_app - INFO - Entering function after_request
2023-08-22 16:56:06,556 - flask_app - INFO - Function after_request took 0.0049 seconds
2023-08-22 16:56:06,557 - flask_app - INFO - Exiting function after_request
2023-08-22 16:56:06,558 - flask_app - INFO - Exiting function after_request
2023-08-22 16:56:06,559 - flask_app - INFO - Entering function after_request
2023-08-22 16:56:06,561 - flask_app - INFO - Entering function redirect_to_https
2023-08-22 16:56:06,563 - flask_app - INFO - Function after_request took 0.0083 seconds
2023-08-22 16:56:06,566 - flask_app - INFO - Entering function redirect_to_https
2023-08-22 16:56:06,566 - flask_app - INFO - Function after_request took 0.0098 seconds
2023-08-22 16:56:06,566 - flask_app - INFO - Exiting function after_request
2023-08-22 16:56:06,566 - flask_app - INFO - Exiting function redirect_to_https
2023-08-22 16:56:06,568 - flask_app - INFO - Exiting function redirect_to_https
2023-08-22 16:56:06,569 - flask_app - INFO - Entering function redirect_to_https
2023-08-22 16:56:06,570 - flask_app - INFO - Function after_request took 0.0110 seconds
2023-08-22 16:56:06,571 - flask_app - INFO - Function redirect_to_https took 0.0107 seconds
2023-08-22 16:56:06,571 - flask_app - INFO - Function redirect_to_https took 0.0057 seconds
2023-08-22 16:56:06,571 - flask_app - INFO - Exiting function redirect_to_https
2023-08-22 16:56:06,573 - flask_app - INFO - Entering function before_request
2023-08-22 16:56:06,573 - flask_app - INFO - Entering function before_request
2023-08-22 16:56:06,574 - flask_app - INFO - Function redirect_to_https took 0.0050 seconds
2023-08-22 16:56:06,575 - flask_app - INFO - Exiting function before_request
2023-08-22 16:56:06,575 - flask_app - INFO - Exiting function before_request
2023-08-22 16:56:06,576 - flask_app - INFO - Entering function before_request
2023-08-22 16:56:06,576 - flask_app - INFO - Function before_request took 0.0030 seconds
2023-08-22 16:56:06,576 - flask_app - INFO - Function before_request took 0.0030 seconds
2023-08-22 16:56:06,576 - flask_app - INFO - Exiting function before_request
2023-08-22 16:56:06,578 - flask_app - INFO - Function before_request took 0.0014 seconds
2023-08-22 16:56:06,578 - flask_app - INFO - Entering function after_request
2023-08-22 16:56:06,578 - flask_app - INFO - Entering function after_request
2023-08-22 16:56:06,578 - flask_app - INFO - Exiting function after_request
2023-08-22 16:56:06,579 - flask_app - INFO - Entering function after_request
2023-08-22 16:56:06,579 - flask_app - INFO - Exiting function after_request
2023-08-22 16:56:06,579 - flask_app - INFO - Function after_request took 0.0013 seconds
2023-08-22 16:56:06,579 - flask_app - INFO - Exiting function after_request
2023-08-22 16:56:06,579 - flask_app - INFO - Function after_request took 0.0013 seconds
2023-08-22 16:56:06,580 - flask_app - INFO - Function after_request took 0.0012 seconds
2023-08-22 16:56:06,638 - flask_app - INFO - Entering function redirect_to_https
2023-08-22 16:56:06,638 - flask_app - INFO - Exiting function redirect_to_https
2023-08-22 16:56:06,639 - flask_app - INFO - Entering function redirect_to_https
2023-08-22 16:56:06,639 - flask_app - INFO - Function redirect_to_https took 0.0013 seconds
2023-08-22 16:56:06,640 - flask_app - INFO - Exiting function redirect_to_https
2023-08-22 16:56:06,640 - flask_app - INFO - Entering function before_request
2023-08-22 16:56:06,640 - flask_app - INFO - Function redirect_to_https took 0.0005 seconds
2023-08-22 16:56:06,641 - flask_app - INFO - Exiting function before_request
2023-08-22 16:56:06,641 - flask_app - INFO - Entering function before_request
2023-08-22 16:56:06,641 - flask_app - INFO - Function before_request took 0.0010 seconds
2023-08-22 16:56:06,642 - flask_app - INFO - Exiting function before_request
2023-08-22 16:56:06,642 - flask_app - INFO - Entering function query
2023-08-22 16:56:06,642 - flask_app - INFO - Function before_request took 0.0010 seconds
2023-08-22 16:56:06,642 - flask_app - INFO - Entering function load_user
2023-08-22 16:56:06,642 - flask_app - INFO - Entering function query
2023-08-22 16:56:06,644 - flask_app - INFO - Entering function load_user
2023-08-22 16:56:06,645 - flask_app - INFO - Exiting function load_user
2023-08-22 16:56:06,646 - flask_app - INFO - Exiting function load_user
2023-08-22 16:56:06,646 - flask_app - INFO - Function load_user took 0.0040 seconds
2023-08-22 16:56:06,646 - flask_app - INFO - Function load_user took 0.0020 seconds
2023-08-22 16:56:06,666 - flask_app - INFO - Exiting function query
2023-08-22 16:56:06,666 - flask_app - INFO - Exiting function query
2023-08-22 16:56:06,666 - flask_app - INFO - Function query took 0.0245 seconds
2023-08-22 16:56:06,666 - flask_app - INFO - Function query took 0.0245 seconds
2023-08-22 16:56:06,668 - flask_app - INFO - Entering function after_request
2023-08-22 16:56:06,668 - flask_app - INFO - Entering function after_request
2023-08-22 16:56:06,668 - flask_app - INFO - Exiting function after_request
2023-08-22 16:56:06,668 - flask_app - INFO - Exiting function after_request
2023-08-22 16:56:06,668 - flask_app - INFO - Function after_request took 0.0000 seconds
2023-08-22 16:56:06,668 - flask_app - INFO - Function after_request took 0.0000 seconds
2023-08-22 16:56:06,776 - flask_app - INFO - Entering function redirect_to_https
2023-08-22 16:56:06,776 - flask_app - INFO - Exiting function redirect_to_https
2023-08-22 16:56:06,777 - flask_app - INFO - Function redirect_to_https took 0.0010 seconds
2023-08-22 16:56:06,777 - flask_app - INFO - Entering function before_request
2023-08-22 16:56:06,777 - flask_app - INFO - Exiting function before_request
2023-08-22 16:56:06,777 - flask_app - INFO - Function before_request took 0.0000 seconds
2023-08-22 16:56:06,778 - flask_app - INFO - Entering function after_request
2023-08-22 16:56:06,778 - flask_app - INFO - Exiting function after_request
2023-08-22 16:56:06,778 - flask_app - INFO - Function after_request took 0.0000 seconds
2023-08-22 16:56:11,639 - flask_app - INFO - Entering function redirect_to_https
2023-08-22 16:56:11,639 - flask_app - INFO - Exiting function redirect_to_https
2023-08-22 16:56:11,639 - flask_app - INFO - Function redirect_to_https took 0.0000 seconds
2023-08-22 16:56:11,640 - flask_app - INFO - Entering function before_request
2023-08-22 16:56:11,640 - flask_app - INFO - Exiting function before_request
2023-08-22 16:56:11,640 - flask_app - INFO - Function before_request took 0.0000 seconds
2023-08-22 16:56:11,640 - flask_app - INFO - Entering function query
2023-08-22 16:56:11,641 - flask_app - INFO - Entering function load_user
2023-08-22 16:56:11,642 - flask_app - INFO - Exiting function load_user
2023-08-22 16:56:11,642 - flask_app - INFO - Function load_user took 0.0010 seconds
2023-08-22 16:56:11,660 - flask_app - INFO - Exiting function query
2023-08-22 16:56:11,661 - flask_app - INFO - Function query took 0.0203 seconds
2023-08-22 16:56:11,661 - flask_app - INFO - Entering function after_request
2023-08-22 16:56:11,661 - flask_app - INFO - Exiting function after_request
2023-08-22 16:56:11,661 - flask_app - INFO - Function after_request took 0.0000 seconds
2023-08-22 16:56:12,717 - flask_app - INFO - Entering function redirect_to_https
2023-08-22 16:56:12,717 - flask_app - INFO - Exiting function redirect_to_https
2023-08-22 16:56:12,717 - flask_app - INFO - Function redirect_to_https took 0.0000 seconds
2023-08-22 16:56:12,718 - flask_app - INFO - Entering function before_request
2023-08-22 16:56:12,718 - flask_app - INFO - Exiting function before_request
2023-08-22 16:56:12,718 - flask_app - INFO - Function before_request took 0.0000 seconds
2023-08-22 16:56:12,719 - flask_app - INFO - Entering function query
2023-08-22 16:56:12,719 - flask_app - INFO - Entering function load_user
2023-08-22 16:56:12,720 - flask_app - INFO - Exiting function load_user
2023-08-22 16:56:12,720 - flask_app - INFO - Function load_user took 0.0010 seconds
2023-08-22 16:56:12,736 - flask_app - INFO - Exiting function query
2023-08-22 16:56:12,736 - flask_app - INFO - Function query took 0.0173 seconds
2023-08-22 16:56:12,737 - flask_app - INFO - Entering function after_request
2023-08-22 16:56:12,737 - flask_app - INFO - Exiting function after_request
2023-08-22 16:56:12,737 - flask_app - INFO - Function after_request took 0.0000 seconds
2023-08-22 16:56:16,650 - flask_app - INFO - Entering function redirect_to_https
2023-08-22 16:56:16,650 - flask_app - INFO - Exiting function redirect_to_https
2023-08-22 16:56:16,650 - flask_app - INFO - Function redirect_to_https took 0.0000 seconds
2023-08-22 16:56:16,650 - flask_app - INFO - Entering function before_request
2023-08-22 16:56:16,651 - flask_app - INFO - Exiting function before_request
2023-08-22 16:56:16,651 - flask_app - INFO - Function before_request took 0.0010 seconds
2023-08-22 16:56:16,651 - flask_app - INFO - Entering function query
2023-08-22 16:56:16,652 - flask_app - INFO - Entering function load_user
2023-08-22 16:56:16,653 - flask_app - INFO - Exiting function load_user
2023-08-22 16:56:16,653 - flask_app - INFO - Function load_user took 0.0010 seconds
2023-08-22 16:56:16,670 - flask_app - INFO - Exiting function query
2023-08-22 16:56:16,671 - flask_app - INFO - Function query took 0.0196 seconds
2023-08-22 16:56:16,671 - flask_app - INFO - Entering function after_request
2023-08-22 16:56:16,672 - flask_app - INFO - Exiting function after_request
2023-08-22 16:56:16,672 - flask_app - INFO - Function after_request took 0.0005 seconds
2023-08-22 16:56:17,759 - flask_app - INFO - Entering function redirect_to_https
2023-08-22 16:56:17,759 - flask_app - INFO - Exiting function redirect_to_https
2023-08-22 16:56:17,759 - flask_app - INFO - Function redirect_to_https took 0.0000 seconds
2023-08-22 16:56:17,759 - flask_app - INFO - Entering function before_request
2023-08-22 16:56:17,760 - flask_app - INFO - Exiting function before_request
2023-08-22 16:56:17,760 - flask_app - INFO - Function before_request took 0.0010 seconds
2023-08-22 16:56:17,760 - flask_app - INFO - Entering function query
2023-08-22 16:56:17,760 - flask_app - INFO - Entering function load_user
2023-08-22 16:56:17,762 - flask_app - INFO - Exiting function load_user
2023-08-22 16:56:17,762 - flask_app - INFO - Function load_user took 0.0020 seconds
2023-08-22 16:56:17,779 - flask_app - INFO - Exiting function query
2023-08-22 16:56:17,780 - flask_app - INFO - Function query took 0.0201 seconds
2023-08-22 16:56:17,780 - flask_app - INFO - Entering function after_request
2023-08-22 16:56:17,780 - flask_app - INFO - Exiting function after_request
2023-08-22 16:56:17,780 - flask_app - INFO - Function after_request took 0.0000 seconds
2023-08-22 16:56:21,665 - flask_app - INFO - Entering function redirect_to_https
2023-08-22 16:56:21,666 - flask_app - INFO - Exiting function redirect_to_https
2023-08-22 16:56:21,666 - flask_app - INFO - Function redirect_to_https took 0.0010 seconds
2023-08-22 16:56:21,666 - flask_app - INFO - Entering function before_request
2023-08-22 16:56:21,666 - flask_app - INFO - Exiting function before_request
2023-08-22 16:56:21,666 - flask_app - INFO - Function before_request took 0.0000 seconds
2023-08-22 16:56:21,666 - flask_app - INFO - Entering function query
2023-08-22 16:56:21,667 - flask_app - INFO - Entering function load_user
2023-08-22 16:56:21,668 - flask_app - INFO - Exiting function load_user
2023-08-22 16:56:21,669 - flask_app - INFO - Function load_user took 0.0020 seconds
2023-08-22 16:56:21,690 - flask_app - INFO - Exiting function query
2023-08-22 16:56:21,690 - flask_app - INFO - Function query took 0.0234 seconds
2023-08-22 16:56:21,690 - flask_app - INFO - Entering function after_request
2023-08-22 16:56:21,690 - flask_app - INFO - Exiting function after_request
2023-08-22 16:56:21,691 - flask_app - INFO - Function after_request took 0.0010 seconds
2023-08-22 16:56:22,803 - flask_app - INFO - Entering function redirect_to_https
2023-08-22 16:56:22,804 - flask_app - INFO - Exiting function redirect_to_https
2023-08-22 16:56:22,804 - flask_app - INFO - Function redirect_to_https took 0.0010 seconds
2023-08-22 16:56:22,804 - flask_app - INFO - Entering function before_request
2023-08-22 16:56:22,804 - flask_app - INFO - Exiting function before_request
2023-08-22 16:56:22,806 - flask_app - INFO - Function before_request took 0.0014 seconds
2023-08-22 16:56:22,806 - flask_app - INFO - Entering function query
2023-08-22 16:56:22,806 - flask_app - INFO - Entering function load_user
2023-08-22 16:56:22,807 - flask_app - INFO - Exiting function load_user
2023-08-22 16:56:22,807 - flask_app - INFO - Function load_user took 0.0015 seconds
2023-08-22 16:56:22,829 - flask_app - INFO - Exiting function query
2023-08-22 16:56:22,829 - flask_app - INFO - Function query took 0.0235 seconds
2023-08-22 16:56:22,829 - flask_app - INFO - Entering function after_request
2023-08-22 16:56:22,829 - flask_app - INFO - Exiting function after_request
2023-08-22 16:56:22,829 - flask_app - INFO - Function after_request took 0.0000 seconds
2023-08-22 16:56:26,674 - flask_app - INFO - Entering function redirect_to_https
2023-08-22 16:56:26,675 - flask_app - INFO - Exiting function redirect_to_https
2023-08-22 16:56:26,675 - flask_app - INFO - Function redirect_to_https took 0.0014 seconds
2023-08-22 16:56:26,675 - flask_app - INFO - Entering function before_request
2023-08-22 16:56:26,676 - flask_app - INFO - Exiting function before_request
2023-08-22 16:56:26,676 - flask_app - INFO - Function before_request took 0.0010 seconds
2023-08-22 16:56:26,676 - flask_app - INFO - Entering function query
2023-08-22 16:56:26,677 - flask_app - INFO - Entering function load_user
2023-08-22 16:56:26,678 - flask_app - INFO - Exiting function load_user
2023-08-22 16:56:26,679 - flask_app - INFO - Function load_user took 0.0018 seconds
2023-08-22 16:56:26,695 - flask_app - INFO - Exiting function query
2023-08-22 16:56:26,696 - flask_app - INFO - Function query took 0.0198 seconds
2023-08-22 16:56:26,696 - flask_app - INFO - Entering function after_request
2023-08-22 16:56:26,696 - flask_app - INFO - Exiting function after_request
2023-08-22 16:56:26,696 - flask_app - INFO - Function after_request took 0.0000 seconds
2023-08-22 16:56:27,837 - flask_app - INFO - Entering function redirect_to_https
2023-08-22 16:56:27,837 - flask_app - INFO - Exiting function redirect_to_https
2023-08-22 16:56:27,838 - flask_app - INFO - Function redirect_to_https took 0.0010 seconds
2023-08-22 16:56:27,838 - flask_app - INFO - Entering function before_request
2023-08-22 16:56:27,838 - flask_app - INFO - Exiting function before_request
2023-08-22 16:56:27,838 - flask_app - INFO - Function before_request took 0.0000 seconds
2023-08-22 16:56:27,839 - flask_app - INFO - Entering function query
2023-08-22 16:56:27,839 - flask_app - INFO - Entering function load_user
2023-08-22 16:56:27,840 - flask_app - INFO - Exiting function load_user
2023-08-22 16:56:27,840 - flask_app - INFO - Function load_user took 0.0010 seconds
2023-08-22 16:56:27,856 - flask_app - INFO - Exiting function query
2023-08-22 16:56:27,857 - flask_app - INFO - Function query took 0.0177 seconds
2023-08-22 16:56:27,857 - flask_app - INFO - Entering function after_request
2023-08-22 16:56:27,857 - flask_app - INFO - Exiting function after_request
2023-08-22 16:56:27,857 - flask_app - INFO - Function after_request took 0.0000 seconds
2023-08-22 16:56:31,684 - flask_app - INFO - Entering function redirect_to_https
2023-08-22 16:56:31,684 - flask_app - INFO - Exiting function redirect_to_https
2023-08-22 16:56:31,685 - flask_app - INFO - Function redirect_to_https took 0.0005 seconds
2023-08-22 16:56:31,685 - flask_app - INFO - Entering function before_request
2023-08-22 16:56:31,685 - flask_app - INFO - Exiting function before_request
2023-08-22 16:56:31,686 - flask_app - INFO - Function before_request took 0.0010 seconds
2023-08-22 16:56:31,686 - flask_app - INFO - Entering function query
2023-08-22 16:56:31,686 - flask_app - INFO - Entering function load_user
2023-08-22 16:56:31,688 - flask_app - INFO - Exiting function load_user
2023-08-22 16:56:31,688 - flask_app - INFO - Function load_user took 0.0020 seconds
2023-08-22 16:56:31,704 - flask_app - INFO - Exiting function query
2023-08-22 16:56:31,705 - flask_app - INFO - Function query took 0.0194 seconds
2023-08-22 16:56:31,705 - flask_app - INFO - Entering function after_request
2023-08-22 16:56:31,705 - flask_app - INFO - Exiting function after_request
2023-08-22 16:56:31,705 - flask_app - INFO - Function after_request took 0.0000 seconds
2023-08-22 16:56:32,866 - flask_app - INFO - Entering function redirect_to_https
2023-08-22 16:56:32,867 - flask_app - INFO - Exiting function redirect_to_https
2023-08-22 16:56:32,867 - flask_app - INFO - Function redirect_to_https took 0.0012 seconds
2023-08-22 16:56:32,867 - flask_app - INFO - Entering function before_request
2023-08-22 16:56:32,867 - flask_app - INFO - Exiting function before_request
2023-08-22 16:56:32,867 - flask_app - INFO - Function before_request took 0.0000 seconds
2023-08-22 16:56:32,867 - flask_app - INFO - Entering function query
2023-08-22 16:56:32,868 - flask_app - INFO - Entering function load_user
2023-08-22 16:56:32,869 - flask_app - INFO - Exiting function load_user
2023-08-22 16:56:32,869 - flask_app - INFO - Function load_user took 0.0010 seconds
2023-08-22 16:56:32,886 - flask_app - INFO - Exiting function query
2023-08-22 16:56:32,886 - flask_app - INFO - Function query took 0.0184 seconds
2023-08-22 16:56:32,886 - flask_app - INFO - Entering function after_request
2023-08-22 16:56:32,886 - flask_app - INFO - Exiting function after_request
2023-08-22 16:56:32,887 - flask_app - INFO - Function after_request took 0.0010 seconds
2023-08-22 17:01:24,038 - flask_app - INFO - Entering function redirect_to_https
2023-08-22 17:01:24,039 - flask_app - INFO - Exiting function redirect_to_https
2023-08-22 17:01:24,039 - flask_app - INFO - Entering function before_request
2023-08-22 17:01:24,040 - flask_app - INFO - Exiting function before_request
2023-08-22 17:01:24,041 - flask_app - INFO - Entering function query
2023-08-22 17:01:24,041 - flask_app - INFO - Entering function load_user
2023-08-22 17:01:24,168 - flask_app - INFO - Exiting function load_user
2023-08-22 17:01:24,199 - flask_app - INFO - Exiting function query
2023-08-22 17:01:24,199 - flask_app - INFO - Entering function after_request
2023-08-22 17:01:24,199 - flask_app - INFO - Exiting function after_request
2023-08-22 17:01:24,726 - flask_app - INFO - Entering function redirect_to_https
2023-08-22 17:01:24,726 - flask_app - INFO - Exiting function redirect_to_https
2023-08-22 17:01:24,727 - flask_app - INFO - Entering function before_request
2023-08-22 17:01:24,727 - flask_app - INFO - Exiting function before_request
2023-08-22 17:01:24,727 - flask_app - INFO - Entering function query
2023-08-22 17:01:24,727 - flask_app - INFO - Entering function load_user
2023-08-22 17:01:24,729 - flask_app - INFO - Exiting function load_user
2023-08-22 17:01:24,746 - flask_app - INFO - Exiting function query
2023-08-22 17:01:24,747 - flask_app - INFO - Entering function after_request
2023-08-22 17:01:24,747 - flask_app - INFO - Exiting function after_request
2023-08-22 17:01:27,059 - flask_app - INFO - Entering function redirect_to_https
2023-08-22 17:01:27,059 - flask_app - INFO - Exiting function redirect_to_https
2023-08-22 17:01:27,059 - flask_app - INFO - Entering function before_request
2023-08-22 17:01:27,060 - flask_app - INFO - Exiting function before_request
2023-08-22 17:01:27,060 - flask_app - INFO - Entering function load_user
2023-08-22 17:01:27,062 - flask_app - INFO - Exiting function load_user
2023-08-22 17:01:27,062 - flask_app - INFO - Entering function extract
2023-08-22 17:01:27,081 - flask_app - INFO - Entering function inject_csrf_token
2023-08-22 17:01:27,081 - flask_app - INFO - Exiting function inject_csrf_token
2023-08-22 17:01:27,116 - flask_app - INFO - Exiting function extract
2023-08-22 17:01:27,116 - flask_app - INFO - Entering function after_request
2023-08-22 17:01:27,116 - flask_app - INFO - Exiting function after_request
2023-08-22 17:01:27,163 - flask_app - INFO - Entering function redirect_to_https
2023-08-22 17:01:27,163 - flask_app - INFO - Exiting function redirect_to_https
2023-08-22 17:01:27,163 - flask_app - INFO - Entering function before_request
2023-08-22 17:01:27,164 - flask_app - INFO - Exiting function before_request
2023-08-22 17:01:27,203 - flask_app - INFO - Entering function after_request
2023-08-22 17:01:27,204 - flask_app - INFO - Exiting function after_request
2023-08-22 17:01:27,343 - flask_app - INFO - Entering function redirect_to_https
2023-08-22 17:01:27,343 - flask_app - INFO - Exiting function redirect_to_https
2023-08-22 17:01:27,344 - flask_app - INFO - Entering function before_request
2023-08-22 17:01:27,344 - flask_app - INFO - Entering function redirect_to_https
2023-08-22 17:01:27,345 - flask_app - INFO - Entering function redirect_to_https
2023-08-22 17:01:27,345 - flask_app - INFO - Exiting function before_request
2023-08-22 17:01:27,346 - flask_app - INFO - Exiting function redirect_to_https
2023-08-22 17:01:27,346 - flask_app - INFO - Exiting function redirect_to_https
2023-08-22 17:01:27,346 - flask_app - INFO - Entering function redirect_to_https
2023-08-22 17:01:27,347 - flask_app - INFO - Entering function redirect_to_https
2023-08-22 17:01:27,347 - flask_app - INFO - Entering function before_request
2023-08-22 17:01:27,347 - flask_app - INFO - Entering function before_request
2023-08-22 17:01:27,347 - flask_app - INFO - Entering function redirect_to_https
2023-08-22 17:01:27,348 - flask_app - INFO - Entering function after_request
2023-08-22 17:01:27,348 - flask_app - INFO - Exiting function redirect_to_https
2023-08-22 17:01:27,348 - flask_app - INFO - Exiting function redirect_to_https
2023-08-22 17:01:27,348 - flask_app - INFO - Exiting function before_request
2023-08-22 17:01:27,349 - flask_app - INFO - Exiting function before_request
2023-08-22 17:01:27,349 - flask_app - INFO - Exiting function redirect_to_https
2023-08-22 17:01:27,349 - flask_app - INFO - Exiting function after_request
2023-08-22 17:01:27,349 - flask_app - INFO - Entering function before_request
2023-08-22 17:01:27,349 - flask_app - INFO - Entering function before_request
2023-08-22 17:01:27,350 - flask_app - INFO - Entering function before_request
2023-08-22 17:01:27,350 - flask_app - INFO - Entering function after_request
2023-08-22 17:01:27,351 - flask_app - INFO - Entering function after_request
2023-08-22 17:01:27,352 - flask_app - INFO - Exiting function before_request
2023-08-22 17:01:27,352 - flask_app - INFO - Exiting function before_request
2023-08-22 17:01:27,354 - flask_app - INFO - Exiting function before_request
2023-08-22 17:01:27,354 - flask_app - INFO - Exiting function after_request
2023-08-22 17:01:27,354 - flask_app - INFO - Exiting function after_request
2023-08-22 17:01:27,356 - flask_app - INFO - Entering function redirect_to_https
2023-08-22 17:01:27,357 - flask_app - INFO - Entering function after_request
2023-08-22 17:01:27,357 - flask_app - INFO - Entering function after_request
2023-08-22 17:01:27,357 - flask_app - INFO - Entering function after_request
2023-08-22 17:01:27,358 - flask_app - INFO - Exiting function redirect_to_https
2023-08-22 17:01:27,358 - flask_app - INFO - Exiting function after_request
2023-08-22 17:01:27,358 - flask_app - INFO - Exiting function after_request
2023-08-22 17:01:27,358 - flask_app - INFO - Exiting function after_request
2023-08-22 17:01:27,359 - flask_app - INFO - Entering function before_request
2023-08-22 17:01:27,360 - flask_app - INFO - Entering function redirect_to_https
2023-08-22 17:01:27,361 - flask_app - INFO - Entering function redirect_to_https
2023-08-22 17:01:27,363 - flask_app - INFO - Exiting function before_request
2023-08-22 17:01:27,363 - flask_app - INFO - Exiting function redirect_to_https
2023-08-22 17:01:27,363 - flask_app - INFO - Exiting function redirect_to_https
2023-08-22 17:01:27,366 - flask_app - INFO - Entering function redirect_to_https
2023-08-22 17:01:27,366 - flask_app - INFO - Entering function before_request
2023-08-22 17:01:27,367 - flask_app - INFO - Entering function before_request
2023-08-22 17:01:27,368 - flask_app - INFO - Entering function redirect_to_https
2023-08-22 17:01:27,369 - flask_app - INFO - Entering function after_request
2023-08-22 17:01:27,369 - flask_app - INFO - Exiting function redirect_to_https
2023-08-22 17:01:27,370 - flask_app - INFO - Entering function redirect_to_https
2023-08-22 17:01:27,370 - flask_app - INFO - Exiting function before_request
2023-08-22 17:01:27,370 - flask_app - INFO - Exiting function before_request
2023-08-22 17:01:27,370 - flask_app - INFO - Exiting function redirect_to_https
2023-08-22 17:01:27,371 - flask_app - INFO - Exiting function after_request
2023-08-22 17:01:27,371 - flask_app - INFO - Entering function before_request
2023-08-22 17:01:27,371 - flask_app - INFO - Exiting function redirect_to_https
2023-08-22 17:01:27,371 - flask_app - INFO - Entering function before_request
2023-08-22 17:01:27,372 - flask_app - INFO - Entering function after_request
2023-08-22 17:01:27,372 - flask_app - INFO - Entering function after_request
2023-08-22 17:01:27,374 - flask_app - INFO - Exiting function before_request
2023-08-22 17:01:27,374 - flask_app - INFO - Entering function before_request
2023-08-22 17:01:27,375 - flask_app - INFO - Exiting function before_request
2023-08-22 17:01:27,375 - flask_app - INFO - Exiting function after_request
2023-08-22 17:01:27,375 - flask_app - INFO - Exiting function after_request
2023-08-22 17:01:27,376 - flask_app - INFO - Entering function query
2023-08-22 17:01:27,376 - flask_app - INFO - Entering function redirect_to_https
2023-08-22 17:01:27,378 - flask_app - INFO - Exiting function before_request
2023-08-22 17:01:27,379 - flask_app - INFO - Entering function after_request
2023-08-22 17:01:27,379 - flask_app - INFO - Entering function load_user
2023-08-22 17:01:27,379 - flask_app - INFO - Exiting function redirect_to_https
2023-08-22 17:01:27,379 - flask_app - INFO - Exiting function after_request
2023-08-22 17:01:27,380 - flask_app - INFO - Entering function after_request
2023-08-22 17:01:27,383 - flask_app - INFO - Entering function before_request
2023-08-22 17:01:27,383 - flask_app - INFO - Exiting function load_user
2023-08-22 17:01:27,383 - flask_app - INFO - Exiting function after_request
2023-08-22 17:01:27,384 - flask_app - INFO - Exiting function before_request
2023-08-22 17:01:27,387 - flask_app - INFO - Entering function after_request
2023-08-22 17:01:27,388 - flask_app - INFO - Exiting function after_request
2023-08-22 17:01:27,405 - flask_app - INFO - Exiting function query
2023-08-22 17:01:27,406 - flask_app - INFO - Entering function after_request
2023-08-22 17:01:27,406 - flask_app - INFO - Exiting function after_request
2023-08-22 17:01:27,622 - flask_app - INFO - Entering function redirect_to_https
2023-08-22 17:01:27,622 - flask_app - INFO - Exiting function redirect_to_https
2023-08-22 17:01:27,622 - flask_app - INFO - Entering function before_request
2023-08-22 17:01:27,623 - flask_app - INFO - Exiting function before_request
2023-08-22 17:01:27,624 - flask_app - INFO - Entering function after_request
2023-08-22 17:01:27,624 - flask_app - INFO - Exiting function after_request
2023-08-22 17:01:31,523 - flask_app - INFO - Entering function redirect_to_https
2023-08-22 17:01:31,523 - flask_app - INFO - Exiting function redirect_to_https
2023-08-22 17:01:31,523 - flask_app - INFO - Entering function before_request
2023-08-22 17:01:31,525 - flask_app - INFO - Exiting function before_request
2023-08-22 17:01:31,525 - flask_app - INFO - Entering function call_credit_counter
2023-08-22 17:01:31,535 - flask_app - INFO - Exiting function call_credit_counter
2023-08-22 17:01:31,535 - flask_app - INFO - Entering function after_request
2023-08-22 17:01:31,535 - flask_app - INFO - Exiting function after_request
2023-08-22 17:01:32,340 - flask_app - INFO - Entering function redirect_to_https
2023-08-22 17:01:32,341 - flask_app - INFO - Exiting function redirect_to_https
2023-08-22 17:01:32,341 - flask_app - INFO - Entering function before_request
2023-08-22 17:01:32,341 - flask_app - INFO - Exiting function before_request
2023-08-22 17:01:32,341 - flask_app - INFO - Entering function query
2023-08-22 17:01:32,343 - flask_app - INFO - Entering function load_user
2023-08-22 17:01:32,344 - flask_app - INFO - Exiting function load_user
2023-08-22 17:01:32,362 - flask_app - INFO - Exiting function query
2023-08-22 17:01:32,362 - flask_app - INFO - Entering function after_request
2023-08-22 17:01:32,362 - flask_app - INFO - Exiting function after_request
2023-08-22 17:01:32,949 - flask_app - INFO - Entering function redirect_to_https
2023-08-22 17:01:32,949 - flask_app - INFO - Exiting function redirect_to_https
2023-08-22 17:01:32,949 - flask_app - INFO - Entering function before_request
2023-08-22 17:01:32,950 - flask_app - INFO - Exiting function before_request
2023-08-22 17:01:32,952 - flask_app - INFO - Entering function load_user
2023-08-22 17:01:32,954 - flask_app - INFO - Exiting function load_user
2023-08-22 17:01:32,954 - flask_app - INFO - Entering function extract
2023-08-22 17:01:32,992 - flask_app - ERROR - name 'DeckFiles' is not defined
2023-08-22 17:01:32,996 - flask_app - ERROR - Exception occurred in function extract
Traceback (most recent call last):
  File "C:\Users\kevin\Documents\Cephadex\cards\models\helpers\log_decorators.py", line 16, in wrapper
    result = f(*args, **kwargs)
             ^^^^^^^^^^^^^^^^^^
  File "C:\Users\kevin\Documents\Cephadex\cards\views\extract_bp.py", line 70, in extract
    raise e
  File "C:\Users\kevin\Documents\Cephadex\cards\views\extract_bp.py", line 57, in extract
    extract_obj.save_source_text()
  File "C:\Users\kevin\Documents\Cephadex\cards\models\extractors\extractor.py", line 179, in save_source_text
    file_storage = DeckFiles(file_name=name,
                   ^^^^^^^^^
NameError: name 'DeckFiles' is not defined
2023-08-22 17:04:40,729 - flask_app - INFO - Entering function redirect_to_https
2023-08-22 17:04:40,729 - flask_app - INFO - Exiting function redirect_to_https
2023-08-22 17:04:40,729 - flask_app - INFO - Entering function before_request
2023-08-22 17:04:40,731 - flask_app - INFO - Exiting function before_request
2023-08-22 17:04:40,731 - flask_app - INFO - Entering function load_user
2023-08-22 17:04:40,839 - flask_app - INFO - Exiting function load_user
2023-08-22 17:04:40,839 - flask_app - INFO - Entering function extract
2023-08-22 17:04:40,864 - flask_app - INFO - Entering function inject_csrf_token
2023-08-22 17:04:40,864 - flask_app - INFO - Exiting function inject_csrf_token
2023-08-22 17:04:40,902 - flask_app - INFO - Exiting function extract
2023-08-22 17:04:40,903 - flask_app - INFO - Entering function after_request
2023-08-22 17:04:40,903 - flask_app - INFO - Exiting function after_request
2023-08-22 17:04:40,959 - flask_app - INFO - Entering function redirect_to_https
2023-08-22 17:04:40,960 - flask_app - INFO - Exiting function redirect_to_https
2023-08-22 17:04:40,960 - flask_app - INFO - Entering function before_request
2023-08-22 17:04:40,960 - flask_app - INFO - Exiting function before_request
2023-08-22 17:04:41,003 - flask_app - INFO - Entering function after_request
2023-08-22 17:04:41,005 - flask_app - INFO - Exiting function after_request
2023-08-22 17:04:41,010 - flask_app - INFO - Entering function redirect_to_https
2023-08-22 17:04:41,011 - flask_app - INFO - Exiting function redirect_to_https
2023-08-22 17:04:41,011 - flask_app - INFO - Entering function before_request
2023-08-22 17:04:41,012 - flask_app - INFO - Exiting function before_request
2023-08-22 17:04:41,013 - flask_app - INFO - Entering function after_request
2023-08-22 17:04:41,013 - flask_app - INFO - Exiting function after_request
2023-08-22 17:04:41,016 - flask_app - INFO - Entering function redirect_to_https
2023-08-22 17:04:41,018 - flask_app - INFO - Entering function redirect_to_https
2023-08-22 17:04:41,018 - flask_app - INFO - Entering function redirect_to_https
2023-08-22 17:04:41,018 - flask_app - INFO - Entering function redirect_to_https
2023-08-22 17:04:41,018 - flask_app - INFO - Entering function redirect_to_https
2023-08-22 17:04:41,019 - flask_app - INFO - Exiting function redirect_to_https
2023-08-22 17:04:41,019 - flask_app - INFO - Exiting function redirect_to_https
2023-08-22 17:04:41,019 - flask_app - INFO - Exiting function redirect_to_https
2023-08-22 17:04:41,019 - flask_app - INFO - Exiting function redirect_to_https
2023-08-22 17:04:41,020 - flask_app - INFO - Exiting function redirect_to_https
2023-08-22 17:04:41,021 - flask_app - INFO - Entering function before_request
2023-08-22 17:04:41,020 - flask_app - INFO - Entering function before_request
2023-08-22 17:04:41,021 - flask_app - INFO - Entering function before_request
2023-08-22 17:04:41,021 - flask_app - INFO - Entering function before_request
2023-08-22 17:04:41,020 - flask_app - INFO - Entering function before_request
2023-08-22 17:04:41,023 - flask_app - INFO - Exiting function before_request
2023-08-22 17:04:41,024 - flask_app - INFO - Exiting function before_request
2023-08-22 17:04:41,024 - flask_app - INFO - Exiting function before_request
2023-08-22 17:04:41,025 - flask_app - INFO - Exiting function before_request
2023-08-22 17:04:41,025 - flask_app - INFO - Exiting function before_request
2023-08-22 17:04:41,028 - flask_app - INFO - Entering function after_request
2023-08-22 17:04:41,028 - flask_app - INFO - Entering function after_request
2023-08-22 17:04:41,029 - flask_app - INFO - Entering function after_request
2023-08-22 17:04:41,029 - flask_app - INFO - Entering function redirect_to_https
2023-08-22 17:04:41,029 - flask_app - INFO - Entering function after_request
2023-08-22 17:04:41,031 - flask_app - INFO - Exiting function after_request
2023-08-22 17:04:41,031 - flask_app - INFO - Exiting function after_request
2023-08-22 17:04:41,031 - flask_app - INFO - Entering function after_request
2023-08-22 17:04:41,031 - flask_app - INFO - Exiting function after_request
2023-08-22 17:04:41,031 - flask_app - INFO - Exiting function redirect_to_https
2023-08-22 17:04:41,031 - flask_app - INFO - Exiting function after_request
2023-08-22 17:04:41,032 - flask_app - INFO - Exiting function after_request
2023-08-22 17:04:41,033 - flask_app - INFO - Entering function before_request
2023-08-22 17:04:41,038 - flask_app - INFO - Entering function redirect_to_https
2023-08-22 17:04:41,040 - flask_app - INFO - Exiting function before_request
2023-08-22 17:04:41,043 - flask_app - INFO - Exiting function redirect_to_https
2023-08-22 17:04:41,043 - flask_app - INFO - Entering function redirect_to_https
2023-08-22 17:04:41,046 - flask_app - INFO - Entering function before_request
2023-08-22 17:04:41,046 - flask_app - INFO - Entering function after_request
2023-08-22 17:04:41,046 - flask_app - INFO - Exiting function redirect_to_https
2023-08-22 17:04:41,047 - flask_app - INFO - Entering function redirect_to_https
2023-08-22 17:04:41,048 - flask_app - INFO - Exiting function before_request
2023-08-22 17:04:41,048 - flask_app - INFO - Entering function redirect_to_https
2023-08-22 17:04:41,048 - flask_app - INFO - Exiting function after_request
2023-08-22 17:04:41,048 - flask_app - INFO - Entering function before_request
2023-08-22 17:04:41,050 - flask_app - INFO - Entering function redirect_to_https
2023-08-22 17:04:41,050 - flask_app - INFO - Exiting function redirect_to_https
2023-08-22 17:04:41,050 - flask_app - INFO - Exiting function redirect_to_https
2023-08-22 17:04:41,051 - flask_app - INFO - Exiting function before_request
2023-08-22 17:04:41,051 - flask_app - INFO - Entering function after_request
2023-08-22 17:04:41,052 - flask_app - INFO - Exiting function redirect_to_https
2023-08-22 17:04:41,052 - flask_app - INFO - Entering function before_request
2023-08-22 17:04:41,052 - flask_app - INFO - Entering function before_request
2023-08-22 17:04:41,052 - flask_app - INFO - Exiting function after_request
2023-08-22 17:04:41,053 - flask_app - INFO - Entering function before_request
2023-08-22 17:04:41,053 - flask_app - INFO - Entering function after_request
2023-08-22 17:04:41,054 - flask_app - INFO - Exiting function before_request
2023-08-22 17:04:41,055 - flask_app - INFO - Exiting function before_request
2023-08-22 17:04:41,055 - flask_app - INFO - Exiting function before_request
2023-08-22 17:04:41,056 - flask_app - INFO - Exiting function after_request
2023-08-22 17:04:41,057 - flask_app - INFO - Entering function after_request
2023-08-22 17:04:41,058 - flask_app - INFO - Entering function after_request
2023-08-22 17:04:41,058 - flask_app - INFO - Exiting function after_request
2023-08-22 17:04:41,058 - flask_app - INFO - Entering function after_request
2023-08-22 17:04:41,060 - flask_app - INFO - Exiting function after_request
2023-08-22 17:04:41,060 - flask_app - INFO - Exiting function after_request
2023-08-22 17:04:41,201 - flask_app - INFO - Entering function redirect_to_https
2023-08-22 17:04:41,201 - flask_app - INFO - Exiting function redirect_to_https
2023-08-22 17:04:41,201 - flask_app - INFO - Entering function before_request
2023-08-22 17:04:41,202 - flask_app - INFO - Exiting function before_request
2023-08-22 17:04:41,203 - flask_app - INFO - Entering function query
2023-08-22 17:04:41,203 - flask_app - INFO - Entering function load_user
2023-08-22 17:04:41,206 - flask_app - INFO - Exiting function load_user
2023-08-22 17:04:41,247 - flask_app - INFO - Exiting function query
2023-08-22 17:04:41,249 - flask_app - INFO - Entering function after_request
2023-08-22 17:04:41,249 - flask_app - INFO - Exiting function after_request
2023-08-22 17:04:41,363 - flask_app - INFO - Entering function redirect_to_https
2023-08-22 17:04:41,363 - flask_app - INFO - Exiting function redirect_to_https
2023-08-22 17:04:41,363 - flask_app - INFO - Entering function before_request
2023-08-22 17:04:41,364 - flask_app - INFO - Exiting function before_request
2023-08-22 17:04:41,364 - flask_app - INFO - Entering function after_request
2023-08-22 17:04:41,364 - flask_app - INFO - Exiting function after_request
2023-08-22 17:04:45,146 - flask_app - INFO - Entering function redirect_to_https
2023-08-22 17:04:45,146 - flask_app - INFO - Exiting function redirect_to_https
2023-08-22 17:04:45,146 - flask_app - INFO - Entering function before_request
2023-08-22 17:04:45,148 - flask_app - INFO - Exiting function before_request
2023-08-22 17:04:45,148 - flask_app - INFO - Entering function call_credit_counter
2023-08-22 17:04:45,161 - flask_app - INFO - Exiting function call_credit_counter
2023-08-22 17:04:45,161 - flask_app - INFO - Entering function after_request
2023-08-22 17:04:45,161 - flask_app - INFO - Exiting function after_request
2023-08-22 17:04:45,800 - flask_app - INFO - Entering function redirect_to_https
2023-08-22 17:04:45,800 - flask_app - INFO - Exiting function redirect_to_https
2023-08-22 17:04:45,800 - flask_app - INFO - Entering function before_request
2023-08-22 17:04:45,802 - flask_app - INFO - Exiting function before_request
2023-08-22 17:04:45,802 - flask_app - INFO - Entering function load_user
2023-08-22 17:04:45,805 - flask_app - INFO - Exiting function load_user
2023-08-22 17:04:45,805 - flask_app - INFO - Entering function extract
2023-08-22 17:04:45,875 - flask_app - INFO - Exiting function extract
2023-08-22 17:04:45,876 - flask_app - INFO - Entering function after_request
2023-08-22 17:04:45,876 - flask_app - INFO - Exiting function after_request
2023-08-22 17:04:45,881 - flask_app - INFO - Entering function redirect_to_https
2023-08-22 17:04:45,881 - flask_app - INFO - Exiting function redirect_to_https
2023-08-22 17:04:45,882 - flask_app - INFO - Entering function before_request
2023-08-22 17:04:45,882 - flask_app - INFO - Exiting function before_request
2023-08-22 17:04:45,882 - flask_app - INFO - Entering function load_user
2023-08-22 17:04:45,884 - flask_app - INFO - Exiting function load_user
2023-08-22 17:04:45,884 - flask_app - INFO - Entering function viewdecks
2023-08-22 17:04:45,917 - flask_app - INFO - Entering function inject_csrf_token
2023-08-22 17:04:45,917 - flask_app - INFO - Exiting function inject_csrf_token
2023-08-22 17:04:46,219 - flask_app - INFO - Entering function redirect_to_https
2023-08-22 17:04:46,219 - flask_app - INFO - Exiting function redirect_to_https
2023-08-22 17:04:46,220 - flask_app - INFO - Entering function before_request
2023-08-22 17:04:46,221 - flask_app - INFO - Exiting function before_request
2023-08-22 17:04:46,222 - flask_app - INFO - Entering function query
2023-08-22 17:04:46,222 - flask_app - INFO - Entering function load_user
2023-08-22 17:04:46,232 - flask_app - INFO - Exiting function load_user
2023-08-22 17:04:46,251 - flask_app - INFO - Exiting function query
2023-08-22 17:04:46,252 - flask_app - INFO - Entering function after_request
2023-08-22 17:04:46,253 - flask_app - INFO - Exiting function after_request
2023-08-22 17:04:46,385 - flask_app - INFO - Exiting function viewdecks
2023-08-22 17:04:46,386 - flask_app - INFO - Entering function after_request
2023-08-22 17:04:46,386 - flask_app - INFO - Exiting function after_request
2023-08-22 17:04:46,480 - flask_app - INFO - Entering function redirect_to_https
2023-08-22 17:04:46,480 - flask_app - INFO - Exiting function redirect_to_https
2023-08-22 17:04:46,480 - flask_app - INFO - Entering function before_request
2023-08-22 17:04:46,481 - flask_app - INFO - Exiting function before_request
2023-08-22 17:04:46,482 - flask_app - INFO - Entering function after_request
2023-08-22 17:04:46,482 - flask_app - INFO - Exiting function after_request
2023-08-22 17:04:46,484 - flask_app - INFO - Entering function redirect_to_https
2023-08-22 17:04:46,484 - flask_app - INFO - Entering function redirect_to_https
2023-08-22 17:04:46,484 - flask_app - INFO - Exiting function redirect_to_https
2023-08-22 17:04:46,485 - flask_app - INFO - Exiting function redirect_to_https
2023-08-22 17:04:46,485 - flask_app - INFO - Entering function redirect_to_https
2023-08-22 17:04:46,485 - flask_app - INFO - Entering function before_request
2023-08-22 17:04:46,486 - flask_app - INFO - Entering function before_request
2023-08-22 17:04:46,486 - flask_app - INFO - Exiting function redirect_to_https
2023-08-22 17:04:46,487 - flask_app - INFO - Exiting function before_request
2023-08-22 17:04:46,487 - flask_app - INFO - Exiting function before_request
2023-08-22 17:04:46,487 - flask_app - INFO - Entering function before_request
2023-08-22 17:04:46,490 - flask_app - INFO - Exiting function before_request
2023-08-22 17:04:46,490 - flask_app - INFO - Entering function after_request
2023-08-22 17:04:46,491 - flask_app - INFO - Entering function after_request
2023-08-22 17:04:46,491 - flask_app - INFO - Exiting function after_request
2023-08-22 17:04:46,491 - flask_app - INFO - Exiting function after_request
2023-08-22 17:04:46,491 - flask_app - INFO - Entering function after_request
2023-08-22 17:04:46,492 - flask_app - INFO - Exiting function after_request
2023-08-22 17:04:46,627 - flask_app - INFO - Entering function redirect_to_https
2023-08-22 17:04:46,627 - flask_app - INFO - Exiting function redirect_to_https
2023-08-22 17:04:46,627 - flask_app - INFO - Entering function before_request
2023-08-22 17:04:46,628 - flask_app - INFO - Exiting function before_request
2023-08-22 17:04:46,630 - flask_app - INFO - Entering function redirect_to_https
2023-08-22 17:04:46,630 - flask_app - INFO - Entering function redirect_to_https
2023-08-22 17:04:46,630 - flask_app - INFO - Exiting function redirect_to_https
2023-08-22 17:04:46,631 - flask_app - INFO - Exiting function redirect_to_https
2023-08-22 17:04:46,631 - flask_app - INFO - Entering function after_request
2023-08-22 17:04:46,632 - flask_app - INFO - Entering function redirect_to_https
2023-08-22 17:04:46,632 - flask_app - INFO - Entering function before_request
2023-08-22 17:04:46,632 - flask_app - INFO - Entering function before_request
2023-08-22 17:04:46,633 - flask_app - INFO - Entering function redirect_to_https
2023-08-22 17:04:46,633 - flask_app - INFO - Exiting function after_request
2023-08-22 17:04:46,634 - flask_app - INFO - Exiting function redirect_to_https
2023-08-22 17:04:46,634 - flask_app - INFO - Entering function redirect_to_https
2023-08-22 17:04:46,635 - flask_app - INFO - Exiting function before_request
2023-08-22 17:04:46,635 - flask_app - INFO - Exiting function before_request
2023-08-22 17:04:46,635 - flask_app - INFO - Exiting function redirect_to_https
2023-08-22 17:04:46,636 - flask_app - INFO - Entering function before_request
2023-08-22 17:04:46,636 - flask_app - INFO - Exiting function redirect_to_https
2023-08-22 17:04:46,637 - flask_app - INFO - Entering function before_request
2023-08-22 17:04:46,638 - flask_app - INFO - Exiting function before_request
2023-08-22 17:04:46,638 - flask_app - INFO - Entering function before_request
2023-08-22 17:04:46,638 - flask_app - INFO - Entering function after_request
2023-08-22 17:04:46,639 - flask_app - INFO - Entering function after_request
2023-08-22 17:04:46,639 - flask_app - INFO - Exiting function before_request
2023-08-22 17:04:46,641 - flask_app - INFO - Entering function redirect_to_https
2023-08-22 17:04:46,642 - flask_app - INFO - Exiting function before_request
2023-08-22 17:04:46,642 - flask_app - INFO - Exiting function after_request
2023-08-22 17:04:46,642 - flask_app - INFO - Entering function after_request
2023-08-22 17:04:46,642 - flask_app - INFO - Exiting function after_request
2023-08-22 17:04:46,643 - flask_app - INFO - Exiting function redirect_to_https
2023-08-22 17:04:46,644 - flask_app - INFO - Entering function after_request
2023-08-22 17:04:46,644 - flask_app - INFO - Exiting function after_request
2023-08-22 17:04:46,644 - flask_app - INFO - Entering function after_request
2023-08-22 17:04:46,645 - flask_app - INFO - Entering function before_request
2023-08-22 17:04:46,645 - flask_app - INFO - Exiting function after_request
2023-08-22 17:04:46,646 - flask_app - INFO - Exiting function after_request
2023-08-22 17:04:46,646 - flask_app - INFO - Exiting function before_request
2023-08-22 17:04:46,652 - flask_app - INFO - Entering function redirect_to_https
2023-08-22 17:04:46,653 - flask_app - INFO - Entering function after_request
2023-08-22 17:04:46,653 - flask_app - INFO - Entering function redirect_to_https
2023-08-22 17:04:46,653 - flask_app - INFO - Exiting function redirect_to_https
2023-08-22 17:04:46,653 - flask_app - INFO - Exiting function after_request
2023-08-22 17:04:46,655 - flask_app - INFO - Entering function redirect_to_https
2023-08-22 17:04:46,657 - flask_app - INFO - Exiting function redirect_to_https
2023-08-22 17:04:46,657 - flask_app - INFO - Entering function before_request
2023-08-22 17:04:46,658 - flask_app - INFO - Entering function redirect_to_https
2023-08-22 17:04:46,660 - flask_app - INFO - Exiting function redirect_to_https
2023-08-22 17:04:46,660 - flask_app - INFO - Entering function redirect_to_https
2023-08-22 17:04:46,660 - flask_app - INFO - Entering function before_request
2023-08-22 17:04:46,660 - flask_app - INFO - Exiting function before_request
2023-08-22 17:04:46,661 - flask_app - INFO - Exiting function redirect_to_https
2023-08-22 17:04:46,661 - flask_app - INFO - Entering function before_request
2023-08-22 17:04:46,661 - flask_app - INFO - Exiting function redirect_to_https
2023-08-22 17:04:46,661 - flask_app - INFO - Exiting function before_request
2023-08-22 17:04:46,663 - flask_app - INFO - Entering function before_request
2023-08-22 17:04:46,664 - flask_app - INFO - Entering function after_request
2023-08-22 17:04:46,664 - flask_app - INFO - Exiting function before_request
2023-08-22 17:04:46,664 - flask_app - INFO - Entering function before_request
2023-08-22 17:04:46,664 - flask_app - INFO - Exiting function before_request
2023-08-22 17:04:46,665 - flask_app - INFO - Exiting function after_request
2023-08-22 17:04:46,665 - flask_app - INFO - Entering function after_request
2023-08-22 17:04:46,665 - flask_app - INFO - Exiting function before_request
2023-08-22 17:04:46,665 - flask_app - INFO - Entering function after_request
2023-08-22 17:04:46,667 - flask_app - INFO - Exiting function after_request
2023-08-22 17:04:46,667 - flask_app - INFO - Entering function after_request
2023-08-22 17:04:46,668 - flask_app - INFO - Exiting function after_request
2023-08-22 17:04:46,668 - flask_app - INFO - Entering function after_request
2023-08-22 17:04:46,668 - flask_app - INFO - Exiting function after_request
2023-08-22 17:04:46,668 - flask_app - INFO - Exiting function after_request
2023-08-22 17:04:46,743 - flask_app - INFO - Entering function redirect_to_https
2023-08-22 17:04:46,744 - flask_app - INFO - Exiting function redirect_to_https
2023-08-22 17:04:46,744 - flask_app - INFO - Entering function redirect_to_https
2023-08-22 17:04:46,744 - flask_app - INFO - Entering function before_request
2023-08-22 17:04:46,745 - flask_app - INFO - Exiting function redirect_to_https
2023-08-22 17:04:46,745 - flask_app - INFO - Exiting function before_request
2023-08-22 17:04:46,745 - flask_app - INFO - Entering function before_request
2023-08-22 17:04:46,745 - flask_app - INFO - Entering function query
2023-08-22 17:04:46,746 - flask_app - INFO - Exiting function before_request
2023-08-22 17:04:46,746 - flask_app - INFO - Entering function load_user
2023-08-22 17:04:46,746 - flask_app - INFO - Entering function query
2023-08-22 17:04:46,747 - flask_app - INFO - Entering function load_user
2023-08-22 17:04:46,749 - flask_app - INFO - Exiting function load_user
2023-08-22 17:04:46,749 - flask_app - INFO - Exiting function load_user
2023-08-22 17:04:46,769 - flask_app - INFO - Exiting function query
2023-08-22 17:04:46,769 - flask_app - INFO - Exiting function query
2023-08-22 17:04:46,770 - flask_app - INFO - Entering function after_request
2023-08-22 17:04:46,770 - flask_app - INFO - Entering function after_request
2023-08-22 17:04:46,770 - flask_app - INFO - Exiting function after_request
2023-08-22 17:04:46,770 - flask_app - INFO - Exiting function after_request
2023-08-22 17:04:46,822 - flask_app - INFO - Entering function redirect_to_https
2023-08-22 17:04:46,822 - flask_app - INFO - Exiting function redirect_to_https
2023-08-22 17:04:46,824 - flask_app - INFO - Entering function before_request
2023-08-22 17:04:46,824 - flask_app - INFO - Exiting function before_request
2023-08-22 17:04:46,824 - flask_app - INFO - Entering function after_request
2023-08-22 17:04:46,824 - flask_app - INFO - Exiting function after_request
2023-08-22 17:04:51,773 - flask_app - INFO - Entering function redirect_to_https
2023-08-22 17:04:51,773 - flask_app - INFO - Exiting function redirect_to_https
2023-08-22 17:04:51,773 - flask_app - INFO - Entering function before_request
2023-08-22 17:04:51,774 - flask_app - INFO - Exiting function before_request
2023-08-22 17:04:51,774 - flask_app - INFO - Entering function query
2023-08-22 17:04:51,774 - flask_app - INFO - Entering function load_user
2023-08-22 17:04:51,776 - flask_app - INFO - Exiting function load_user
2023-08-22 17:04:51,793 - flask_app - INFO - Exiting function query
2023-08-22 17:04:51,794 - flask_app - INFO - Entering function after_request
2023-08-22 17:04:51,794 - flask_app - INFO - Exiting function after_request
2023-08-22 17:04:51,801 - flask_app - INFO - Entering function redirect_to_https
2023-08-22 17:04:51,802 - flask_app - INFO - Exiting function redirect_to_https
2023-08-22 17:04:51,802 - flask_app - INFO - Entering function before_request
2023-08-22 17:04:51,802 - flask_app - INFO - Exiting function before_request
2023-08-22 17:04:51,802 - flask_app - INFO - Entering function query
2023-08-22 17:04:51,802 - flask_app - INFO - Entering function load_user
2023-08-22 17:04:51,804 - flask_app - INFO - Exiting function load_user
2023-08-22 17:04:51,823 - flask_app - INFO - Exiting function query
2023-08-22 17:04:51,823 - flask_app - INFO - Entering function after_request
2023-08-22 17:04:51,823 - flask_app - INFO - Exiting function after_request
2023-08-22 17:04:56,780 - flask_app - INFO - Entering function redirect_to_https
2023-08-22 17:04:56,780 - flask_app - INFO - Exiting function redirect_to_https
2023-08-22 17:04:56,780 - flask_app - INFO - Entering function before_request
2023-08-22 17:04:56,781 - flask_app - INFO - Exiting function before_request
2023-08-22 17:04:56,781 - flask_app - INFO - Entering function query
2023-08-22 17:04:56,781 - flask_app - INFO - Entering function load_user
2023-08-22 17:04:56,783 - flask_app - INFO - Exiting function load_user
2023-08-22 17:04:56,797 - flask_app - INFO - Exiting function query
2023-08-22 17:04:56,797 - flask_app - INFO - Entering function after_request
2023-08-22 17:04:56,797 - flask_app - INFO - Exiting function after_request
2023-08-22 17:04:56,843 - flask_app - INFO - Entering function redirect_to_https
2023-08-22 17:04:56,843 - flask_app - INFO - Exiting function redirect_to_https
2023-08-22 17:04:56,844 - flask_app - INFO - Entering function before_request
2023-08-22 17:04:56,844 - flask_app - INFO - Exiting function before_request
2023-08-22 17:04:56,845 - flask_app - INFO - Entering function query
2023-08-22 17:04:56,845 - flask_app - INFO - Entering function load_user
2023-08-22 17:04:56,846 - flask_app - INFO - Exiting function load_user
2023-08-22 17:04:56,863 - flask_app - INFO - Exiting function query
2023-08-22 17:04:56,863 - flask_app - INFO - Entering function after_request
2023-08-22 17:04:56,863 - flask_app - INFO - Exiting function after_request
2023-08-22 17:05:01,792 - flask_app - INFO - Entering function redirect_to_https
2023-08-22 17:05:01,793 - flask_app - INFO - Exiting function redirect_to_https
2023-08-22 17:05:01,793 - flask_app - INFO - Entering function before_request
2023-08-22 17:05:01,794 - flask_app - INFO - Exiting function before_request
2023-08-22 17:05:01,794 - flask_app - INFO - Entering function query
2023-08-22 17:05:01,794 - flask_app - INFO - Entering function load_user
2023-08-22 17:05:01,795 - flask_app - INFO - Exiting function load_user
2023-08-22 17:05:01,812 - flask_app - INFO - Exiting function query
2023-08-22 17:05:01,812 - flask_app - INFO - Entering function after_request
2023-08-22 17:05:01,812 - flask_app - INFO - Exiting function after_request
2023-08-22 17:05:01,886 - flask_app - INFO - Entering function redirect_to_https
2023-08-22 17:05:01,886 - flask_app - INFO - Exiting function redirect_to_https
2023-08-22 17:05:01,886 - flask_app - INFO - Entering function before_request
2023-08-22 17:05:01,887 - flask_app - INFO - Exiting function before_request
2023-08-22 17:05:01,888 - flask_app - INFO - Entering function query
2023-08-22 17:05:01,888 - flask_app - INFO - Entering function load_user
2023-08-22 17:05:01,890 - flask_app - INFO - Exiting function load_user
2023-08-22 17:05:01,906 - flask_app - INFO - Exiting function query
2023-08-22 17:05:01,907 - flask_app - INFO - Entering function after_request
2023-08-22 17:05:01,907 - flask_app - INFO - Exiting function after_request
2023-08-22 17:05:07,241 - flask_app - INFO - Entering function redirect_to_https
2023-08-22 17:05:07,241 - flask_app - INFO - Exiting function redirect_to_https
2023-08-22 17:05:07,241 - flask_app - INFO - Entering function redirect_to_https
2023-08-22 17:05:07,241 - flask_app - INFO - Entering function before_request
2023-08-22 17:05:07,241 - flask_app - INFO - Exiting function redirect_to_https
2023-08-22 17:05:07,242 - flask_app - INFO - Exiting function before_request
2023-08-22 17:05:07,242 - flask_app - INFO - Entering function before_request
2023-08-22 17:05:07,242 - flask_app - INFO - Entering function query
2023-08-22 17:05:07,243 - flask_app - INFO - Exiting function before_request
2023-08-22 17:05:07,243 - flask_app - INFO - Entering function load_user
2023-08-22 17:05:07,243 - flask_app - INFO - Entering function query
2023-08-22 17:05:07,244 - flask_app - INFO - Entering function load_user
2023-08-22 17:05:07,245 - flask_app - INFO - Exiting function load_user
2023-08-22 17:05:07,245 - flask_app - INFO - Exiting function load_user
2023-08-22 17:05:07,264 - flask_app - INFO - Exiting function query
2023-08-22 17:05:07,264 - flask_app - INFO - Exiting function query
2023-08-22 17:05:07,264 - flask_app - INFO - Entering function after_request
2023-08-22 17:05:07,264 - flask_app - INFO - Entering function after_request
2023-08-22 17:05:07,264 - flask_app - INFO - Exiting function after_request
2023-08-22 17:05:07,265 - flask_app - INFO - Exiting function after_request
2023-08-22 17:05:12,253 - flask_app - INFO - Entering function redirect_to_https
2023-08-22 17:05:12,253 - flask_app - INFO - Exiting function redirect_to_https
2023-08-22 17:05:12,253 - flask_app - INFO - Entering function before_request
2023-08-22 17:05:12,255 - flask_app - INFO - Exiting function before_request
2023-08-22 17:05:12,255 - flask_app - INFO - Entering function query
2023-08-22 17:05:12,255 - flask_app - INFO - Entering function load_user
2023-08-22 17:05:12,257 - flask_app - INFO - Exiting function load_user
2023-08-22 17:05:12,275 - flask_app - INFO - Exiting function query
2023-08-22 17:05:12,275 - flask_app - INFO - Entering function after_request
2023-08-22 17:05:12,276 - flask_app - INFO - Exiting function after_request
2023-08-22 17:05:12,282 - flask_app - INFO - Entering function redirect_to_https
2023-08-22 17:05:12,282 - flask_app - INFO - Exiting function redirect_to_https
2023-08-22 17:05:12,282 - flask_app - INFO - Entering function before_request
2023-08-22 17:05:12,283 - flask_app - INFO - Exiting function before_request
2023-08-22 17:05:12,283 - flask_app - INFO - Entering function query
2023-08-22 17:05:12,283 - flask_app - INFO - Entering function load_user
2023-08-22 17:05:12,285 - flask_app - INFO - Exiting function load_user
2023-08-22 17:05:12,301 - flask_app - INFO - Exiting function query
2023-08-22 17:05:12,301 - flask_app - INFO - Entering function after_request
2023-08-22 17:05:12,301 - flask_app - INFO - Exiting function after_request
2023-08-22 17:05:17,320 - flask_app - INFO - Entering function redirect_to_https
2023-08-22 17:05:17,322 - flask_app - INFO - Exiting function redirect_to_https
2023-08-22 17:05:17,322 - flask_app - INFO - Entering function redirect_to_https
2023-08-22 17:05:17,322 - flask_app - INFO - Entering function before_request
2023-08-22 17:05:17,322 - flask_app - INFO - Exiting function redirect_to_https
2023-08-22 17:05:17,323 - flask_app - INFO - Exiting function before_request
2023-08-22 17:05:17,323 - flask_app - INFO - Entering function before_request
2023-08-22 17:05:17,323 - flask_app - INFO - Entering function query
2023-08-22 17:05:17,324 - flask_app - INFO - Exiting function before_request
2023-08-22 17:05:17,324 - flask_app - INFO - Entering function load_user
2023-08-22 17:05:17,324 - flask_app - INFO - Entering function query
2023-08-22 17:05:17,325 - flask_app - INFO - Entering function load_user
2023-08-22 17:05:17,326 - flask_app - INFO - Exiting function load_user
2023-08-22 17:05:17,327 - flask_app - INFO - Exiting function load_user
2023-08-22 17:05:17,344 - flask_app - INFO - Exiting function query
2023-08-22 17:05:17,344 - flask_app - INFO - Exiting function query
2023-08-22 17:05:17,345 - flask_app - INFO - Entering function after_request
2023-08-22 17:05:17,345 - flask_app - INFO - Entering function after_request
2023-08-22 17:05:17,345 - flask_app - INFO - Exiting function after_request
2023-08-22 17:05:17,345 - flask_app - INFO - Exiting function after_request
2023-08-22 17:05:22,326 - flask_app - INFO - Entering function redirect_to_https
2023-08-22 17:05:22,326 - flask_app - INFO - Exiting function redirect_to_https
2023-08-22 17:05:22,326 - flask_app - INFO - Entering function before_request
2023-08-22 17:05:22,326 - flask_app - INFO - Exiting function before_request
2023-08-22 17:05:22,327 - flask_app - INFO - Entering function query
2023-08-22 17:05:22,327 - flask_app - INFO - Entering function load_user
2023-08-22 17:05:22,329 - flask_app - INFO - Exiting function load_user
2023-08-22 17:05:22,346 - flask_app - INFO - Exiting function query
2023-08-22 17:05:22,346 - flask_app - INFO - Entering function after_request
2023-08-22 17:05:22,347 - flask_app - INFO - Exiting function after_request
2023-08-22 17:05:22,354 - flask_app - INFO - Entering function redirect_to_https
2023-08-22 17:05:22,355 - flask_app - INFO - Exiting function redirect_to_https
2023-08-22 17:05:22,355 - flask_app - INFO - Entering function before_request
2023-08-22 17:05:22,355 - flask_app - INFO - Exiting function before_request
2023-08-22 17:05:22,356 - flask_app - INFO - Entering function query
2023-08-22 17:05:22,356 - flask_app - INFO - Entering function load_user
2023-08-22 17:05:22,358 - flask_app - INFO - Exiting function load_user
2023-08-22 17:05:22,376 - flask_app - INFO - Exiting function query
2023-08-22 17:05:22,377 - flask_app - INFO - Entering function after_request
2023-08-22 17:05:22,377 - flask_app - INFO - Exiting function after_request
2023-08-22 17:05:27,394 - flask_app - INFO - Entering function redirect_to_https
2023-08-22 17:05:27,394 - flask_app - INFO - Exiting function redirect_to_https
2023-08-22 17:05:27,394 - flask_app - INFO - Entering function redirect_to_https
2023-08-22 17:05:27,394 - flask_app - INFO - Entering function before_request
2023-08-22 17:05:27,394 - flask_app - INFO - Exiting function redirect_to_https
2023-08-22 17:05:27,394 - flask_app - INFO - Exiting function before_request
2023-08-22 17:05:27,394 - flask_app - INFO - Entering function before_request
2023-08-22 17:05:27,395 - flask_app - INFO - Entering function query
2023-08-22 17:05:27,395 - flask_app - INFO - Exiting function before_request
2023-08-22 17:05:27,395 - flask_app - INFO - Entering function load_user
2023-08-22 17:05:27,395 - flask_app - INFO - Entering function query
2023-08-22 17:05:27,397 - flask_app - INFO - Entering function load_user
2023-08-22 17:05:27,399 - flask_app - INFO - Exiting function load_user
2023-08-22 17:05:27,399 - flask_app - INFO - Exiting function load_user
2023-08-22 17:05:27,417 - flask_app - INFO - Exiting function query
2023-08-22 17:05:27,417 - flask_app - INFO - Exiting function query
2023-08-22 17:05:27,417 - flask_app - INFO - Entering function after_request
2023-08-22 17:05:27,417 - flask_app - INFO - Entering function after_request
2023-08-22 17:05:27,417 - flask_app - INFO - Exiting function after_request
2023-08-22 17:05:27,417 - flask_app - INFO - Exiting function after_request
2023-08-22 17:05:32,394 - flask_app - INFO - Entering function redirect_to_https
2023-08-22 17:05:32,395 - flask_app - INFO - Exiting function redirect_to_https
2023-08-22 17:05:32,395 - flask_app - INFO - Entering function before_request
2023-08-22 17:05:32,395 - flask_app - INFO - Exiting function before_request
2023-08-22 17:05:32,396 - flask_app - INFO - Entering function query
2023-08-22 17:05:32,396 - flask_app - INFO - Entering function load_user
2023-08-22 17:05:32,397 - flask_app - INFO - Exiting function load_user
2023-08-22 17:05:32,415 - flask_app - INFO - Exiting function query
2023-08-22 17:05:32,415 - flask_app - INFO - Entering function after_request
2023-08-22 17:05:32,415 - flask_app - INFO - Exiting function after_request
2023-08-22 17:05:32,440 - flask_app - INFO - Entering function redirect_to_https
2023-08-22 17:05:32,440 - flask_app - INFO - Exiting function redirect_to_https
2023-08-22 17:05:32,440 - flask_app - INFO - Entering function before_request
2023-08-22 17:05:32,442 - flask_app - INFO - Exiting function before_request
2023-08-22 17:05:32,442 - flask_app - INFO - Entering function query
2023-08-22 17:05:32,442 - flask_app - INFO - Entering function load_user
2023-08-22 17:05:32,443 - flask_app - INFO - Exiting function load_user
2023-08-22 17:05:32,461 - flask_app - INFO - Exiting function query
2023-08-22 17:05:32,461 - flask_app - INFO - Entering function after_request
2023-08-22 17:05:32,462 - flask_app - INFO - Exiting function after_request
