2023-08-24 13:07:10,852 - flask_app - ERROR - Exception occurred in function on_join. Extra info: No extra info provided.
Traceback (most recent call last):
  File "C:\Users\kevin\Documents\Cephadex\cards\models\helpers\log_decorators.py", line 17, in wrapper
    result = f(*args, **kwargs)
             ^^^^^^^^^^^^^^^^^^
  File "C:\Users\kevin\Documents\Cephadex\cards\views\game_bp.py", line 267, in on_join
    players_list.game_bpend({'user_id': player.player_id, 'username': player.username})
    ^^^^^^^^^^^^^^^^^^^^^^^
AttributeError: 'list' object has no attribute 'game_bpend'
2023-08-24 13:07:21,231 - flask_app - ERROR - Exception occurred in function game_play. Extra info: No extra info provided.
Traceback (most recent call last):
  File "C:\Users\kevin\Documents\Cephadex\cards\models\helpers\log_decorators.py", line 17, in wrapper
    result = f(*args, **kwargs)
             ^^^^^^^^^^^^^^^^^^
  File "C:\Users\kevin\Documents\Cephadex\cards\views\game_bp.py", line 151, in game_play
    players.game_bpend(player)
    ^^^^^^^^^^^^^^^^^^
AttributeError: 'list' object has no attribute 'game_bpend'
2023-08-24 13:18:07,579 - flask_app - ERROR - Exception occurred in function why_wrong. Extra info: No extra info provided.
Traceback (most recent call last):
  File "C:\Users\kevin\Documents\Cephadex\cards\models\helpers\log_decorators.py", line 17, in wrapper
    result = f(*args, **kwargs)
             ^^^^^^^^^^^^^^^^^^
  File "C:\Users\kevin\Documents\Cephadex\cards\views\deck_bp.py", line 874, in why_wrong
    ww_prompt = open_ai_caller.why_wrong_builder(c_card_id)
                ^^^^^^^^^^^^^^^^^^^^^^^^^^^^^^^^
AttributeError: 'AiCaller' object has no attribute 'why_wrong_builder'
2023-08-24 13:18:09,773 - flask_app - ERROR - Exception occurred in function why_wrong. Extra info: No extra info provided.
Traceback (most recent call last):
  File "C:\Users\kevin\Documents\Cephadex\cards\models\helpers\log_decorators.py", line 17, in wrapper
    result = f(*args, **kwargs)
             ^^^^^^^^^^^^^^^^^^
  File "C:\Users\kevin\Documents\Cephadex\cards\views\deck_bp.py", line 874, in why_wrong
    ww_prompt = open_ai_caller.why_wrong_builder(c_card_id)
                ^^^^^^^^^^^^^^^^^^^^^^^^^^^^^^^^
AttributeError: 'AiCaller' object has no attribute 'why_wrong_builder'
2023-08-24 14:02:09,961 - flask_app - ERROR - Exception occurred in function call_credit_counter. Extra info: No extra info provided.
Traceback (most recent call last):
  File "C:\Users\kevin\Documents\Cephadex\cards\models\helpers\log_decorators.py", line 17, in wrapper
    result = f(*args, **kwargs)
             ^^^^^^^^^^^^^^^^^^
  File "C:\Users\kevin\Documents\Cephadex\cards\views\extract_bp.py", line 94, in call_credit_counter
    raise e
  File "C:\Users\kevin\Documents\Cephadex\cards\views\extract_bp.py", line 82, in call_credit_counter
    credit = round(tokens_to_credit(tokens_general(form)), 1)
                                    ^^^^^^^^^^^^^^^^^^^^
  File "C:\Users\kevin\Documents\Cephadex\cards\models\extractors\extractor.py", line 294, in tokens_general
    return convert_time_to_tokens(duration)
           ^^^^^^^^^^^^^^^^^^^^^^^^^^^^^^^^
  File "C:\Users\kevin\Documents\Cephadex\cards\models\extractors\extractor.py", line 579, in convert_time_to_tokens
    logger.info("converting time to tokens")
    ^^^^^^
NameError: name 'logger' is not defined
2023-08-24 14:03:34,707 - flask_app - ERROR - unsupported operand type(s) for -: 'int' and 'NoneType'
2023-08-24 14:03:34,710 - flask_app - ERROR - Exception occurred in function extract. Extra info: No extra info provided.
Traceback (most recent call last):
  File "C:\Users\kevin\Documents\Cephadex\cards\models\helpers\log_decorators.py", line 17, in wrapper
    result = f(*args, **kwargs)
             ^^^^^^^^^^^^^^^^^^
  File "C:\Users\kevin\Documents\Cephadex\cards\views\extract_bp.py", line 70, in extract
    raise e
  File "C:\Users\kevin\Documents\Cephadex\cards\views\extract_bp.py", line 49, in extract
    if current_user.perform_operation('extract', extract_obj.tokens) is False:
       ^^^^^^^^^^^^^^^^^^^^^^^^^^^^^^^^^^^^^^^^^^^^^^^^^^^^^^^^^^^^^
  File "C:\Users\kevin\Documents\Cephadex\cards\models\user\user.py", line 139, in perform_operation
    if remaining_count - n <= 0:
       ~~~~~~~~~~~~~~~~^~~
TypeError: unsupported operand type(s) for -: 'int' and 'NoneType'
2023-08-24 14:06:24,609 - flask_app - ERROR - unsupported operand type(s) for -: 'int' and 'NoneType'
2023-08-24 14:06:24,616 - flask_app - ERROR - Exception occurred in function extract. Extra info: No extra info provided.
Traceback (most recent call last):
  File "C:\Users\kevin\Documents\Cephadex\cards\models\helpers\log_decorators.py", line 17, in wrapper
    result = f(*args, **kwargs)
             ^^^^^^^^^^^^^^^^^^
  File "C:\Users\kevin\Documents\Cephadex\cards\views\extract_bp.py", line 70, in extract
    raise e
  File "C:\Users\kevin\Documents\Cephadex\cards\views\extract_bp.py", line 49, in extract
    if current_user.perform_operation('extract', extract_obj.tokens) is False:
       ^^^^^^^^^^^^^^^^^^^^^^^^^^^^^^^^^^^^^^^^^^^^^^^^^^^^^^^^^^^^^
  File "C:\Users\kevin\Documents\Cephadex\cards\models\user\user.py", line 142, in perform_operation
    if remaining_count - n <= 0:
       ~~~~~~~~~~~~~~~~^~~
TypeError: unsupported operand type(s) for -: 'int' and 'NoneType'
2023-08-24 14:10:18,156 - flask_app - ERROR - unsupported operand type(s) for -: 'int' and 'NoneType'
2023-08-24 14:10:18,162 - flask_app - ERROR - Exception occurred in function extract. Extra info: No extra info provided.
Traceback (most recent call last):
  File "C:\Users\kevin\Documents\Cephadex\cards\models\helpers\log_decorators.py", line 17, in wrapper
    result = f(*args, **kwargs)
             ^^^^^^^^^^^^^^^^^^
  File "C:\Users\kevin\Documents\Cephadex\cards\views\extract_bp.py", line 70, in extract
    raise e
  File "C:\Users\kevin\Documents\Cephadex\cards\views\extract_bp.py", line 49, in extract
    if current_user.perform_operation('extract', extract_obj.tokens) is False:
       ^^^^^^^^^^^^^^^^^^^^^^^^^^^^^^^^^^^^^^^^^^^^^^^^^^^^^^^^^^^^^
  File "C:\Users\kevin\Documents\Cephadex\cards\models\user\user.py", line 142, in perform_operation
    if remaining_count - n <= 0:
       ~~~~~~~~~~~~~~~~^~~
TypeError: unsupported operand type(s) for -: 'int' and 'NoneType'
2023-08-24 14:12:53,513 - flask_app - ERROR - unsupported operand type(s) for -: 'int' and 'NoneType'
2023-08-24 14:12:53,517 - flask_app - ERROR - Exception occurred in function extract. Extra info: No extra info provided.
Traceback (most recent call last):
  File "C:\Users\kevin\Documents\Cephadex\cards\models\helpers\log_decorators.py", line 17, in wrapper
    result = f(*args, **kwargs)
             ^^^^^^^^^^^^^^^^^^
  File "C:\Users\kevin\Documents\Cephadex\cards\views\extract_bp.py", line 70, in extract
    raise e
  File "C:\Users\kevin\Documents\Cephadex\cards\views\extract_bp.py", line 49, in extract
    if current_user.perform_operation('extract', extract_obj.tokens) is False:
       ^^^^^^^^^^^^^^^^^^^^^^^^^^^^^^^^^^^^^^^^^^^^^^^^^^^^^^^^^^^^^
  File "C:\Users\kevin\Documents\Cephadex\cards\models\user\user.py", line 142, in perform_operation
    if remaining_count - n <= 0:
       ~~~~~~~~~~~~~~~~^~~
TypeError: unsupported operand type(s) for -: 'int' and 'NoneType'
2023-08-24 14:13:55,813 - flask_app - ERROR - unsupported operand type(s) for -: 'int' and 'NoneType'
2023-08-24 14:13:55,818 - flask_app - ERROR - Exception occurred in function extract. Extra info: No extra info provided.
Traceback (most recent call last):
  File "C:\Users\kevin\Documents\Cephadex\cards\models\helpers\log_decorators.py", line 17, in wrapper
    result = f(*args, **kwargs)
             ^^^^^^^^^^^^^^^^^^
  File "C:\Users\kevin\Documents\Cephadex\cards\views\extract_bp.py", line 70, in extract
    raise e
  File "C:\Users\kevin\Documents\Cephadex\cards\views\extract_bp.py", line 49, in extract
    if current_user.perform_operation('extract', extract_obj.tokens) is False:
       ^^^^^^^^^^^^^^^^^^^^^^^^^^^^^^^^^^^^^^^^^^^^^^^^^^^^^^^^^^^^^
  File "C:\Users\kevin\Documents\Cephadex\cards\models\user\user.py", line 142, in perform_operation
    if remaining_count - n <= 0:
       ~~~~~~~~~~~~~~~~^~~
TypeError: unsupported operand type(s) for -: 'int' and 'NoneType'
2023-08-24 14:14:52,215 - flask_app - ERROR - unsupported operand type(s) for -: 'int' and 'NoneType'
2023-08-24 14:14:52,219 - flask_app - ERROR - Exception occurred in function extract. Extra info: No extra info provided.
Traceback (most recent call last):
  File "C:\Users\kevin\Documents\Cephadex\cards\models\helpers\log_decorators.py", line 17, in wrapper
    result = f(*args, **kwargs)
             ^^^^^^^^^^^^^^^^^^
  File "C:\Users\kevin\Documents\Cephadex\cards\views\extract_bp.py", line 70, in extract
    raise e
  File "C:\Users\kevin\Documents\Cephadex\cards\views\extract_bp.py", line 49, in extract
    if current_user.perform_operation('extract', extract_obj.tokens) is False:
       ^^^^^^^^^^^^^^^^^^^^^^^^^^^^^^^^^^^^^^^^^^^^^^^^^^^^^^^^^^^^^
  File "C:\Users\kevin\Documents\Cephadex\cards\models\user\user.py", line 142, in perform_operation
    if remaining_count - n <= 0:
       ~~~~~~~~~~~~~~~~^~~
TypeError: unsupported operand type(s) for -: 'int' and 'NoneType'
2023-08-24 14:15:36,665 - flask_app - ERROR - unsupported operand type(s) for -: 'int' and 'NoneType'
2023-08-24 14:15:36,669 - flask_app - ERROR - Exception occurred in function extract. Extra info: No extra info provided.
Traceback (most recent call last):
  File "C:\Users\kevin\Documents\Cephadex\cards\models\helpers\log_decorators.py", line 17, in wrapper
    result = f(*args, **kwargs)
             ^^^^^^^^^^^^^^^^^^
  File "C:\Users\kevin\Documents\Cephadex\cards\views\extract_bp.py", line 70, in extract
    raise e
  File "C:\Users\kevin\Documents\Cephadex\cards\views\extract_bp.py", line 49, in extract
    if current_user.perform_operation('extract', extract_obj.tokens) is False:
       ^^^^^^^^^^^^^^^^^^^^^^^^^^^^^^^^^^^^^^^^^^^^^^^^^^^^^^^^^^^^^
  File "C:\Users\kevin\Documents\Cephadex\cards\models\user\user.py", line 142, in perform_operation
    if remaining_count - n <= 0:
       ~~~~~~~~~~~~~~~~^~~
TypeError: unsupported operand type(s) for -: 'int' and 'NoneType'
2023-08-24 14:17:10,909 - flask_app - ERROR - 'Extractor' object has no attribute 'type'
2023-08-24 14:17:10,914 - flask_app - ERROR - Exception occurred in function extract. Extra info: No extra info provided.
Traceback (most recent call last):
  File "C:\Users\kevin\Documents\Cephadex\cards\models\helpers\log_decorators.py", line 17, in wrapper
    result = f(*args, **kwargs)
             ^^^^^^^^^^^^^^^^^^
  File "C:\Users\kevin\Documents\Cephadex\cards\views\extract_bp.py", line 70, in extract
    raise e
  File "C:\Users\kevin\Documents\Cephadex\cards\views\extract_bp.py", line 57, in extract
    extract_obj.save_source_text()
  File "C:\Users\kevin\Documents\Cephadex\cards\models\extractors\extractor.py", line 179, in save_source_text
    if self.type not in ['.wav', '.mp3']:
       ^^^^^^^^^
AttributeError: 'Extractor' object has no attribute 'type'
2023-08-24 14:25:15,564 - flask_app - ERROR - 'Extractor' object has no attribute 'type'
2023-08-24 14:25:15,568 - flask_app - ERROR - Exception occurred in function extract. Extra info: No extra info provided.
Traceback (most recent call last):
  File "C:\Users\kevin\Documents\Cephadex\cards\models\helpers\log_decorators.py", line 17, in wrapper
    result = f(*args, **kwargs)
             ^^^^^^^^^^^^^^^^^^
  File "C:\Users\kevin\Documents\Cephadex\cards\views\extract_bp.py", line 70, in extract
    raise e
  File "C:\Users\kevin\Documents\Cephadex\cards\views\extract_bp.py", line 58, in extract
    extract_obj.create_jobs()
  File "C:\Users\kevin\Documents\Cephadex\cards\models\extractors\extractor.py", line 208, in create_jobs
    self.notification_creator()
  File "C:\Users\kevin\Documents\Cephadex\cards\models\extractors\extractor.py", line 246, in notification_creator
    input_details=self.type)
                  ^^^^^^^^^
AttributeError: 'Extractor' object has no attribute 'type'
2023-08-26 10:26:44,822 - flask_app - ERROR - Exception occurred in function on_join. Extra info: No extra info provided.
Traceback (most recent call last):
  File "C:\Users\kevin\Documents\Cephadex\cards\models\helpers\log_decorators.py", line 17, in wrapper
    result = f(*args, **kwargs)
             ^^^^^^^^^^^^^^^^^^
  File "C:\Users\kevin\Documents\Cephadex\cards\views\game_bp.py", line 228, in on_join
    players_in_game = PlayerGame.query.filter_by(game_id=game_id).first()
                      ^^^^^^^^^^^^^^^^
  File "C:\Users\kevin\Documents\Cephadex\.venv\Lib\site-packages\flask_sqlalchemy\__init__.py", line 550, in __get__
    mapper = orm.class_mapper(type)
             ^^^^^^^^^^^^^^^^^^^^^^
  File "C:\Users\kevin\Documents\Cephadex\.venv\Lib\site-packages\sqlalchemy\orm\base.py", line 448, in class_mapper
    mapper = _inspect_mapped_class(class_, configure=configure)
             ^^^^^^^^^^^^^^^^^^^^^^^^^^^^^^^^^^^^^^^^^^^^^^^^^^
  File "C:\Users\kevin\Documents\Cephadex\.venv\Lib\site-packages\sqlalchemy\orm\base.py", line 427, in _inspect_mapped_class
    mapper._check_configure()
  File "C:\Users\kevin\Documents\Cephadex\.venv\Lib\site-packages\sqlalchemy\orm\mapper.py", line 1941, in _check_configure
    _configure_registries({self.registry}, cascade=True)
  File "C:\Users\kevin\Documents\Cephadex\.venv\Lib\site-packages\sqlalchemy\orm\mapper.py", line 3527, in _configure_registries
    _do_configure_registries(registries, cascade)
  File "C:\Users\kevin\Documents\Cephadex\.venv\Lib\site-packages\sqlalchemy\orm\mapper.py", line 3562, in _do_configure_registries
    raise e
sqlalchemy.exc.InvalidRequestError: One or more mappers failed to initialize - can't proceed with initialization of other mappers. Triggering mapper: 'mapped class Skill->skill'. Original exception was: relationship 'users' expects a class or a mapper argument (received: <class 'sqlalchemy.sql.schema.Table'>)
2023-08-26 10:29:28,020 - flask_app - ERROR - Exception occurred in function on_join. Extra info: No extra info provided.
Traceback (most recent call last):
  File "C:\Users\kevin\Documents\Cephadex\cards\models\helpers\log_decorators.py", line 17, in wrapper
    result = f(*args, **kwargs)
             ^^^^^^^^^^^^^^^^^^
  File "C:\Users\kevin\Documents\Cephadex\cards\views\game_bp.py", line 228, in on_join
    players_in_game = PlayerGame.query.filter_by(game_id=game_id).first()
                      ^^^^^^^^^^^^^^^^
  File "C:\Users\kevin\Documents\Cephadex\.venv\Lib\site-packages\flask_sqlalchemy\__init__.py", line 550, in __get__
    mapper = orm.class_mapper(type)
             ^^^^^^^^^^^^^^^^^^^^^^
  File "C:\Users\kevin\Documents\Cephadex\.venv\Lib\site-packages\sqlalchemy\orm\base.py", line 448, in class_mapper
    mapper = _inspect_mapped_class(class_, configure=configure)
             ^^^^^^^^^^^^^^^^^^^^^^^^^^^^^^^^^^^^^^^^^^^^^^^^^^
  File "C:\Users\kevin\Documents\Cephadex\.venv\Lib\site-packages\sqlalchemy\orm\base.py", line 427, in _inspect_mapped_class
    mapper._check_configure()
  File "C:\Users\kevin\Documents\Cephadex\.venv\Lib\site-packages\sqlalchemy\orm\mapper.py", line 1941, in _check_configure
    _configure_registries({self.registry}, cascade=True)
  File "C:\Users\kevin\Documents\Cephadex\.venv\Lib\site-packages\sqlalchemy\orm\mapper.py", line 3527, in _configure_registries
    _do_configure_registries(registries, cascade)
  File "C:\Users\kevin\Documents\Cephadex\.venv\Lib\site-packages\sqlalchemy\orm\mapper.py", line 3566, in _do_configure_registries
    mapper._post_configure_properties()
  File "C:\Users\kevin\Documents\Cephadex\.venv\Lib\site-packages\sqlalchemy\orm\mapper.py", line 1958, in _post_configure_properties
    prop.init()
  File "C:\Users\kevin\Documents\Cephadex\.venv\Lib\site-packages\sqlalchemy\orm\interfaces.py", line 231, in init
    self.do_init()
  File "C:\Users\kevin\Documents\Cephadex\.venv\Lib\site-packages\sqlalchemy\orm\relationships.py", line 2152, in do_init
    self._process_dependent_arguments()
  File "C:\Users\kevin\Documents\Cephadex\.venv\Lib\site-packages\sqlalchemy\orm\relationships.py", line 2247, in _process_dependent_arguments
    self.target = self.entity.persist_selectable
                  ^^^^^^^^^^^
  File "C:\Users\kevin\Documents\Cephadex\.venv\Lib\site-packages\sqlalchemy\util\langhelpers.py", line 1113, in __get__
    obj.__dict__[self.__name__] = result = self.fget(obj)
                                           ^^^^^^^^^^^^^^
  File "C:\Users\kevin\Documents\Cephadex\.venv\Lib\site-packages\sqlalchemy\orm\relationships.py", line 2134, in entity
    raise sa_exc.ArgumentError(
sqlalchemy.exc.ArgumentError: relationship 'users' expects a class or a mapper argument (received: <class 'sqlalchemy.sql.schema.Table'>)
2023-08-26 10:33:42,258 - flask_app - ERROR - Exception occurred in function on_join. Extra info: No extra info provided.
Traceback (most recent call last):
  File "C:\Users\kevin\Documents\Cephadex\cards\models\helpers\log_decorators.py", line 17, in wrapper
    result = f(*args, **kwargs)
             ^^^^^^^^^^^^^^^^^^
  File "C:\Users\kevin\Documents\Cephadex\cards\views\game_bp.py", line 231, in on_join
    create_playa(int(game_id), int(user_id))
  File "C:\Users\kevin\Documents\Cephadex\cards\views\game_bp.py", line 207, in create_playa
    players_in_game = PlayerGame.query.filter_by(game_id=game_id).first()
                      ^^^^^^^^^^^^^^^^
  File "C:\Users\kevin\Documents\Cephadex\.venv\Lib\site-packages\flask_sqlalchemy\__init__.py", line 550, in __get__
    mapper = orm.class_mapper(type)
             ^^^^^^^^^^^^^^^^^^^^^^
  File "C:\Users\kevin\Documents\Cephadex\.venv\Lib\site-packages\sqlalchemy\orm\base.py", line 448, in class_mapper
    mapper = _inspect_mapped_class(class_, configure=configure)
             ^^^^^^^^^^^^^^^^^^^^^^^^^^^^^^^^^^^^^^^^^^^^^^^^^^
  File "C:\Users\kevin\Documents\Cephadex\.venv\Lib\site-packages\sqlalchemy\orm\base.py", line 427, in _inspect_mapped_class
    mapper._check_configure()
  File "C:\Users\kevin\Documents\Cephadex\.venv\Lib\site-packages\sqlalchemy\orm\mapper.py", line 1941, in _check_configure
    _configure_registries({self.registry}, cascade=True)
  File "C:\Users\kevin\Documents\Cephadex\.venv\Lib\site-packages\sqlalchemy\orm\mapper.py", line 3527, in _configure_registries
    _do_configure_registries(registries, cascade)
  File "C:\Users\kevin\Documents\Cephadex\.venv\Lib\site-packages\sqlalchemy\orm\mapper.py", line 3562, in _do_configure_registries
    raise e
sqlalchemy.exc.InvalidRequestError: One or more mappers failed to initialize - can't proceed with initialization of other mappers. Triggering mapper: 'mapped class Skill->skill'. Original exception was: relationship 'users' expects a class or a mapper argument (received: <class 'sqlalchemy.sql.schema.Table'>)
2023-08-26 11:01:43,271 - flask_app - ERROR - 'Extractor' object has no attribute 'type'
2023-08-26 11:01:43,277 - flask_app - ERROR - Exception occurred in function extract. Extra info: No extra info provided.
Traceback (most recent call last):
  File "C:\Users\kevin\Documents\Cephadex\cards\models\helpers\log_decorators.py", line 17, in wrapper
    result = f(*args, **kwargs)
             ^^^^^^^^^^^^^^^^^^
  File "C:\Users\kevin\Documents\Cephadex\cards\views\extract_bp.py", line 70, in extract
    raise e
  File "C:\Users\kevin\Documents\Cephadex\cards\views\extract_bp.py", line 58, in extract
    extract_obj.create_jobs()
  File "C:\Users\kevin\Documents\Cephadex\cards\models\extractors\extractor.py", line 202, in create_jobs
    self.notification_creator()
  File "C:\Users\kevin\Documents\Cephadex\cards\models\extractors\extractor.py", line 240, in notification_creator
    input_details=self.type)
                  ^^^^^^^^^
AttributeError: 'Extractor' object has no attribute 'type'
2023-08-26 15:09:46,818 - flask_app - ERROR - Exception occurred in function call_credit_counter. Extra info: No extra info provided.
Traceback (most recent call last):
  File "C:\Users\kevin\Documents\Cephadex\cards\models\helpers\log_decorators.py", line 17, in wrapper
    result = f(*args, **kwargs)
             ^^^^^^^^^^^^^^^^^^
  File "C:\Users\kevin\Documents\Cephadex\cards\views\extract_bp.py", line 94, in call_credit_counter
    raise e
  File "C:\Users\kevin\Documents\Cephadex\cards\views\extract_bp.py", line 82, in call_credit_counter
    credit = round(tokens_to_credit(tokens_general(form)), 1)
                                    ^^^^^^^^^^^^^^^^^^^^
  File "C:\Users\kevin\Documents\Cephadex\cards\models\extractors\extractor.py", line 303, in tokens_general
    raise UnsupportedFileError
models.exceptions.exceptions.UnsupportedFileError: Unsupported file type.
2023-08-26 15:29:10,567 - flask_app - ERROR - Exception occurred in function delete. Extra info: No extra info provided.
Traceback (most recent call last):
  File "C:\Users\kevin\Documents\Cephadex\.venv\Lib\site-packages\mysql\connector\connection_cext.py", line 608, in cmd_query
    self._cmysql.query(
_mysql_connector.MySQLInterfaceError: Cannot delete or update a parent row: a foreign key constraint fails (`mysqldb1`.`deck_attributes`, CONSTRAINT `deck_attributes_ibfk_1` FOREIGN KEY (`deck_id`) REFERENCES `deck` (`id`))

The above exception was the direct cause of the following exception:

Traceback (most recent call last):
  File "C:\Users\kevin\Documents\Cephadex\.venv\Lib\site-packages\sqlalchemy\engine\base.py", line 1900, in _execute_context
    self.dialect.do_execute(
  File "C:\Users\kevin\Documents\Cephadex\.venv\Lib\site-packages\sqlalchemy\engine\default.py", line 736, in do_execute
    cursor.execute(statement, parameters)
  File "C:\Users\kevin\Documents\Cephadex\.venv\Lib\site-packages\mysql\connector\cursor_cext.py", line 330, in execute
    result = self._cnx.cmd_query(
             ^^^^^^^^^^^^^^^^^^^^
  File "C:\Users\kevin\Documents\Cephadex\.venv\Lib\site-packages\mysql\connector\connection_cext.py", line 616, in cmd_query
    raise get_mysql_exception(
mysql.connector.errors.IntegrityError: 1451 (23000): Cannot delete or update a parent row: a foreign key constraint fails (`mysqldb1`.`deck_attributes`, CONSTRAINT `deck_attributes_ibfk_1` FOREIGN KEY (`deck_id`) REFERENCES `deck` (`id`))

The above exception was the direct cause of the following exception:

Traceback (most recent call last):
  File "C:\Users\kevin\Documents\Cephadex\cards\models\helpers\log_decorators.py", line 17, in wrapper
    result = f(*args, **kwargs)
             ^^^^^^^^^^^^^^^^^^
  File "C:\Users\kevin\Documents\Cephadex\cards\views\deck_bp.py", line 106, in delete
    db.session.commit()
  File "<string>", line 2, in commit
  File "C:\Users\kevin\Documents\Cephadex\.venv\Lib\site-packages\sqlalchemy\orm\session.py", line 1451, in commit
    self._transaction.commit(_to_root=self.future)
  File "C:\Users\kevin\Documents\Cephadex\.venv\Lib\site-packages\sqlalchemy\orm\session.py", line 829, in commit
    self._prepare_impl()
  File "C:\Users\kevin\Documents\Cephadex\.venv\Lib\site-packages\sqlalchemy\orm\session.py", line 808, in _prepare_impl
    self.session.flush()
  File "C:\Users\kevin\Documents\Cephadex\.venv\Lib\site-packages\sqlalchemy\orm\session.py", line 3444, in flush
    self._flush(objects)
  File "C:\Users\kevin\Documents\Cephadex\.venv\Lib\site-packages\sqlalchemy\orm\session.py", line 3583, in _flush
    with util.safe_reraise():
  File "C:\Users\kevin\Documents\Cephadex\.venv\Lib\site-packages\sqlalchemy\util\langhelpers.py", line 70, in __exit__
    compat.raise_(
  File "C:\Users\kevin\Documents\Cephadex\.venv\Lib\site-packages\sqlalchemy\util\compat.py", line 211, in raise_
    raise exception
  File "C:\Users\kevin\Documents\Cephadex\.venv\Lib\site-packages\sqlalchemy\orm\session.py", line 3544, in _flush
    flush_context.execute()
  File "C:\Users\kevin\Documents\Cephadex\.venv\Lib\site-packages\sqlalchemy\orm\unitofwork.py", line 456, in execute
    rec.execute(self)
  File "C:\Users\kevin\Documents\Cephadex\.venv\Lib\site-packages\sqlalchemy\orm\unitofwork.py", line 667, in execute
    util.preloaded.orm_persistence.delete_obj(
  File "C:\Users\kevin\Documents\Cephadex\.venv\Lib\site-packages\sqlalchemy\orm\persistence.py", line 343, in delete_obj
    _emit_delete_statements(
  File "C:\Users\kevin\Documents\Cephadex\.venv\Lib\site-packages\sqlalchemy\orm\persistence.py", line 1468, in _emit_delete_statements
    c = connection._execute_20(
        ^^^^^^^^^^^^^^^^^^^^^^^
  File "C:\Users\kevin\Documents\Cephadex\.venv\Lib\site-packages\sqlalchemy\engine\base.py", line 1705, in _execute_20
    return meth(self, args_10style, kwargs_10style, execution_options)
           ^^^^^^^^^^^^^^^^^^^^^^^^^^^^^^^^^^^^^^^^^^^^^^^^^^^^^^^^^^^
  File "C:\Users\kevin\Documents\Cephadex\.venv\Lib\site-packages\sqlalchemy\sql\elements.py", line 334, in _execute_on_connection
    return connection._execute_clauseelement(
           ^^^^^^^^^^^^^^^^^^^^^^^^^^^^^^^^^^
  File "C:\Users\kevin\Documents\Cephadex\.venv\Lib\site-packages\sqlalchemy\engine\base.py", line 1572, in _execute_clauseelement
    ret = self._execute_context(
          ^^^^^^^^^^^^^^^^^^^^^^
  File "C:\Users\kevin\Documents\Cephadex\.venv\Lib\site-packages\sqlalchemy\engine\base.py", line 1943, in _execute_context
    self._handle_dbapi_exception(
  File "C:\Users\kevin\Documents\Cephadex\.venv\Lib\site-packages\sqlalchemy\engine\base.py", line 2124, in _handle_dbapi_exception
    util.raise_(
  File "C:\Users\kevin\Documents\Cephadex\.venv\Lib\site-packages\sqlalchemy\util\compat.py", line 211, in raise_
    raise exception
  File "C:\Users\kevin\Documents\Cephadex\.venv\Lib\site-packages\sqlalchemy\engine\base.py", line 1900, in _execute_context
    self.dialect.do_execute(
  File "C:\Users\kevin\Documents\Cephadex\.venv\Lib\site-packages\sqlalchemy\engine\default.py", line 736, in do_execute
    cursor.execute(statement, parameters)
  File "C:\Users\kevin\Documents\Cephadex\.venv\Lib\site-packages\mysql\connector\cursor_cext.py", line 330, in execute
    result = self._cnx.cmd_query(
             ^^^^^^^^^^^^^^^^^^^^
  File "C:\Users\kevin\Documents\Cephadex\.venv\Lib\site-packages\mysql\connector\connection_cext.py", line 616, in cmd_query
    raise get_mysql_exception(
sqlalchemy.exc.IntegrityError: (mysql.connector.errors.IntegrityError) 1451 (23000): Cannot delete or update a parent row: a foreign key constraint fails (`mysqldb1`.`deck_attributes`, CONSTRAINT `deck_attributes_ibfk_1` FOREIGN KEY (`deck_id`) REFERENCES `deck` (`id`))
[SQL: DELETE FROM deck WHERE deck.id = %(id)s]
[parameters: {'id': 777}]
(Background on this error at: https://sqlalche.me/e/14/gkpj)
2023-08-26 15:29:12,684 - flask_app - ERROR - Exception occurred in function delete. Extra info: No extra info provided.
Traceback (most recent call last):
  File "C:\Users\kevin\Documents\Cephadex\.venv\Lib\site-packages\mysql\connector\connection_cext.py", line 608, in cmd_query
    self._cmysql.query(
_mysql_connector.MySQLInterfaceError: Cannot delete or update a parent row: a foreign key constraint fails (`mysqldb1`.`deck_attributes`, CONSTRAINT `deck_attributes_ibfk_1` FOREIGN KEY (`deck_id`) REFERENCES `deck` (`id`))

The above exception was the direct cause of the following exception:

Traceback (most recent call last):
  File "C:\Users\kevin\Documents\Cephadex\.venv\Lib\site-packages\sqlalchemy\engine\base.py", line 1900, in _execute_context
    self.dialect.do_execute(
  File "C:\Users\kevin\Documents\Cephadex\.venv\Lib\site-packages\sqlalchemy\engine\default.py", line 736, in do_execute
    cursor.execute(statement, parameters)
  File "C:\Users\kevin\Documents\Cephadex\.venv\Lib\site-packages\mysql\connector\cursor_cext.py", line 330, in execute
    result = self._cnx.cmd_query(
             ^^^^^^^^^^^^^^^^^^^^
  File "C:\Users\kevin\Documents\Cephadex\.venv\Lib\site-packages\mysql\connector\connection_cext.py", line 616, in cmd_query
    raise get_mysql_exception(
mysql.connector.errors.IntegrityError: 1451 (23000): Cannot delete or update a parent row: a foreign key constraint fails (`mysqldb1`.`deck_attributes`, CONSTRAINT `deck_attributes_ibfk_1` FOREIGN KEY (`deck_id`) REFERENCES `deck` (`id`))

The above exception was the direct cause of the following exception:

Traceback (most recent call last):
  File "C:\Users\kevin\Documents\Cephadex\cards\models\helpers\log_decorators.py", line 17, in wrapper
    result = f(*args, **kwargs)
             ^^^^^^^^^^^^^^^^^^
  File "C:\Users\kevin\Documents\Cephadex\cards\views\deck_bp.py", line 106, in delete
    db.session.commit()
  File "<string>", line 2, in commit
  File "C:\Users\kevin\Documents\Cephadex\.venv\Lib\site-packages\sqlalchemy\orm\session.py", line 1451, in commit
    self._transaction.commit(_to_root=self.future)
  File "C:\Users\kevin\Documents\Cephadex\.venv\Lib\site-packages\sqlalchemy\orm\session.py", line 829, in commit
    self._prepare_impl()
  File "C:\Users\kevin\Documents\Cephadex\.venv\Lib\site-packages\sqlalchemy\orm\session.py", line 808, in _prepare_impl
    self.session.flush()
  File "C:\Users\kevin\Documents\Cephadex\.venv\Lib\site-packages\sqlalchemy\orm\session.py", line 3444, in flush
    self._flush(objects)
  File "C:\Users\kevin\Documents\Cephadex\.venv\Lib\site-packages\sqlalchemy\orm\session.py", line 3583, in _flush
    with util.safe_reraise():
  File "C:\Users\kevin\Documents\Cephadex\.venv\Lib\site-packages\sqlalchemy\util\langhelpers.py", line 70, in __exit__
    compat.raise_(
  File "C:\Users\kevin\Documents\Cephadex\.venv\Lib\site-packages\sqlalchemy\util\compat.py", line 211, in raise_
    raise exception
  File "C:\Users\kevin\Documents\Cephadex\.venv\Lib\site-packages\sqlalchemy\orm\session.py", line 3544, in _flush
    flush_context.execute()
  File "C:\Users\kevin\Documents\Cephadex\.venv\Lib\site-packages\sqlalchemy\orm\unitofwork.py", line 456, in execute
    rec.execute(self)
  File "C:\Users\kevin\Documents\Cephadex\.venv\Lib\site-packages\sqlalchemy\orm\unitofwork.py", line 667, in execute
    util.preloaded.orm_persistence.delete_obj(
  File "C:\Users\kevin\Documents\Cephadex\.venv\Lib\site-packages\sqlalchemy\orm\persistence.py", line 343, in delete_obj
    _emit_delete_statements(
  File "C:\Users\kevin\Documents\Cephadex\.venv\Lib\site-packages\sqlalchemy\orm\persistence.py", line 1468, in _emit_delete_statements
    c = connection._execute_20(
        ^^^^^^^^^^^^^^^^^^^^^^^
  File "C:\Users\kevin\Documents\Cephadex\.venv\Lib\site-packages\sqlalchemy\engine\base.py", line 1705, in _execute_20
    return meth(self, args_10style, kwargs_10style, execution_options)
           ^^^^^^^^^^^^^^^^^^^^^^^^^^^^^^^^^^^^^^^^^^^^^^^^^^^^^^^^^^^
  File "C:\Users\kevin\Documents\Cephadex\.venv\Lib\site-packages\sqlalchemy\sql\elements.py", line 334, in _execute_on_connection
    return connection._execute_clauseelement(
           ^^^^^^^^^^^^^^^^^^^^^^^^^^^^^^^^^^
  File "C:\Users\kevin\Documents\Cephadex\.venv\Lib\site-packages\sqlalchemy\engine\base.py", line 1572, in _execute_clauseelement
    ret = self._execute_context(
          ^^^^^^^^^^^^^^^^^^^^^^
  File "C:\Users\kevin\Documents\Cephadex\.venv\Lib\site-packages\sqlalchemy\engine\base.py", line 1943, in _execute_context
    self._handle_dbapi_exception(
  File "C:\Users\kevin\Documents\Cephadex\.venv\Lib\site-packages\sqlalchemy\engine\base.py", line 2124, in _handle_dbapi_exception
    util.raise_(
  File "C:\Users\kevin\Documents\Cephadex\.venv\Lib\site-packages\sqlalchemy\util\compat.py", line 211, in raise_
    raise exception
  File "C:\Users\kevin\Documents\Cephadex\.venv\Lib\site-packages\sqlalchemy\engine\base.py", line 1900, in _execute_context
    self.dialect.do_execute(
  File "C:\Users\kevin\Documents\Cephadex\.venv\Lib\site-packages\sqlalchemy\engine\default.py", line 736, in do_execute
    cursor.execute(statement, parameters)
  File "C:\Users\kevin\Documents\Cephadex\.venv\Lib\site-packages\mysql\connector\cursor_cext.py", line 330, in execute
    result = self._cnx.cmd_query(
             ^^^^^^^^^^^^^^^^^^^^
  File "C:\Users\kevin\Documents\Cephadex\.venv\Lib\site-packages\mysql\connector\connection_cext.py", line 616, in cmd_query
    raise get_mysql_exception(
sqlalchemy.exc.IntegrityError: (mysql.connector.errors.IntegrityError) 1451 (23000): Cannot delete or update a parent row: a foreign key constraint fails (`mysqldb1`.`deck_attributes`, CONSTRAINT `deck_attributes_ibfk_1` FOREIGN KEY (`deck_id`) REFERENCES `deck` (`id`))
[SQL: DELETE FROM deck WHERE deck.id = %(id)s]
[parameters: {'id': 777}]
(Background on this error at: https://sqlalche.me/e/14/gkpj)
2023-08-26 15:29:14,727 - flask_app - ERROR - Exception occurred in function delete. Extra info: No extra info provided.
Traceback (most recent call last):
  File "C:\Users\kevin\Documents\Cephadex\.venv\Lib\site-packages\mysql\connector\connection_cext.py", line 608, in cmd_query
    self._cmysql.query(
_mysql_connector.MySQLInterfaceError: Cannot delete or update a parent row: a foreign key constraint fails (`mysqldb1`.`deck_attributes`, CONSTRAINT `deck_attributes_ibfk_1` FOREIGN KEY (`deck_id`) REFERENCES `deck` (`id`))

The above exception was the direct cause of the following exception:

Traceback (most recent call last):
  File "C:\Users\kevin\Documents\Cephadex\.venv\Lib\site-packages\sqlalchemy\engine\base.py", line 1900, in _execute_context
    self.dialect.do_execute(
  File "C:\Users\kevin\Documents\Cephadex\.venv\Lib\site-packages\sqlalchemy\engine\default.py", line 736, in do_execute
    cursor.execute(statement, parameters)
  File "C:\Users\kevin\Documents\Cephadex\.venv\Lib\site-packages\mysql\connector\cursor_cext.py", line 330, in execute
    result = self._cnx.cmd_query(
             ^^^^^^^^^^^^^^^^^^^^
  File "C:\Users\kevin\Documents\Cephadex\.venv\Lib\site-packages\mysql\connector\connection_cext.py", line 616, in cmd_query
    raise get_mysql_exception(
mysql.connector.errors.IntegrityError: 1451 (23000): Cannot delete or update a parent row: a foreign key constraint fails (`mysqldb1`.`deck_attributes`, CONSTRAINT `deck_attributes_ibfk_1` FOREIGN KEY (`deck_id`) REFERENCES `deck` (`id`))

The above exception was the direct cause of the following exception:

Traceback (most recent call last):
  File "C:\Users\kevin\Documents\Cephadex\cards\models\helpers\log_decorators.py", line 17, in wrapper
    result = f(*args, **kwargs)
             ^^^^^^^^^^^^^^^^^^
  File "C:\Users\kevin\Documents\Cephadex\cards\views\deck_bp.py", line 106, in delete
    db.session.commit()
  File "<string>", line 2, in commit
  File "C:\Users\kevin\Documents\Cephadex\.venv\Lib\site-packages\sqlalchemy\orm\session.py", line 1451, in commit
    self._transaction.commit(_to_root=self.future)
  File "C:\Users\kevin\Documents\Cephadex\.venv\Lib\site-packages\sqlalchemy\orm\session.py", line 829, in commit
    self._prepare_impl()
  File "C:\Users\kevin\Documents\Cephadex\.venv\Lib\site-packages\sqlalchemy\orm\session.py", line 808, in _prepare_impl
    self.session.flush()
  File "C:\Users\kevin\Documents\Cephadex\.venv\Lib\site-packages\sqlalchemy\orm\session.py", line 3444, in flush
    self._flush(objects)
  File "C:\Users\kevin\Documents\Cephadex\.venv\Lib\site-packages\sqlalchemy\orm\session.py", line 3583, in _flush
    with util.safe_reraise():
  File "C:\Users\kevin\Documents\Cephadex\.venv\Lib\site-packages\sqlalchemy\util\langhelpers.py", line 70, in __exit__
    compat.raise_(
  File "C:\Users\kevin\Documents\Cephadex\.venv\Lib\site-packages\sqlalchemy\util\compat.py", line 211, in raise_
    raise exception
  File "C:\Users\kevin\Documents\Cephadex\.venv\Lib\site-packages\sqlalchemy\orm\session.py", line 3544, in _flush
    flush_context.execute()
  File "C:\Users\kevin\Documents\Cephadex\.venv\Lib\site-packages\sqlalchemy\orm\unitofwork.py", line 456, in execute
    rec.execute(self)
  File "C:\Users\kevin\Documents\Cephadex\.venv\Lib\site-packages\sqlalchemy\orm\unitofwork.py", line 667, in execute
    util.preloaded.orm_persistence.delete_obj(
  File "C:\Users\kevin\Documents\Cephadex\.venv\Lib\site-packages\sqlalchemy\orm\persistence.py", line 343, in delete_obj
    _emit_delete_statements(
  File "C:\Users\kevin\Documents\Cephadex\.venv\Lib\site-packages\sqlalchemy\orm\persistence.py", line 1468, in _emit_delete_statements
    c = connection._execute_20(
        ^^^^^^^^^^^^^^^^^^^^^^^
  File "C:\Users\kevin\Documents\Cephadex\.venv\Lib\site-packages\sqlalchemy\engine\base.py", line 1705, in _execute_20
    return meth(self, args_10style, kwargs_10style, execution_options)
           ^^^^^^^^^^^^^^^^^^^^^^^^^^^^^^^^^^^^^^^^^^^^^^^^^^^^^^^^^^^
  File "C:\Users\kevin\Documents\Cephadex\.venv\Lib\site-packages\sqlalchemy\sql\elements.py", line 334, in _execute_on_connection
    return connection._execute_clauseelement(
           ^^^^^^^^^^^^^^^^^^^^^^^^^^^^^^^^^^
  File "C:\Users\kevin\Documents\Cephadex\.venv\Lib\site-packages\sqlalchemy\engine\base.py", line 1572, in _execute_clauseelement
    ret = self._execute_context(
          ^^^^^^^^^^^^^^^^^^^^^^
  File "C:\Users\kevin\Documents\Cephadex\.venv\Lib\site-packages\sqlalchemy\engine\base.py", line 1943, in _execute_context
    self._handle_dbapi_exception(
  File "C:\Users\kevin\Documents\Cephadex\.venv\Lib\site-packages\sqlalchemy\engine\base.py", line 2124, in _handle_dbapi_exception
    util.raise_(
  File "C:\Users\kevin\Documents\Cephadex\.venv\Lib\site-packages\sqlalchemy\util\compat.py", line 211, in raise_
    raise exception
  File "C:\Users\kevin\Documents\Cephadex\.venv\Lib\site-packages\sqlalchemy\engine\base.py", line 1900, in _execute_context
    self.dialect.do_execute(
  File "C:\Users\kevin\Documents\Cephadex\.venv\Lib\site-packages\sqlalchemy\engine\default.py", line 736, in do_execute
    cursor.execute(statement, parameters)
  File "C:\Users\kevin\Documents\Cephadex\.venv\Lib\site-packages\mysql\connector\cursor_cext.py", line 330, in execute
    result = self._cnx.cmd_query(
             ^^^^^^^^^^^^^^^^^^^^
  File "C:\Users\kevin\Documents\Cephadex\.venv\Lib\site-packages\mysql\connector\connection_cext.py", line 616, in cmd_query
    raise get_mysql_exception(
sqlalchemy.exc.IntegrityError: (mysql.connector.errors.IntegrityError) 1451 (23000): Cannot delete or update a parent row: a foreign key constraint fails (`mysqldb1`.`deck_attributes`, CONSTRAINT `deck_attributes_ibfk_1` FOREIGN KEY (`deck_id`) REFERENCES `deck` (`id`))
[SQL: DELETE FROM deck WHERE deck.id = %(id)s]
[parameters: {'id': 777}]
(Background on this error at: https://sqlalche.me/e/14/gkpj)
2023-08-26 15:29:18,979 - flask_app - ERROR - Exception occurred in function delete. Extra info: No extra info provided.
Traceback (most recent call last):
  File "C:\Users\kevin\Documents\Cephadex\.venv\Lib\site-packages\mysql\connector\connection_cext.py", line 608, in cmd_query
    self._cmysql.query(
_mysql_connector.MySQLInterfaceError: Cannot delete or update a parent row: a foreign key constraint fails (`mysqldb1`.`deck_attributes`, CONSTRAINT `deck_attributes_ibfk_1` FOREIGN KEY (`deck_id`) REFERENCES `deck` (`id`))

The above exception was the direct cause of the following exception:

Traceback (most recent call last):
  File "C:\Users\kevin\Documents\Cephadex\.venv\Lib\site-packages\sqlalchemy\engine\base.py", line 1900, in _execute_context
    self.dialect.do_execute(
  File "C:\Users\kevin\Documents\Cephadex\.venv\Lib\site-packages\sqlalchemy\engine\default.py", line 736, in do_execute
    cursor.execute(statement, parameters)
  File "C:\Users\kevin\Documents\Cephadex\.venv\Lib\site-packages\mysql\connector\cursor_cext.py", line 330, in execute
    result = self._cnx.cmd_query(
             ^^^^^^^^^^^^^^^^^^^^
  File "C:\Users\kevin\Documents\Cephadex\.venv\Lib\site-packages\mysql\connector\connection_cext.py", line 616, in cmd_query
    raise get_mysql_exception(
mysql.connector.errors.IntegrityError: 1451 (23000): Cannot delete or update a parent row: a foreign key constraint fails (`mysqldb1`.`deck_attributes`, CONSTRAINT `deck_attributes_ibfk_1` FOREIGN KEY (`deck_id`) REFERENCES `deck` (`id`))

The above exception was the direct cause of the following exception:

Traceback (most recent call last):
  File "C:\Users\kevin\Documents\Cephadex\cards\models\helpers\log_decorators.py", line 17, in wrapper
    result = f(*args, **kwargs)
             ^^^^^^^^^^^^^^^^^^
  File "C:\Users\kevin\Documents\Cephadex\cards\views\deck_bp.py", line 106, in delete
    db.session.commit()
  File "<string>", line 2, in commit
  File "C:\Users\kevin\Documents\Cephadex\.venv\Lib\site-packages\sqlalchemy\orm\session.py", line 1451, in commit
    self._transaction.commit(_to_root=self.future)
  File "C:\Users\kevin\Documents\Cephadex\.venv\Lib\site-packages\sqlalchemy\orm\session.py", line 829, in commit
    self._prepare_impl()
  File "C:\Users\kevin\Documents\Cephadex\.venv\Lib\site-packages\sqlalchemy\orm\session.py", line 808, in _prepare_impl
    self.session.flush()
  File "C:\Users\kevin\Documents\Cephadex\.venv\Lib\site-packages\sqlalchemy\orm\session.py", line 3444, in flush
    self._flush(objects)
  File "C:\Users\kevin\Documents\Cephadex\.venv\Lib\site-packages\sqlalchemy\orm\session.py", line 3583, in _flush
    with util.safe_reraise():
  File "C:\Users\kevin\Documents\Cephadex\.venv\Lib\site-packages\sqlalchemy\util\langhelpers.py", line 70, in __exit__
    compat.raise_(
  File "C:\Users\kevin\Documents\Cephadex\.venv\Lib\site-packages\sqlalchemy\util\compat.py", line 211, in raise_
    raise exception
  File "C:\Users\kevin\Documents\Cephadex\.venv\Lib\site-packages\sqlalchemy\orm\session.py", line 3544, in _flush
    flush_context.execute()
  File "C:\Users\kevin\Documents\Cephadex\.venv\Lib\site-packages\sqlalchemy\orm\unitofwork.py", line 456, in execute
    rec.execute(self)
  File "C:\Users\kevin\Documents\Cephadex\.venv\Lib\site-packages\sqlalchemy\orm\unitofwork.py", line 667, in execute
    util.preloaded.orm_persistence.delete_obj(
  File "C:\Users\kevin\Documents\Cephadex\.venv\Lib\site-packages\sqlalchemy\orm\persistence.py", line 343, in delete_obj
    _emit_delete_statements(
  File "C:\Users\kevin\Documents\Cephadex\.venv\Lib\site-packages\sqlalchemy\orm\persistence.py", line 1468, in _emit_delete_statements
    c = connection._execute_20(
        ^^^^^^^^^^^^^^^^^^^^^^^
  File "C:\Users\kevin\Documents\Cephadex\.venv\Lib\site-packages\sqlalchemy\engine\base.py", line 1705, in _execute_20
    return meth(self, args_10style, kwargs_10style, execution_options)
           ^^^^^^^^^^^^^^^^^^^^^^^^^^^^^^^^^^^^^^^^^^^^^^^^^^^^^^^^^^^
  File "C:\Users\kevin\Documents\Cephadex\.venv\Lib\site-packages\sqlalchemy\sql\elements.py", line 334, in _execute_on_connection
    return connection._execute_clauseelement(
           ^^^^^^^^^^^^^^^^^^^^^^^^^^^^^^^^^^
  File "C:\Users\kevin\Documents\Cephadex\.venv\Lib\site-packages\sqlalchemy\engine\base.py", line 1572, in _execute_clauseelement
    ret = self._execute_context(
          ^^^^^^^^^^^^^^^^^^^^^^
  File "C:\Users\kevin\Documents\Cephadex\.venv\Lib\site-packages\sqlalchemy\engine\base.py", line 1943, in _execute_context
    self._handle_dbapi_exception(
  File "C:\Users\kevin\Documents\Cephadex\.venv\Lib\site-packages\sqlalchemy\engine\base.py", line 2124, in _handle_dbapi_exception
    util.raise_(
  File "C:\Users\kevin\Documents\Cephadex\.venv\Lib\site-packages\sqlalchemy\util\compat.py", line 211, in raise_
    raise exception
  File "C:\Users\kevin\Documents\Cephadex\.venv\Lib\site-packages\sqlalchemy\engine\base.py", line 1900, in _execute_context
    self.dialect.do_execute(
  File "C:\Users\kevin\Documents\Cephadex\.venv\Lib\site-packages\sqlalchemy\engine\default.py", line 736, in do_execute
    cursor.execute(statement, parameters)
  File "C:\Users\kevin\Documents\Cephadex\.venv\Lib\site-packages\mysql\connector\cursor_cext.py", line 330, in execute
    result = self._cnx.cmd_query(
             ^^^^^^^^^^^^^^^^^^^^
  File "C:\Users\kevin\Documents\Cephadex\.venv\Lib\site-packages\mysql\connector\connection_cext.py", line 616, in cmd_query
    raise get_mysql_exception(
sqlalchemy.exc.IntegrityError: (mysql.connector.errors.IntegrityError) 1451 (23000): Cannot delete or update a parent row: a foreign key constraint fails (`mysqldb1`.`deck_attributes`, CONSTRAINT `deck_attributes_ibfk_1` FOREIGN KEY (`deck_id`) REFERENCES `deck` (`id`))
[SQL: DELETE FROM deck WHERE deck.id = %(id)s]
[parameters: {'id': 771}]
(Background on this error at: https://sqlalche.me/e/14/gkpj)
2023-08-26 15:29:23,959 - flask_app - ERROR - Exception occurred in function delete. Extra info: No extra info provided.
Traceback (most recent call last):
  File "C:\Users\kevin\Documents\Cephadex\.venv\Lib\site-packages\mysql\connector\connection_cext.py", line 608, in cmd_query
    self._cmysql.query(
_mysql_connector.MySQLInterfaceError: Cannot delete or update a parent row: a foreign key constraint fails (`mysqldb1`.`deck_attributes`, CONSTRAINT `deck_attributes_ibfk_1` FOREIGN KEY (`deck_id`) REFERENCES `deck` (`id`))

The above exception was the direct cause of the following exception:

Traceback (most recent call last):
  File "C:\Users\kevin\Documents\Cephadex\.venv\Lib\site-packages\sqlalchemy\engine\base.py", line 1900, in _execute_context
    self.dialect.do_execute(
  File "C:\Users\kevin\Documents\Cephadex\.venv\Lib\site-packages\sqlalchemy\engine\default.py", line 736, in do_execute
    cursor.execute(statement, parameters)
  File "C:\Users\kevin\Documents\Cephadex\.venv\Lib\site-packages\mysql\connector\cursor_cext.py", line 330, in execute
    result = self._cnx.cmd_query(
             ^^^^^^^^^^^^^^^^^^^^
  File "C:\Users\kevin\Documents\Cephadex\.venv\Lib\site-packages\mysql\connector\connection_cext.py", line 616, in cmd_query
    raise get_mysql_exception(
mysql.connector.errors.IntegrityError: 1451 (23000): Cannot delete or update a parent row: a foreign key constraint fails (`mysqldb1`.`deck_attributes`, CONSTRAINT `deck_attributes_ibfk_1` FOREIGN KEY (`deck_id`) REFERENCES `deck` (`id`))

The above exception was the direct cause of the following exception:

Traceback (most recent call last):
  File "C:\Users\kevin\Documents\Cephadex\cards\models\helpers\log_decorators.py", line 17, in wrapper
    result = f(*args, **kwargs)
             ^^^^^^^^^^^^^^^^^^
  File "C:\Users\kevin\Documents\Cephadex\cards\views\deck_bp.py", line 106, in delete
    db.session.commit()
  File "<string>", line 2, in commit
  File "C:\Users\kevin\Documents\Cephadex\.venv\Lib\site-packages\sqlalchemy\orm\session.py", line 1451, in commit
    self._transaction.commit(_to_root=self.future)
  File "C:\Users\kevin\Documents\Cephadex\.venv\Lib\site-packages\sqlalchemy\orm\session.py", line 829, in commit
    self._prepare_impl()
  File "C:\Users\kevin\Documents\Cephadex\.venv\Lib\site-packages\sqlalchemy\orm\session.py", line 808, in _prepare_impl
    self.session.flush()
  File "C:\Users\kevin\Documents\Cephadex\.venv\Lib\site-packages\sqlalchemy\orm\session.py", line 3444, in flush
    self._flush(objects)
  File "C:\Users\kevin\Documents\Cephadex\.venv\Lib\site-packages\sqlalchemy\orm\session.py", line 3583, in _flush
    with util.safe_reraise():
  File "C:\Users\kevin\Documents\Cephadex\.venv\Lib\site-packages\sqlalchemy\util\langhelpers.py", line 70, in __exit__
    compat.raise_(
  File "C:\Users\kevin\Documents\Cephadex\.venv\Lib\site-packages\sqlalchemy\util\compat.py", line 211, in raise_
    raise exception
  File "C:\Users\kevin\Documents\Cephadex\.venv\Lib\site-packages\sqlalchemy\orm\session.py", line 3544, in _flush
    flush_context.execute()
  File "C:\Users\kevin\Documents\Cephadex\.venv\Lib\site-packages\sqlalchemy\orm\unitofwork.py", line 456, in execute
    rec.execute(self)
  File "C:\Users\kevin\Documents\Cephadex\.venv\Lib\site-packages\sqlalchemy\orm\unitofwork.py", line 667, in execute
    util.preloaded.orm_persistence.delete_obj(
  File "C:\Users\kevin\Documents\Cephadex\.venv\Lib\site-packages\sqlalchemy\orm\persistence.py", line 343, in delete_obj
    _emit_delete_statements(
  File "C:\Users\kevin\Documents\Cephadex\.venv\Lib\site-packages\sqlalchemy\orm\persistence.py", line 1468, in _emit_delete_statements
    c = connection._execute_20(
        ^^^^^^^^^^^^^^^^^^^^^^^
  File "C:\Users\kevin\Documents\Cephadex\.venv\Lib\site-packages\sqlalchemy\engine\base.py", line 1705, in _execute_20
    return meth(self, args_10style, kwargs_10style, execution_options)
           ^^^^^^^^^^^^^^^^^^^^^^^^^^^^^^^^^^^^^^^^^^^^^^^^^^^^^^^^^^^
  File "C:\Users\kevin\Documents\Cephadex\.venv\Lib\site-packages\sqlalchemy\sql\elements.py", line 334, in _execute_on_connection
    return connection._execute_clauseelement(
           ^^^^^^^^^^^^^^^^^^^^^^^^^^^^^^^^^^
  File "C:\Users\kevin\Documents\Cephadex\.venv\Lib\site-packages\sqlalchemy\engine\base.py", line 1572, in _execute_clauseelement
    ret = self._execute_context(
          ^^^^^^^^^^^^^^^^^^^^^^
  File "C:\Users\kevin\Documents\Cephadex\.venv\Lib\site-packages\sqlalchemy\engine\base.py", line 1943, in _execute_context
    self._handle_dbapi_exception(
  File "C:\Users\kevin\Documents\Cephadex\.venv\Lib\site-packages\sqlalchemy\engine\base.py", line 2124, in _handle_dbapi_exception
    util.raise_(
  File "C:\Users\kevin\Documents\Cephadex\.venv\Lib\site-packages\sqlalchemy\util\compat.py", line 211, in raise_
    raise exception
  File "C:\Users\kevin\Documents\Cephadex\.venv\Lib\site-packages\sqlalchemy\engine\base.py", line 1900, in _execute_context
    self.dialect.do_execute(
  File "C:\Users\kevin\Documents\Cephadex\.venv\Lib\site-packages\sqlalchemy\engine\default.py", line 736, in do_execute
    cursor.execute(statement, parameters)
  File "C:\Users\kevin\Documents\Cephadex\.venv\Lib\site-packages\mysql\connector\cursor_cext.py", line 330, in execute
    result = self._cnx.cmd_query(
             ^^^^^^^^^^^^^^^^^^^^
  File "C:\Users\kevin\Documents\Cephadex\.venv\Lib\site-packages\mysql\connector\connection_cext.py", line 616, in cmd_query
    raise get_mysql_exception(
sqlalchemy.exc.IntegrityError: (mysql.connector.errors.IntegrityError) 1451 (23000): Cannot delete or update a parent row: a foreign key constraint fails (`mysqldb1`.`deck_attributes`, CONSTRAINT `deck_attributes_ibfk_1` FOREIGN KEY (`deck_id`) REFERENCES `deck` (`id`))
[SQL: DELETE FROM deck WHERE deck.id = %(id)s]
[parameters: {'id': 765}]
(Background on this error at: https://sqlalche.me/e/14/gkpj)
2023-08-26 15:29:27,910 - flask_app - ERROR - Exception occurred in function delete. Extra info: No extra info provided.
Traceback (most recent call last):
  File "C:\Users\kevin\Documents\Cephadex\.venv\Lib\site-packages\mysql\connector\connection_cext.py", line 608, in cmd_query
    self._cmysql.query(
_mysql_connector.MySQLInterfaceError: Cannot delete or update a parent row: a foreign key constraint fails (`mysqldb1`.`deck_attributes`, CONSTRAINT `deck_attributes_ibfk_1` FOREIGN KEY (`deck_id`) REFERENCES `deck` (`id`))

The above exception was the direct cause of the following exception:

Traceback (most recent call last):
  File "C:\Users\kevin\Documents\Cephadex\.venv\Lib\site-packages\sqlalchemy\engine\base.py", line 1900, in _execute_context
    self.dialect.do_execute(
  File "C:\Users\kevin\Documents\Cephadex\.venv\Lib\site-packages\sqlalchemy\engine\default.py", line 736, in do_execute
    cursor.execute(statement, parameters)
  File "C:\Users\kevin\Documents\Cephadex\.venv\Lib\site-packages\mysql\connector\cursor_cext.py", line 330, in execute
    result = self._cnx.cmd_query(
             ^^^^^^^^^^^^^^^^^^^^
  File "C:\Users\kevin\Documents\Cephadex\.venv\Lib\site-packages\mysql\connector\connection_cext.py", line 616, in cmd_query
    raise get_mysql_exception(
mysql.connector.errors.IntegrityError: 1451 (23000): Cannot delete or update a parent row: a foreign key constraint fails (`mysqldb1`.`deck_attributes`, CONSTRAINT `deck_attributes_ibfk_1` FOREIGN KEY (`deck_id`) REFERENCES `deck` (`id`))

The above exception was the direct cause of the following exception:

Traceback (most recent call last):
  File "C:\Users\kevin\Documents\Cephadex\cards\models\helpers\log_decorators.py", line 17, in wrapper
    result = f(*args, **kwargs)
             ^^^^^^^^^^^^^^^^^^
  File "C:\Users\kevin\Documents\Cephadex\cards\views\deck_bp.py", line 106, in delete
    db.session.commit()
  File "<string>", line 2, in commit
  File "C:\Users\kevin\Documents\Cephadex\.venv\Lib\site-packages\sqlalchemy\orm\session.py", line 1451, in commit
    self._transaction.commit(_to_root=self.future)
  File "C:\Users\kevin\Documents\Cephadex\.venv\Lib\site-packages\sqlalchemy\orm\session.py", line 829, in commit
    self._prepare_impl()
  File "C:\Users\kevin\Documents\Cephadex\.venv\Lib\site-packages\sqlalchemy\orm\session.py", line 808, in _prepare_impl
    self.session.flush()
  File "C:\Users\kevin\Documents\Cephadex\.venv\Lib\site-packages\sqlalchemy\orm\session.py", line 3444, in flush
    self._flush(objects)
  File "C:\Users\kevin\Documents\Cephadex\.venv\Lib\site-packages\sqlalchemy\orm\session.py", line 3583, in _flush
    with util.safe_reraise():
  File "C:\Users\kevin\Documents\Cephadex\.venv\Lib\site-packages\sqlalchemy\util\langhelpers.py", line 70, in __exit__
    compat.raise_(
  File "C:\Users\kevin\Documents\Cephadex\.venv\Lib\site-packages\sqlalchemy\util\compat.py", line 211, in raise_
    raise exception
  File "C:\Users\kevin\Documents\Cephadex\.venv\Lib\site-packages\sqlalchemy\orm\session.py", line 3544, in _flush
    flush_context.execute()
  File "C:\Users\kevin\Documents\Cephadex\.venv\Lib\site-packages\sqlalchemy\orm\unitofwork.py", line 456, in execute
    rec.execute(self)
  File "C:\Users\kevin\Documents\Cephadex\.venv\Lib\site-packages\sqlalchemy\orm\unitofwork.py", line 667, in execute
    util.preloaded.orm_persistence.delete_obj(
  File "C:\Users\kevin\Documents\Cephadex\.venv\Lib\site-packages\sqlalchemy\orm\persistence.py", line 343, in delete_obj
    _emit_delete_statements(
  File "C:\Users\kevin\Documents\Cephadex\.venv\Lib\site-packages\sqlalchemy\orm\persistence.py", line 1468, in _emit_delete_statements
    c = connection._execute_20(
        ^^^^^^^^^^^^^^^^^^^^^^^
  File "C:\Users\kevin\Documents\Cephadex\.venv\Lib\site-packages\sqlalchemy\engine\base.py", line 1705, in _execute_20
    return meth(self, args_10style, kwargs_10style, execution_options)
           ^^^^^^^^^^^^^^^^^^^^^^^^^^^^^^^^^^^^^^^^^^^^^^^^^^^^^^^^^^^
  File "C:\Users\kevin\Documents\Cephadex\.venv\Lib\site-packages\sqlalchemy\sql\elements.py", line 334, in _execute_on_connection
    return connection._execute_clauseelement(
           ^^^^^^^^^^^^^^^^^^^^^^^^^^^^^^^^^^
  File "C:\Users\kevin\Documents\Cephadex\.venv\Lib\site-packages\sqlalchemy\engine\base.py", line 1572, in _execute_clauseelement
    ret = self._execute_context(
          ^^^^^^^^^^^^^^^^^^^^^^
  File "C:\Users\kevin\Documents\Cephadex\.venv\Lib\site-packages\sqlalchemy\engine\base.py", line 1943, in _execute_context
    self._handle_dbapi_exception(
  File "C:\Users\kevin\Documents\Cephadex\.venv\Lib\site-packages\sqlalchemy\engine\base.py", line 2124, in _handle_dbapi_exception
    util.raise_(
  File "C:\Users\kevin\Documents\Cephadex\.venv\Lib\site-packages\sqlalchemy\util\compat.py", line 211, in raise_
    raise exception
  File "C:\Users\kevin\Documents\Cephadex\.venv\Lib\site-packages\sqlalchemy\engine\base.py", line 1900, in _execute_context
    self.dialect.do_execute(
  File "C:\Users\kevin\Documents\Cephadex\.venv\Lib\site-packages\sqlalchemy\engine\default.py", line 736, in do_execute
    cursor.execute(statement, parameters)
  File "C:\Users\kevin\Documents\Cephadex\.venv\Lib\site-packages\mysql\connector\cursor_cext.py", line 330, in execute
    result = self._cnx.cmd_query(
             ^^^^^^^^^^^^^^^^^^^^
  File "C:\Users\kevin\Documents\Cephadex\.venv\Lib\site-packages\mysql\connector\connection_cext.py", line 616, in cmd_query
    raise get_mysql_exception(
sqlalchemy.exc.IntegrityError: (mysql.connector.errors.IntegrityError) 1451 (23000): Cannot delete or update a parent row: a foreign key constraint fails (`mysqldb1`.`deck_attributes`, CONSTRAINT `deck_attributes_ibfk_1` FOREIGN KEY (`deck_id`) REFERENCES `deck` (`id`))
[SQL: DELETE FROM deck WHERE deck.id = %(id)s]
[parameters: {'id': 777}]
(Background on this error at: https://sqlalche.me/e/14/gkpj)
2023-08-26 15:29:32,033 - flask_app - ERROR - Exception occurred in function delete. Extra info: No extra info provided.
Traceback (most recent call last):
  File "C:\Users\kevin\Documents\Cephadex\.venv\Lib\site-packages\mysql\connector\connection_cext.py", line 608, in cmd_query
    self._cmysql.query(
_mysql_connector.MySQLInterfaceError: Cannot delete or update a parent row: a foreign key constraint fails (`mysqldb1`.`deck_attributes`, CONSTRAINT `deck_attributes_ibfk_1` FOREIGN KEY (`deck_id`) REFERENCES `deck` (`id`))

The above exception was the direct cause of the following exception:

Traceback (most recent call last):
  File "C:\Users\kevin\Documents\Cephadex\.venv\Lib\site-packages\sqlalchemy\engine\base.py", line 1900, in _execute_context
    self.dialect.do_execute(
  File "C:\Users\kevin\Documents\Cephadex\.venv\Lib\site-packages\sqlalchemy\engine\default.py", line 736, in do_execute
    cursor.execute(statement, parameters)
  File "C:\Users\kevin\Documents\Cephadex\.venv\Lib\site-packages\mysql\connector\cursor_cext.py", line 330, in execute
    result = self._cnx.cmd_query(
             ^^^^^^^^^^^^^^^^^^^^
  File "C:\Users\kevin\Documents\Cephadex\.venv\Lib\site-packages\mysql\connector\connection_cext.py", line 616, in cmd_query
    raise get_mysql_exception(
mysql.connector.errors.IntegrityError: 1451 (23000): Cannot delete or update a parent row: a foreign key constraint fails (`mysqldb1`.`deck_attributes`, CONSTRAINT `deck_attributes_ibfk_1` FOREIGN KEY (`deck_id`) REFERENCES `deck` (`id`))

The above exception was the direct cause of the following exception:

Traceback (most recent call last):
  File "C:\Users\kevin\Documents\Cephadex\cards\models\helpers\log_decorators.py", line 17, in wrapper
    result = f(*args, **kwargs)
             ^^^^^^^^^^^^^^^^^^
  File "C:\Users\kevin\Documents\Cephadex\cards\views\deck_bp.py", line 106, in delete
    db.session.commit()
  File "<string>", line 2, in commit
  File "C:\Users\kevin\Documents\Cephadex\.venv\Lib\site-packages\sqlalchemy\orm\session.py", line 1451, in commit
    self._transaction.commit(_to_root=self.future)
  File "C:\Users\kevin\Documents\Cephadex\.venv\Lib\site-packages\sqlalchemy\orm\session.py", line 829, in commit
    self._prepare_impl()
  File "C:\Users\kevin\Documents\Cephadex\.venv\Lib\site-packages\sqlalchemy\orm\session.py", line 808, in _prepare_impl
    self.session.flush()
  File "C:\Users\kevin\Documents\Cephadex\.venv\Lib\site-packages\sqlalchemy\orm\session.py", line 3444, in flush
    self._flush(objects)
  File "C:\Users\kevin\Documents\Cephadex\.venv\Lib\site-packages\sqlalchemy\orm\session.py", line 3583, in _flush
    with util.safe_reraise():
  File "C:\Users\kevin\Documents\Cephadex\.venv\Lib\site-packages\sqlalchemy\util\langhelpers.py", line 70, in __exit__
    compat.raise_(
  File "C:\Users\kevin\Documents\Cephadex\.venv\Lib\site-packages\sqlalchemy\util\compat.py", line 211, in raise_
    raise exception
  File "C:\Users\kevin\Documents\Cephadex\.venv\Lib\site-packages\sqlalchemy\orm\session.py", line 3544, in _flush
    flush_context.execute()
  File "C:\Users\kevin\Documents\Cephadex\.venv\Lib\site-packages\sqlalchemy\orm\unitofwork.py", line 456, in execute
    rec.execute(self)
  File "C:\Users\kevin\Documents\Cephadex\.venv\Lib\site-packages\sqlalchemy\orm\unitofwork.py", line 667, in execute
    util.preloaded.orm_persistence.delete_obj(
  File "C:\Users\kevin\Documents\Cephadex\.venv\Lib\site-packages\sqlalchemy\orm\persistence.py", line 343, in delete_obj
    _emit_delete_statements(
  File "C:\Users\kevin\Documents\Cephadex\.venv\Lib\site-packages\sqlalchemy\orm\persistence.py", line 1468, in _emit_delete_statements
    c = connection._execute_20(
        ^^^^^^^^^^^^^^^^^^^^^^^
  File "C:\Users\kevin\Documents\Cephadex\.venv\Lib\site-packages\sqlalchemy\engine\base.py", line 1705, in _execute_20
    return meth(self, args_10style, kwargs_10style, execution_options)
           ^^^^^^^^^^^^^^^^^^^^^^^^^^^^^^^^^^^^^^^^^^^^^^^^^^^^^^^^^^^
  File "C:\Users\kevin\Documents\Cephadex\.venv\Lib\site-packages\sqlalchemy\sql\elements.py", line 334, in _execute_on_connection
    return connection._execute_clauseelement(
           ^^^^^^^^^^^^^^^^^^^^^^^^^^^^^^^^^^
  File "C:\Users\kevin\Documents\Cephadex\.venv\Lib\site-packages\sqlalchemy\engine\base.py", line 1572, in _execute_clauseelement
    ret = self._execute_context(
          ^^^^^^^^^^^^^^^^^^^^^^
  File "C:\Users\kevin\Documents\Cephadex\.venv\Lib\site-packages\sqlalchemy\engine\base.py", line 1943, in _execute_context
    self._handle_dbapi_exception(
  File "C:\Users\kevin\Documents\Cephadex\.venv\Lib\site-packages\sqlalchemy\engine\base.py", line 2124, in _handle_dbapi_exception
    util.raise_(
  File "C:\Users\kevin\Documents\Cephadex\.venv\Lib\site-packages\sqlalchemy\util\compat.py", line 211, in raise_
    raise exception
  File "C:\Users\kevin\Documents\Cephadex\.venv\Lib\site-packages\sqlalchemy\engine\base.py", line 1900, in _execute_context
    self.dialect.do_execute(
  File "C:\Users\kevin\Documents\Cephadex\.venv\Lib\site-packages\sqlalchemy\engine\default.py", line 736, in do_execute
    cursor.execute(statement, parameters)
  File "C:\Users\kevin\Documents\Cephadex\.venv\Lib\site-packages\mysql\connector\cursor_cext.py", line 330, in execute
    result = self._cnx.cmd_query(
             ^^^^^^^^^^^^^^^^^^^^
  File "C:\Users\kevin\Documents\Cephadex\.venv\Lib\site-packages\mysql\connector\connection_cext.py", line 616, in cmd_query
    raise get_mysql_exception(
sqlalchemy.exc.IntegrityError: (mysql.connector.errors.IntegrityError) 1451 (23000): Cannot delete or update a parent row: a foreign key constraint fails (`mysqldb1`.`deck_attributes`, CONSTRAINT `deck_attributes_ibfk_1` FOREIGN KEY (`deck_id`) REFERENCES `deck` (`id`))
[SQL: DELETE FROM deck WHERE deck.id = %(id)s]
[parameters: {'id': 777}]
(Background on this error at: https://sqlalche.me/e/14/gkpj)
2023-08-26 15:29:42,545 - flask_app - ERROR - Exception occurred in function delete. Extra info: No extra info provided.
Traceback (most recent call last):
  File "C:\Users\kevin\Documents\Cephadex\.venv\Lib\site-packages\mysql\connector\connection_cext.py", line 608, in cmd_query
    self._cmysql.query(
_mysql_connector.MySQLInterfaceError: Cannot delete or update a parent row: a foreign key constraint fails (`mysqldb1`.`deck_attributes`, CONSTRAINT `deck_attributes_ibfk_1` FOREIGN KEY (`deck_id`) REFERENCES `deck` (`id`))

The above exception was the direct cause of the following exception:

Traceback (most recent call last):
  File "C:\Users\kevin\Documents\Cephadex\.venv\Lib\site-packages\sqlalchemy\engine\base.py", line 1900, in _execute_context
    self.dialect.do_execute(
  File "C:\Users\kevin\Documents\Cephadex\.venv\Lib\site-packages\sqlalchemy\engine\default.py", line 736, in do_execute
    cursor.execute(statement, parameters)
  File "C:\Users\kevin\Documents\Cephadex\.venv\Lib\site-packages\mysql\connector\cursor_cext.py", line 330, in execute
    result = self._cnx.cmd_query(
             ^^^^^^^^^^^^^^^^^^^^
  File "C:\Users\kevin\Documents\Cephadex\.venv\Lib\site-packages\mysql\connector\connection_cext.py", line 616, in cmd_query
    raise get_mysql_exception(
mysql.connector.errors.IntegrityError: 1451 (23000): Cannot delete or update a parent row: a foreign key constraint fails (`mysqldb1`.`deck_attributes`, CONSTRAINT `deck_attributes_ibfk_1` FOREIGN KEY (`deck_id`) REFERENCES `deck` (`id`))

The above exception was the direct cause of the following exception:

Traceback (most recent call last):
  File "C:\Users\kevin\Documents\Cephadex\cards\models\helpers\log_decorators.py", line 17, in wrapper
    result = f(*args, **kwargs)
             ^^^^^^^^^^^^^^^^^^
  File "C:\Users\kevin\Documents\Cephadex\cards\views\deck_bp.py", line 106, in delete
    db.session.commit()
  File "<string>", line 2, in commit
  File "C:\Users\kevin\Documents\Cephadex\.venv\Lib\site-packages\sqlalchemy\orm\session.py", line 1451, in commit
    self._transaction.commit(_to_root=self.future)
  File "C:\Users\kevin\Documents\Cephadex\.venv\Lib\site-packages\sqlalchemy\orm\session.py", line 829, in commit
    self._prepare_impl()
  File "C:\Users\kevin\Documents\Cephadex\.venv\Lib\site-packages\sqlalchemy\orm\session.py", line 808, in _prepare_impl
    self.session.flush()
  File "C:\Users\kevin\Documents\Cephadex\.venv\Lib\site-packages\sqlalchemy\orm\session.py", line 3444, in flush
    self._flush(objects)
  File "C:\Users\kevin\Documents\Cephadex\.venv\Lib\site-packages\sqlalchemy\orm\session.py", line 3583, in _flush
    with util.safe_reraise():
  File "C:\Users\kevin\Documents\Cephadex\.venv\Lib\site-packages\sqlalchemy\util\langhelpers.py", line 70, in __exit__
    compat.raise_(
  File "C:\Users\kevin\Documents\Cephadex\.venv\Lib\site-packages\sqlalchemy\util\compat.py", line 211, in raise_
    raise exception
  File "C:\Users\kevin\Documents\Cephadex\.venv\Lib\site-packages\sqlalchemy\orm\session.py", line 3544, in _flush
    flush_context.execute()
  File "C:\Users\kevin\Documents\Cephadex\.venv\Lib\site-packages\sqlalchemy\orm\unitofwork.py", line 456, in execute
    rec.execute(self)
  File "C:\Users\kevin\Documents\Cephadex\.venv\Lib\site-packages\sqlalchemy\orm\unitofwork.py", line 667, in execute
    util.preloaded.orm_persistence.delete_obj(
  File "C:\Users\kevin\Documents\Cephadex\.venv\Lib\site-packages\sqlalchemy\orm\persistence.py", line 343, in delete_obj
    _emit_delete_statements(
  File "C:\Users\kevin\Documents\Cephadex\.venv\Lib\site-packages\sqlalchemy\orm\persistence.py", line 1468, in _emit_delete_statements
    c = connection._execute_20(
        ^^^^^^^^^^^^^^^^^^^^^^^
  File "C:\Users\kevin\Documents\Cephadex\.venv\Lib\site-packages\sqlalchemy\engine\base.py", line 1705, in _execute_20
    return meth(self, args_10style, kwargs_10style, execution_options)
           ^^^^^^^^^^^^^^^^^^^^^^^^^^^^^^^^^^^^^^^^^^^^^^^^^^^^^^^^^^^
  File "C:\Users\kevin\Documents\Cephadex\.venv\Lib\site-packages\sqlalchemy\sql\elements.py", line 334, in _execute_on_connection
    return connection._execute_clauseelement(
           ^^^^^^^^^^^^^^^^^^^^^^^^^^^^^^^^^^
  File "C:\Users\kevin\Documents\Cephadex\.venv\Lib\site-packages\sqlalchemy\engine\base.py", line 1572, in _execute_clauseelement
    ret = self._execute_context(
          ^^^^^^^^^^^^^^^^^^^^^^
  File "C:\Users\kevin\Documents\Cephadex\.venv\Lib\site-packages\sqlalchemy\engine\base.py", line 1943, in _execute_context
    self._handle_dbapi_exception(
  File "C:\Users\kevin\Documents\Cephadex\.venv\Lib\site-packages\sqlalchemy\engine\base.py", line 2124, in _handle_dbapi_exception
    util.raise_(
  File "C:\Users\kevin\Documents\Cephadex\.venv\Lib\site-packages\sqlalchemy\util\compat.py", line 211, in raise_
    raise exception
  File "C:\Users\kevin\Documents\Cephadex\.venv\Lib\site-packages\sqlalchemy\engine\base.py", line 1900, in _execute_context
    self.dialect.do_execute(
  File "C:\Users\kevin\Documents\Cephadex\.venv\Lib\site-packages\sqlalchemy\engine\default.py", line 736, in do_execute
    cursor.execute(statement, parameters)
  File "C:\Users\kevin\Documents\Cephadex\.venv\Lib\site-packages\mysql\connector\cursor_cext.py", line 330, in execute
    result = self._cnx.cmd_query(
             ^^^^^^^^^^^^^^^^^^^^
  File "C:\Users\kevin\Documents\Cephadex\.venv\Lib\site-packages\mysql\connector\connection_cext.py", line 616, in cmd_query
    raise get_mysql_exception(
sqlalchemy.exc.IntegrityError: (mysql.connector.errors.IntegrityError) 1451 (23000): Cannot delete or update a parent row: a foreign key constraint fails (`mysqldb1`.`deck_attributes`, CONSTRAINT `deck_attributes_ibfk_1` FOREIGN KEY (`deck_id`) REFERENCES `deck` (`id`))
[SQL: DELETE FROM deck WHERE deck.id = %(id)s]
[parameters: {'id': 777}]
(Background on this error at: https://sqlalche.me/e/14/gkpj)
2023-08-26 15:31:28,802 - flask_app - ERROR - Exception occurred in function delete. Extra info: No extra info provided.
Traceback (most recent call last):
  File "C:\Users\kevin\Documents\Cephadex\.venv\Lib\site-packages\mysql\connector\connection_cext.py", line 608, in cmd_query
    self._cmysql.query(
_mysql_connector.MySQLInterfaceError: Cannot delete or update a parent row: a foreign key constraint fails (`mysqldb1`.`game`, CONSTRAINT `game_ibfk_3` FOREIGN KEY (`deck_id`) REFERENCES `deck` (`id`))

The above exception was the direct cause of the following exception:

Traceback (most recent call last):
  File "C:\Users\kevin\Documents\Cephadex\.venv\Lib\site-packages\sqlalchemy\engine\base.py", line 1900, in _execute_context
    self.dialect.do_execute(
  File "C:\Users\kevin\Documents\Cephadex\.venv\Lib\site-packages\sqlalchemy\engine\default.py", line 736, in do_execute
    cursor.execute(statement, parameters)
  File "C:\Users\kevin\Documents\Cephadex\.venv\Lib\site-packages\mysql\connector\cursor_cext.py", line 330, in execute
    result = self._cnx.cmd_query(
             ^^^^^^^^^^^^^^^^^^^^
  File "C:\Users\kevin\Documents\Cephadex\.venv\Lib\site-packages\mysql\connector\connection_cext.py", line 616, in cmd_query
    raise get_mysql_exception(
mysql.connector.errors.IntegrityError: 1451 (23000): Cannot delete or update a parent row: a foreign key constraint fails (`mysqldb1`.`game`, CONSTRAINT `game_ibfk_3` FOREIGN KEY (`deck_id`) REFERENCES `deck` (`id`))

The above exception was the direct cause of the following exception:

Traceback (most recent call last):
  File "C:\Users\kevin\Documents\Cephadex\cards\models\helpers\log_decorators.py", line 17, in wrapper
    result = f(*args, **kwargs)
             ^^^^^^^^^^^^^^^^^^
  File "C:\Users\kevin\Documents\Cephadex\cards\views\deck_bp.py", line 106, in delete
    db.session.commit()
  File "<string>", line 2, in commit
  File "C:\Users\kevin\Documents\Cephadex\.venv\Lib\site-packages\sqlalchemy\orm\session.py", line 1451, in commit
    self._transaction.commit(_to_root=self.future)
  File "C:\Users\kevin\Documents\Cephadex\.venv\Lib\site-packages\sqlalchemy\orm\session.py", line 829, in commit
    self._prepare_impl()
  File "C:\Users\kevin\Documents\Cephadex\.venv\Lib\site-packages\sqlalchemy\orm\session.py", line 808, in _prepare_impl
    self.session.flush()
  File "C:\Users\kevin\Documents\Cephadex\.venv\Lib\site-packages\sqlalchemy\orm\session.py", line 3444, in flush
    self._flush(objects)
  File "C:\Users\kevin\Documents\Cephadex\.venv\Lib\site-packages\sqlalchemy\orm\session.py", line 3583, in _flush
    with util.safe_reraise():
  File "C:\Users\kevin\Documents\Cephadex\.venv\Lib\site-packages\sqlalchemy\util\langhelpers.py", line 70, in __exit__
    compat.raise_(
  File "C:\Users\kevin\Documents\Cephadex\.venv\Lib\site-packages\sqlalchemy\util\compat.py", line 211, in raise_
    raise exception
  File "C:\Users\kevin\Documents\Cephadex\.venv\Lib\site-packages\sqlalchemy\orm\session.py", line 3544, in _flush
    flush_context.execute()
  File "C:\Users\kevin\Documents\Cephadex\.venv\Lib\site-packages\sqlalchemy\orm\unitofwork.py", line 456, in execute
    rec.execute(self)
  File "C:\Users\kevin\Documents\Cephadex\.venv\Lib\site-packages\sqlalchemy\orm\unitofwork.py", line 667, in execute
    util.preloaded.orm_persistence.delete_obj(
  File "C:\Users\kevin\Documents\Cephadex\.venv\Lib\site-packages\sqlalchemy\orm\persistence.py", line 343, in delete_obj
    _emit_delete_statements(
  File "C:\Users\kevin\Documents\Cephadex\.venv\Lib\site-packages\sqlalchemy\orm\persistence.py", line 1468, in _emit_delete_statements
    c = connection._execute_20(
        ^^^^^^^^^^^^^^^^^^^^^^^
  File "C:\Users\kevin\Documents\Cephadex\.venv\Lib\site-packages\sqlalchemy\engine\base.py", line 1705, in _execute_20
    return meth(self, args_10style, kwargs_10style, execution_options)
           ^^^^^^^^^^^^^^^^^^^^^^^^^^^^^^^^^^^^^^^^^^^^^^^^^^^^^^^^^^^
  File "C:\Users\kevin\Documents\Cephadex\.venv\Lib\site-packages\sqlalchemy\sql\elements.py", line 334, in _execute_on_connection
    return connection._execute_clauseelement(
           ^^^^^^^^^^^^^^^^^^^^^^^^^^^^^^^^^^
  File "C:\Users\kevin\Documents\Cephadex\.venv\Lib\site-packages\sqlalchemy\engine\base.py", line 1572, in _execute_clauseelement
    ret = self._execute_context(
          ^^^^^^^^^^^^^^^^^^^^^^
  File "C:\Users\kevin\Documents\Cephadex\.venv\Lib\site-packages\sqlalchemy\engine\base.py", line 1943, in _execute_context
    self._handle_dbapi_exception(
  File "C:\Users\kevin\Documents\Cephadex\.venv\Lib\site-packages\sqlalchemy\engine\base.py", line 2124, in _handle_dbapi_exception
    util.raise_(
  File "C:\Users\kevin\Documents\Cephadex\.venv\Lib\site-packages\sqlalchemy\util\compat.py", line 211, in raise_
    raise exception
  File "C:\Users\kevin\Documents\Cephadex\.venv\Lib\site-packages\sqlalchemy\engine\base.py", line 1900, in _execute_context
    self.dialect.do_execute(
  File "C:\Users\kevin\Documents\Cephadex\.venv\Lib\site-packages\sqlalchemy\engine\default.py", line 736, in do_execute
    cursor.execute(statement, parameters)
  File "C:\Users\kevin\Documents\Cephadex\.venv\Lib\site-packages\mysql\connector\cursor_cext.py", line 330, in execute
    result = self._cnx.cmd_query(
             ^^^^^^^^^^^^^^^^^^^^
  File "C:\Users\kevin\Documents\Cephadex\.venv\Lib\site-packages\mysql\connector\connection_cext.py", line 616, in cmd_query
    raise get_mysql_exception(
sqlalchemy.exc.IntegrityError: (mysql.connector.errors.IntegrityError) 1451 (23000): Cannot delete or update a parent row: a foreign key constraint fails (`mysqldb1`.`game`, CONSTRAINT `game_ibfk_3` FOREIGN KEY (`deck_id`) REFERENCES `deck` (`id`))
[SQL: DELETE FROM deck WHERE deck.id = %(id)s]
[parameters: {'id': 54}]
(Background on this error at: https://sqlalche.me/e/14/gkpj)
2023-08-26 16:02:55,619 - flask_app - ERROR - Exception occurred in function delete. Extra info: No extra info provided.
Traceback (most recent call last):
  File "C:\Users\kevin\Documents\Cephadex\.venv\Lib\site-packages\mysql\connector\connection_cext.py", line 608, in cmd_query
    self._cmysql.query(
_mysql_connector.MySQLInterfaceError: Cannot delete or update a parent row: a foreign key constraint fails (`mysqldb1`.`deck_attributes`, CONSTRAINT `deck_attributes_ibfk_1` FOREIGN KEY (`deck_id`) REFERENCES `deck` (`id`))

The above exception was the direct cause of the following exception:

Traceback (most recent call last):
  File "C:\Users\kevin\Documents\Cephadex\.venv\Lib\site-packages\sqlalchemy\engine\base.py", line 1900, in _execute_context
    self.dialect.do_execute(
  File "C:\Users\kevin\Documents\Cephadex\.venv\Lib\site-packages\sqlalchemy\engine\default.py", line 736, in do_execute
    cursor.execute(statement, parameters)
  File "C:\Users\kevin\Documents\Cephadex\.venv\Lib\site-packages\mysql\connector\cursor_cext.py", line 330, in execute
    result = self._cnx.cmd_query(
             ^^^^^^^^^^^^^^^^^^^^
  File "C:\Users\kevin\Documents\Cephadex\.venv\Lib\site-packages\mysql\connector\connection_cext.py", line 616, in cmd_query
    raise get_mysql_exception(
mysql.connector.errors.IntegrityError: 1451 (23000): Cannot delete or update a parent row: a foreign key constraint fails (`mysqldb1`.`deck_attributes`, CONSTRAINT `deck_attributes_ibfk_1` FOREIGN KEY (`deck_id`) REFERENCES `deck` (`id`))

The above exception was the direct cause of the following exception:

Traceback (most recent call last):
  File "C:\Users\kevin\Documents\Cephadex\cards\models\helpers\log_decorators.py", line 17, in wrapper
    result = f(*args, **kwargs)
             ^^^^^^^^^^^^^^^^^^
  File "C:\Users\kevin\Documents\Cephadex\cards\views\deck_bp.py", line 106, in delete
    db.session.commit()
  File "<string>", line 2, in commit
  File "C:\Users\kevin\Documents\Cephadex\.venv\Lib\site-packages\sqlalchemy\orm\session.py", line 1451, in commit
    self._transaction.commit(_to_root=self.future)
  File "C:\Users\kevin\Documents\Cephadex\.venv\Lib\site-packages\sqlalchemy\orm\session.py", line 829, in commit
    self._prepare_impl()
  File "C:\Users\kevin\Documents\Cephadex\.venv\Lib\site-packages\sqlalchemy\orm\session.py", line 808, in _prepare_impl
    self.session.flush()
  File "C:\Users\kevin\Documents\Cephadex\.venv\Lib\site-packages\sqlalchemy\orm\session.py", line 3444, in flush
    self._flush(objects)
  File "C:\Users\kevin\Documents\Cephadex\.venv\Lib\site-packages\sqlalchemy\orm\session.py", line 3583, in _flush
    with util.safe_reraise():
  File "C:\Users\kevin\Documents\Cephadex\.venv\Lib\site-packages\sqlalchemy\util\langhelpers.py", line 70, in __exit__
    compat.raise_(
  File "C:\Users\kevin\Documents\Cephadex\.venv\Lib\site-packages\sqlalchemy\util\compat.py", line 211, in raise_
    raise exception
  File "C:\Users\kevin\Documents\Cephadex\.venv\Lib\site-packages\sqlalchemy\orm\session.py", line 3544, in _flush
    flush_context.execute()
  File "C:\Users\kevin\Documents\Cephadex\.venv\Lib\site-packages\sqlalchemy\orm\unitofwork.py", line 456, in execute
    rec.execute(self)
  File "C:\Users\kevin\Documents\Cephadex\.venv\Lib\site-packages\sqlalchemy\orm\unitofwork.py", line 667, in execute
    util.preloaded.orm_persistence.delete_obj(
  File "C:\Users\kevin\Documents\Cephadex\.venv\Lib\site-packages\sqlalchemy\orm\persistence.py", line 343, in delete_obj
    _emit_delete_statements(
  File "C:\Users\kevin\Documents\Cephadex\.venv\Lib\site-packages\sqlalchemy\orm\persistence.py", line 1468, in _emit_delete_statements
    c = connection._execute_20(
        ^^^^^^^^^^^^^^^^^^^^^^^
  File "C:\Users\kevin\Documents\Cephadex\.venv\Lib\site-packages\sqlalchemy\engine\base.py", line 1705, in _execute_20
    return meth(self, args_10style, kwargs_10style, execution_options)
           ^^^^^^^^^^^^^^^^^^^^^^^^^^^^^^^^^^^^^^^^^^^^^^^^^^^^^^^^^^^
  File "C:\Users\kevin\Documents\Cephadex\.venv\Lib\site-packages\sqlalchemy\sql\elements.py", line 334, in _execute_on_connection
    return connection._execute_clauseelement(
           ^^^^^^^^^^^^^^^^^^^^^^^^^^^^^^^^^^
  File "C:\Users\kevin\Documents\Cephadex\.venv\Lib\site-packages\sqlalchemy\engine\base.py", line 1572, in _execute_clauseelement
    ret = self._execute_context(
          ^^^^^^^^^^^^^^^^^^^^^^
  File "C:\Users\kevin\Documents\Cephadex\.venv\Lib\site-packages\sqlalchemy\engine\base.py", line 1943, in _execute_context
    self._handle_dbapi_exception(
  File "C:\Users\kevin\Documents\Cephadex\.venv\Lib\site-packages\sqlalchemy\engine\base.py", line 2124, in _handle_dbapi_exception
    util.raise_(
  File "C:\Users\kevin\Documents\Cephadex\.venv\Lib\site-packages\sqlalchemy\util\compat.py", line 211, in raise_
    raise exception
  File "C:\Users\kevin\Documents\Cephadex\.venv\Lib\site-packages\sqlalchemy\engine\base.py", line 1900, in _execute_context
    self.dialect.do_execute(
  File "C:\Users\kevin\Documents\Cephadex\.venv\Lib\site-packages\sqlalchemy\engine\default.py", line 736, in do_execute
    cursor.execute(statement, parameters)
  File "C:\Users\kevin\Documents\Cephadex\.venv\Lib\site-packages\mysql\connector\cursor_cext.py", line 330, in execute
    result = self._cnx.cmd_query(
             ^^^^^^^^^^^^^^^^^^^^
  File "C:\Users\kevin\Documents\Cephadex\.venv\Lib\site-packages\mysql\connector\connection_cext.py", line 616, in cmd_query
    raise get_mysql_exception(
sqlalchemy.exc.IntegrityError: (mysql.connector.errors.IntegrityError) 1451 (23000): Cannot delete or update a parent row: a foreign key constraint fails (`mysqldb1`.`deck_attributes`, CONSTRAINT `deck_attributes_ibfk_1` FOREIGN KEY (`deck_id`) REFERENCES `deck` (`id`))
[SQL: DELETE FROM deck WHERE deck.id = %(id)s]
[parameters: {'id': 721}]
(Background on this error at: https://sqlalche.me/e/14/gkpj)
2023-08-26 16:05:55,911 - flask_app - ERROR - Exception occurred in function delete. Extra info: No extra info provided.
Traceback (most recent call last):
  File "C:\Users\kevin\Documents\Cephadex\.venv\Lib\site-packages\mysql\connector\connection_cext.py", line 608, in cmd_query
    self._cmysql.query(
_mysql_connector.MySQLInterfaceError: Cannot delete or update a parent row: a foreign key constraint fails (`mysqldb1`.`deck_attributes`, CONSTRAINT `deck_attributes_ibfk_1` FOREIGN KEY (`deck_id`) REFERENCES `deck` (`id`))

The above exception was the direct cause of the following exception:

Traceback (most recent call last):
  File "C:\Users\kevin\Documents\Cephadex\.venv\Lib\site-packages\sqlalchemy\engine\base.py", line 1900, in _execute_context
    self.dialect.do_execute(
  File "C:\Users\kevin\Documents\Cephadex\.venv\Lib\site-packages\sqlalchemy\engine\default.py", line 736, in do_execute
    cursor.execute(statement, parameters)
  File "C:\Users\kevin\Documents\Cephadex\.venv\Lib\site-packages\mysql\connector\cursor_cext.py", line 330, in execute
    result = self._cnx.cmd_query(
             ^^^^^^^^^^^^^^^^^^^^
  File "C:\Users\kevin\Documents\Cephadex\.venv\Lib\site-packages\mysql\connector\connection_cext.py", line 616, in cmd_query
    raise get_mysql_exception(
mysql.connector.errors.IntegrityError: 1451 (23000): Cannot delete or update a parent row: a foreign key constraint fails (`mysqldb1`.`deck_attributes`, CONSTRAINT `deck_attributes_ibfk_1` FOREIGN KEY (`deck_id`) REFERENCES `deck` (`id`))

The above exception was the direct cause of the following exception:

Traceback (most recent call last):
  File "C:\Users\kevin\Documents\Cephadex\cards\models\helpers\log_decorators.py", line 17, in wrapper
    result = f(*args, **kwargs)
             ^^^^^^^^^^^^^^^^^^
  File "C:\Users\kevin\Documents\Cephadex\cards\views\deck_bp.py", line 106, in delete
    db.session.commit()
  File "<string>", line 2, in commit
  File "C:\Users\kevin\Documents\Cephadex\.venv\Lib\site-packages\sqlalchemy\orm\session.py", line 1451, in commit
    self._transaction.commit(_to_root=self.future)
  File "C:\Users\kevin\Documents\Cephadex\.venv\Lib\site-packages\sqlalchemy\orm\session.py", line 829, in commit
    self._prepare_impl()
  File "C:\Users\kevin\Documents\Cephadex\.venv\Lib\site-packages\sqlalchemy\orm\session.py", line 808, in _prepare_impl
    self.session.flush()
  File "C:\Users\kevin\Documents\Cephadex\.venv\Lib\site-packages\sqlalchemy\orm\session.py", line 3444, in flush
    self._flush(objects)
  File "C:\Users\kevin\Documents\Cephadex\.venv\Lib\site-packages\sqlalchemy\orm\session.py", line 3583, in _flush
    with util.safe_reraise():
  File "C:\Users\kevin\Documents\Cephadex\.venv\Lib\site-packages\sqlalchemy\util\langhelpers.py", line 70, in __exit__
    compat.raise_(
  File "C:\Users\kevin\Documents\Cephadex\.venv\Lib\site-packages\sqlalchemy\util\compat.py", line 211, in raise_
    raise exception
  File "C:\Users\kevin\Documents\Cephadex\.venv\Lib\site-packages\sqlalchemy\orm\session.py", line 3544, in _flush
    flush_context.execute()
  File "C:\Users\kevin\Documents\Cephadex\.venv\Lib\site-packages\sqlalchemy\orm\unitofwork.py", line 456, in execute
    rec.execute(self)
  File "C:\Users\kevin\Documents\Cephadex\.venv\Lib\site-packages\sqlalchemy\orm\unitofwork.py", line 667, in execute
    util.preloaded.orm_persistence.delete_obj(
  File "C:\Users\kevin\Documents\Cephadex\.venv\Lib\site-packages\sqlalchemy\orm\persistence.py", line 343, in delete_obj
    _emit_delete_statements(
  File "C:\Users\kevin\Documents\Cephadex\.venv\Lib\site-packages\sqlalchemy\orm\persistence.py", line 1468, in _emit_delete_statements
    c = connection._execute_20(
        ^^^^^^^^^^^^^^^^^^^^^^^
  File "C:\Users\kevin\Documents\Cephadex\.venv\Lib\site-packages\sqlalchemy\engine\base.py", line 1705, in _execute_20
    return meth(self, args_10style, kwargs_10style, execution_options)
           ^^^^^^^^^^^^^^^^^^^^^^^^^^^^^^^^^^^^^^^^^^^^^^^^^^^^^^^^^^^
  File "C:\Users\kevin\Documents\Cephadex\.venv\Lib\site-packages\sqlalchemy\sql\elements.py", line 334, in _execute_on_connection
    return connection._execute_clauseelement(
           ^^^^^^^^^^^^^^^^^^^^^^^^^^^^^^^^^^
  File "C:\Users\kevin\Documents\Cephadex\.venv\Lib\site-packages\sqlalchemy\engine\base.py", line 1572, in _execute_clauseelement
    ret = self._execute_context(
          ^^^^^^^^^^^^^^^^^^^^^^
  File "C:\Users\kevin\Documents\Cephadex\.venv\Lib\site-packages\sqlalchemy\engine\base.py", line 1943, in _execute_context
    self._handle_dbapi_exception(
  File "C:\Users\kevin\Documents\Cephadex\.venv\Lib\site-packages\sqlalchemy\engine\base.py", line 2124, in _handle_dbapi_exception
    util.raise_(
  File "C:\Users\kevin\Documents\Cephadex\.venv\Lib\site-packages\sqlalchemy\util\compat.py", line 211, in raise_
    raise exception
  File "C:\Users\kevin\Documents\Cephadex\.venv\Lib\site-packages\sqlalchemy\engine\base.py", line 1900, in _execute_context
    self.dialect.do_execute(
  File "C:\Users\kevin\Documents\Cephadex\.venv\Lib\site-packages\sqlalchemy\engine\default.py", line 736, in do_execute
    cursor.execute(statement, parameters)
  File "C:\Users\kevin\Documents\Cephadex\.venv\Lib\site-packages\mysql\connector\cursor_cext.py", line 330, in execute
    result = self._cnx.cmd_query(
             ^^^^^^^^^^^^^^^^^^^^
  File "C:\Users\kevin\Documents\Cephadex\.venv\Lib\site-packages\mysql\connector\connection_cext.py", line 616, in cmd_query
    raise get_mysql_exception(
sqlalchemy.exc.IntegrityError: (mysql.connector.errors.IntegrityError) 1451 (23000): Cannot delete or update a parent row: a foreign key constraint fails (`mysqldb1`.`deck_attributes`, CONSTRAINT `deck_attributes_ibfk_1` FOREIGN KEY (`deck_id`) REFERENCES `deck` (`id`))
[SQL: DELETE FROM deck WHERE deck.id = %(id)s]
[parameters: {'id': 669}]
(Background on this error at: https://sqlalche.me/e/14/gkpj)
2023-08-26 16:05:57,853 - flask_app - ERROR - Exception occurred in function delete. Extra info: No extra info provided.
Traceback (most recent call last):
  File "C:\Users\kevin\Documents\Cephadex\.venv\Lib\site-packages\mysql\connector\connection_cext.py", line 608, in cmd_query
    self._cmysql.query(
_mysql_connector.MySQLInterfaceError: Cannot delete or update a parent row: a foreign key constraint fails (`mysqldb1`.`deck_attributes`, CONSTRAINT `deck_attributes_ibfk_1` FOREIGN KEY (`deck_id`) REFERENCES `deck` (`id`))

The above exception was the direct cause of the following exception:

Traceback (most recent call last):
  File "C:\Users\kevin\Documents\Cephadex\.venv\Lib\site-packages\sqlalchemy\engine\base.py", line 1900, in _execute_context
    self.dialect.do_execute(
  File "C:\Users\kevin\Documents\Cephadex\.venv\Lib\site-packages\sqlalchemy\engine\default.py", line 736, in do_execute
    cursor.execute(statement, parameters)
  File "C:\Users\kevin\Documents\Cephadex\.venv\Lib\site-packages\mysql\connector\cursor_cext.py", line 330, in execute
    result = self._cnx.cmd_query(
             ^^^^^^^^^^^^^^^^^^^^
  File "C:\Users\kevin\Documents\Cephadex\.venv\Lib\site-packages\mysql\connector\connection_cext.py", line 616, in cmd_query
    raise get_mysql_exception(
mysql.connector.errors.IntegrityError: 1451 (23000): Cannot delete or update a parent row: a foreign key constraint fails (`mysqldb1`.`deck_attributes`, CONSTRAINT `deck_attributes_ibfk_1` FOREIGN KEY (`deck_id`) REFERENCES `deck` (`id`))

The above exception was the direct cause of the following exception:

Traceback (most recent call last):
  File "C:\Users\kevin\Documents\Cephadex\cards\models\helpers\log_decorators.py", line 17, in wrapper
    result = f(*args, **kwargs)
             ^^^^^^^^^^^^^^^^^^
  File "C:\Users\kevin\Documents\Cephadex\cards\views\deck_bp.py", line 106, in delete
    db.session.commit()
  File "<string>", line 2, in commit
  File "C:\Users\kevin\Documents\Cephadex\.venv\Lib\site-packages\sqlalchemy\orm\session.py", line 1451, in commit
    self._transaction.commit(_to_root=self.future)
  File "C:\Users\kevin\Documents\Cephadex\.venv\Lib\site-packages\sqlalchemy\orm\session.py", line 829, in commit
    self._prepare_impl()
  File "C:\Users\kevin\Documents\Cephadex\.venv\Lib\site-packages\sqlalchemy\orm\session.py", line 808, in _prepare_impl
    self.session.flush()
  File "C:\Users\kevin\Documents\Cephadex\.venv\Lib\site-packages\sqlalchemy\orm\session.py", line 3444, in flush
    self._flush(objects)
  File "C:\Users\kevin\Documents\Cephadex\.venv\Lib\site-packages\sqlalchemy\orm\session.py", line 3583, in _flush
    with util.safe_reraise():
  File "C:\Users\kevin\Documents\Cephadex\.venv\Lib\site-packages\sqlalchemy\util\langhelpers.py", line 70, in __exit__
    compat.raise_(
  File "C:\Users\kevin\Documents\Cephadex\.venv\Lib\site-packages\sqlalchemy\util\compat.py", line 211, in raise_
    raise exception
  File "C:\Users\kevin\Documents\Cephadex\.venv\Lib\site-packages\sqlalchemy\orm\session.py", line 3544, in _flush
    flush_context.execute()
  File "C:\Users\kevin\Documents\Cephadex\.venv\Lib\site-packages\sqlalchemy\orm\unitofwork.py", line 456, in execute
    rec.execute(self)
  File "C:\Users\kevin\Documents\Cephadex\.venv\Lib\site-packages\sqlalchemy\orm\unitofwork.py", line 667, in execute
    util.preloaded.orm_persistence.delete_obj(
  File "C:\Users\kevin\Documents\Cephadex\.venv\Lib\site-packages\sqlalchemy\orm\persistence.py", line 343, in delete_obj
    _emit_delete_statements(
  File "C:\Users\kevin\Documents\Cephadex\.venv\Lib\site-packages\sqlalchemy\orm\persistence.py", line 1468, in _emit_delete_statements
    c = connection._execute_20(
        ^^^^^^^^^^^^^^^^^^^^^^^
  File "C:\Users\kevin\Documents\Cephadex\.venv\Lib\site-packages\sqlalchemy\engine\base.py", line 1705, in _execute_20
    return meth(self, args_10style, kwargs_10style, execution_options)
           ^^^^^^^^^^^^^^^^^^^^^^^^^^^^^^^^^^^^^^^^^^^^^^^^^^^^^^^^^^^
  File "C:\Users\kevin\Documents\Cephadex\.venv\Lib\site-packages\sqlalchemy\sql\elements.py", line 334, in _execute_on_connection
    return connection._execute_clauseelement(
           ^^^^^^^^^^^^^^^^^^^^^^^^^^^^^^^^^^
  File "C:\Users\kevin\Documents\Cephadex\.venv\Lib\site-packages\sqlalchemy\engine\base.py", line 1572, in _execute_clauseelement
    ret = self._execute_context(
          ^^^^^^^^^^^^^^^^^^^^^^
  File "C:\Users\kevin\Documents\Cephadex\.venv\Lib\site-packages\sqlalchemy\engine\base.py", line 1943, in _execute_context
    self._handle_dbapi_exception(
  File "C:\Users\kevin\Documents\Cephadex\.venv\Lib\site-packages\sqlalchemy\engine\base.py", line 2124, in _handle_dbapi_exception
    util.raise_(
  File "C:\Users\kevin\Documents\Cephadex\.venv\Lib\site-packages\sqlalchemy\util\compat.py", line 211, in raise_
    raise exception
  File "C:\Users\kevin\Documents\Cephadex\.venv\Lib\site-packages\sqlalchemy\engine\base.py", line 1900, in _execute_context
    self.dialect.do_execute(
  File "C:\Users\kevin\Documents\Cephadex\.venv\Lib\site-packages\sqlalchemy\engine\default.py", line 736, in do_execute
    cursor.execute(statement, parameters)
  File "C:\Users\kevin\Documents\Cephadex\.venv\Lib\site-packages\mysql\connector\cursor_cext.py", line 330, in execute
    result = self._cnx.cmd_query(
             ^^^^^^^^^^^^^^^^^^^^
  File "C:\Users\kevin\Documents\Cephadex\.venv\Lib\site-packages\mysql\connector\connection_cext.py", line 616, in cmd_query
    raise get_mysql_exception(
sqlalchemy.exc.IntegrityError: (mysql.connector.errors.IntegrityError) 1451 (23000): Cannot delete or update a parent row: a foreign key constraint fails (`mysqldb1`.`deck_attributes`, CONSTRAINT `deck_attributes_ibfk_1` FOREIGN KEY (`deck_id`) REFERENCES `deck` (`id`))
[SQL: DELETE FROM deck WHERE deck.id = %(id)s]
[parameters: {'id': 669}]
(Background on this error at: https://sqlalche.me/e/14/gkpj)
2023-08-26 16:06:00,496 - flask_app - ERROR - Exception occurred in function delete. Extra info: No extra info provided.
Traceback (most recent call last):
  File "C:\Users\kevin\Documents\Cephadex\.venv\Lib\site-packages\mysql\connector\connection_cext.py", line 608, in cmd_query
    self._cmysql.query(
_mysql_connector.MySQLInterfaceError: Cannot delete or update a parent row: a foreign key constraint fails (`mysqldb1`.`deck_attributes`, CONSTRAINT `deck_attributes_ibfk_1` FOREIGN KEY (`deck_id`) REFERENCES `deck` (`id`))

The above exception was the direct cause of the following exception:

Traceback (most recent call last):
  File "C:\Users\kevin\Documents\Cephadex\.venv\Lib\site-packages\sqlalchemy\engine\base.py", line 1900, in _execute_context
    self.dialect.do_execute(
  File "C:\Users\kevin\Documents\Cephadex\.venv\Lib\site-packages\sqlalchemy\engine\default.py", line 736, in do_execute
    cursor.execute(statement, parameters)
  File "C:\Users\kevin\Documents\Cephadex\.venv\Lib\site-packages\mysql\connector\cursor_cext.py", line 330, in execute
    result = self._cnx.cmd_query(
             ^^^^^^^^^^^^^^^^^^^^
  File "C:\Users\kevin\Documents\Cephadex\.venv\Lib\site-packages\mysql\connector\connection_cext.py", line 616, in cmd_query
    raise get_mysql_exception(
mysql.connector.errors.IntegrityError: 1451 (23000): Cannot delete or update a parent row: a foreign key constraint fails (`mysqldb1`.`deck_attributes`, CONSTRAINT `deck_attributes_ibfk_1` FOREIGN KEY (`deck_id`) REFERENCES `deck` (`id`))

The above exception was the direct cause of the following exception:

Traceback (most recent call last):
  File "C:\Users\kevin\Documents\Cephadex\cards\models\helpers\log_decorators.py", line 17, in wrapper
    result = f(*args, **kwargs)
             ^^^^^^^^^^^^^^^^^^
  File "C:\Users\kevin\Documents\Cephadex\cards\views\deck_bp.py", line 106, in delete
    db.session.commit()
  File "<string>", line 2, in commit
  File "C:\Users\kevin\Documents\Cephadex\.venv\Lib\site-packages\sqlalchemy\orm\session.py", line 1451, in commit
    self._transaction.commit(_to_root=self.future)
  File "C:\Users\kevin\Documents\Cephadex\.venv\Lib\site-packages\sqlalchemy\orm\session.py", line 829, in commit
    self._prepare_impl()
  File "C:\Users\kevin\Documents\Cephadex\.venv\Lib\site-packages\sqlalchemy\orm\session.py", line 808, in _prepare_impl
    self.session.flush()
  File "C:\Users\kevin\Documents\Cephadex\.venv\Lib\site-packages\sqlalchemy\orm\session.py", line 3444, in flush
    self._flush(objects)
  File "C:\Users\kevin\Documents\Cephadex\.venv\Lib\site-packages\sqlalchemy\orm\session.py", line 3583, in _flush
    with util.safe_reraise():
  File "C:\Users\kevin\Documents\Cephadex\.venv\Lib\site-packages\sqlalchemy\util\langhelpers.py", line 70, in __exit__
    compat.raise_(
  File "C:\Users\kevin\Documents\Cephadex\.venv\Lib\site-packages\sqlalchemy\util\compat.py", line 211, in raise_
    raise exception
  File "C:\Users\kevin\Documents\Cephadex\.venv\Lib\site-packages\sqlalchemy\orm\session.py", line 3544, in _flush
    flush_context.execute()
  File "C:\Users\kevin\Documents\Cephadex\.venv\Lib\site-packages\sqlalchemy\orm\unitofwork.py", line 456, in execute
    rec.execute(self)
  File "C:\Users\kevin\Documents\Cephadex\.venv\Lib\site-packages\sqlalchemy\orm\unitofwork.py", line 667, in execute
    util.preloaded.orm_persistence.delete_obj(
  File "C:\Users\kevin\Documents\Cephadex\.venv\Lib\site-packages\sqlalchemy\orm\persistence.py", line 343, in delete_obj
    _emit_delete_statements(
  File "C:\Users\kevin\Documents\Cephadex\.venv\Lib\site-packages\sqlalchemy\orm\persistence.py", line 1468, in _emit_delete_statements
    c = connection._execute_20(
        ^^^^^^^^^^^^^^^^^^^^^^^
  File "C:\Users\kevin\Documents\Cephadex\.venv\Lib\site-packages\sqlalchemy\engine\base.py", line 1705, in _execute_20
    return meth(self, args_10style, kwargs_10style, execution_options)
           ^^^^^^^^^^^^^^^^^^^^^^^^^^^^^^^^^^^^^^^^^^^^^^^^^^^^^^^^^^^
  File "C:\Users\kevin\Documents\Cephadex\.venv\Lib\site-packages\sqlalchemy\sql\elements.py", line 334, in _execute_on_connection
    return connection._execute_clauseelement(
           ^^^^^^^^^^^^^^^^^^^^^^^^^^^^^^^^^^
  File "C:\Users\kevin\Documents\Cephadex\.venv\Lib\site-packages\sqlalchemy\engine\base.py", line 1572, in _execute_clauseelement
    ret = self._execute_context(
          ^^^^^^^^^^^^^^^^^^^^^^
  File "C:\Users\kevin\Documents\Cephadex\.venv\Lib\site-packages\sqlalchemy\engine\base.py", line 1943, in _execute_context
    self._handle_dbapi_exception(
  File "C:\Users\kevin\Documents\Cephadex\.venv\Lib\site-packages\sqlalchemy\engine\base.py", line 2124, in _handle_dbapi_exception
    util.raise_(
  File "C:\Users\kevin\Documents\Cephadex\.venv\Lib\site-packages\sqlalchemy\util\compat.py", line 211, in raise_
    raise exception
  File "C:\Users\kevin\Documents\Cephadex\.venv\Lib\site-packages\sqlalchemy\engine\base.py", line 1900, in _execute_context
    self.dialect.do_execute(
  File "C:\Users\kevin\Documents\Cephadex\.venv\Lib\site-packages\sqlalchemy\engine\default.py", line 736, in do_execute
    cursor.execute(statement, parameters)
  File "C:\Users\kevin\Documents\Cephadex\.venv\Lib\site-packages\mysql\connector\cursor_cext.py", line 330, in execute
    result = self._cnx.cmd_query(
             ^^^^^^^^^^^^^^^^^^^^
  File "C:\Users\kevin\Documents\Cephadex\.venv\Lib\site-packages\mysql\connector\connection_cext.py", line 616, in cmd_query
    raise get_mysql_exception(
sqlalchemy.exc.IntegrityError: (mysql.connector.errors.IntegrityError) 1451 (23000): Cannot delete or update a parent row: a foreign key constraint fails (`mysqldb1`.`deck_attributes`, CONSTRAINT `deck_attributes_ibfk_1` FOREIGN KEY (`deck_id`) REFERENCES `deck` (`id`))
[SQL: DELETE FROM deck WHERE deck.id = %(id)s]
[parameters: {'id': 671}]
(Background on this error at: https://sqlalche.me/e/14/gkpj)
2023-08-26 16:06:03,013 - flask_app - ERROR - Exception occurred in function delete. Extra info: No extra info provided.
Traceback (most recent call last):
  File "C:\Users\kevin\Documents\Cephadex\.venv\Lib\site-packages\mysql\connector\connection_cext.py", line 608, in cmd_query
    self._cmysql.query(
_mysql_connector.MySQLInterfaceError: Cannot delete or update a parent row: a foreign key constraint fails (`mysqldb1`.`deck_attributes`, CONSTRAINT `deck_attributes_ibfk_1` FOREIGN KEY (`deck_id`) REFERENCES `deck` (`id`))

The above exception was the direct cause of the following exception:

Traceback (most recent call last):
  File "C:\Users\kevin\Documents\Cephadex\.venv\Lib\site-packages\sqlalchemy\engine\base.py", line 1900, in _execute_context
    self.dialect.do_execute(
  File "C:\Users\kevin\Documents\Cephadex\.venv\Lib\site-packages\sqlalchemy\engine\default.py", line 736, in do_execute
    cursor.execute(statement, parameters)
  File "C:\Users\kevin\Documents\Cephadex\.venv\Lib\site-packages\mysql\connector\cursor_cext.py", line 330, in execute
    result = self._cnx.cmd_query(
             ^^^^^^^^^^^^^^^^^^^^
  File "C:\Users\kevin\Documents\Cephadex\.venv\Lib\site-packages\mysql\connector\connection_cext.py", line 616, in cmd_query
    raise get_mysql_exception(
mysql.connector.errors.IntegrityError: 1451 (23000): Cannot delete or update a parent row: a foreign key constraint fails (`mysqldb1`.`deck_attributes`, CONSTRAINT `deck_attributes_ibfk_1` FOREIGN KEY (`deck_id`) REFERENCES `deck` (`id`))

The above exception was the direct cause of the following exception:

Traceback (most recent call last):
  File "C:\Users\kevin\Documents\Cephadex\cards\models\helpers\log_decorators.py", line 17, in wrapper
    result = f(*args, **kwargs)
             ^^^^^^^^^^^^^^^^^^
  File "C:\Users\kevin\Documents\Cephadex\cards\views\deck_bp.py", line 106, in delete
    db.session.commit()
  File "<string>", line 2, in commit
  File "C:\Users\kevin\Documents\Cephadex\.venv\Lib\site-packages\sqlalchemy\orm\session.py", line 1451, in commit
    self._transaction.commit(_to_root=self.future)
  File "C:\Users\kevin\Documents\Cephadex\.venv\Lib\site-packages\sqlalchemy\orm\session.py", line 829, in commit
    self._prepare_impl()
  File "C:\Users\kevin\Documents\Cephadex\.venv\Lib\site-packages\sqlalchemy\orm\session.py", line 808, in _prepare_impl
    self.session.flush()
  File "C:\Users\kevin\Documents\Cephadex\.venv\Lib\site-packages\sqlalchemy\orm\session.py", line 3444, in flush
    self._flush(objects)
  File "C:\Users\kevin\Documents\Cephadex\.venv\Lib\site-packages\sqlalchemy\orm\session.py", line 3583, in _flush
    with util.safe_reraise():
  File "C:\Users\kevin\Documents\Cephadex\.venv\Lib\site-packages\sqlalchemy\util\langhelpers.py", line 70, in __exit__
    compat.raise_(
  File "C:\Users\kevin\Documents\Cephadex\.venv\Lib\site-packages\sqlalchemy\util\compat.py", line 211, in raise_
    raise exception
  File "C:\Users\kevin\Documents\Cephadex\.venv\Lib\site-packages\sqlalchemy\orm\session.py", line 3544, in _flush
    flush_context.execute()
  File "C:\Users\kevin\Documents\Cephadex\.venv\Lib\site-packages\sqlalchemy\orm\unitofwork.py", line 456, in execute
    rec.execute(self)
  File "C:\Users\kevin\Documents\Cephadex\.venv\Lib\site-packages\sqlalchemy\orm\unitofwork.py", line 667, in execute
    util.preloaded.orm_persistence.delete_obj(
  File "C:\Users\kevin\Documents\Cephadex\.venv\Lib\site-packages\sqlalchemy\orm\persistence.py", line 343, in delete_obj
    _emit_delete_statements(
  File "C:\Users\kevin\Documents\Cephadex\.venv\Lib\site-packages\sqlalchemy\orm\persistence.py", line 1468, in _emit_delete_statements
    c = connection._execute_20(
        ^^^^^^^^^^^^^^^^^^^^^^^
  File "C:\Users\kevin\Documents\Cephadex\.venv\Lib\site-packages\sqlalchemy\engine\base.py", line 1705, in _execute_20
    return meth(self, args_10style, kwargs_10style, execution_options)
           ^^^^^^^^^^^^^^^^^^^^^^^^^^^^^^^^^^^^^^^^^^^^^^^^^^^^^^^^^^^
  File "C:\Users\kevin\Documents\Cephadex\.venv\Lib\site-packages\sqlalchemy\sql\elements.py", line 334, in _execute_on_connection
    return connection._execute_clauseelement(
           ^^^^^^^^^^^^^^^^^^^^^^^^^^^^^^^^^^
  File "C:\Users\kevin\Documents\Cephadex\.venv\Lib\site-packages\sqlalchemy\engine\base.py", line 1572, in _execute_clauseelement
    ret = self._execute_context(
          ^^^^^^^^^^^^^^^^^^^^^^
  File "C:\Users\kevin\Documents\Cephadex\.venv\Lib\site-packages\sqlalchemy\engine\base.py", line 1943, in _execute_context
    self._handle_dbapi_exception(
  File "C:\Users\kevin\Documents\Cephadex\.venv\Lib\site-packages\sqlalchemy\engine\base.py", line 2124, in _handle_dbapi_exception
    util.raise_(
  File "C:\Users\kevin\Documents\Cephadex\.venv\Lib\site-packages\sqlalchemy\util\compat.py", line 211, in raise_
    raise exception
  File "C:\Users\kevin\Documents\Cephadex\.venv\Lib\site-packages\sqlalchemy\engine\base.py", line 1900, in _execute_context
    self.dialect.do_execute(
  File "C:\Users\kevin\Documents\Cephadex\.venv\Lib\site-packages\sqlalchemy\engine\default.py", line 736, in do_execute
    cursor.execute(statement, parameters)
  File "C:\Users\kevin\Documents\Cephadex\.venv\Lib\site-packages\mysql\connector\cursor_cext.py", line 330, in execute
    result = self._cnx.cmd_query(
             ^^^^^^^^^^^^^^^^^^^^
  File "C:\Users\kevin\Documents\Cephadex\.venv\Lib\site-packages\mysql\connector\connection_cext.py", line 616, in cmd_query
    raise get_mysql_exception(
sqlalchemy.exc.IntegrityError: (mysql.connector.errors.IntegrityError) 1451 (23000): Cannot delete or update a parent row: a foreign key constraint fails (`mysqldb1`.`deck_attributes`, CONSTRAINT `deck_attributes_ibfk_1` FOREIGN KEY (`deck_id`) REFERENCES `deck` (`id`))
[SQL: DELETE FROM deck WHERE deck.id = %(id)s]
[parameters: {'id': 659}]
(Background on this error at: https://sqlalche.me/e/14/gkpj)
2023-08-26 16:06:06,897 - flask_app - ERROR - Exception occurred in function delete. Extra info: No extra info provided.
Traceback (most recent call last):
  File "C:\Users\kevin\Documents\Cephadex\.venv\Lib\site-packages\mysql\connector\connection_cext.py", line 608, in cmd_query
    self._cmysql.query(
_mysql_connector.MySQLInterfaceError: Cannot delete or update a parent row: a foreign key constraint fails (`mysqldb1`.`deck_attributes`, CONSTRAINT `deck_attributes_ibfk_1` FOREIGN KEY (`deck_id`) REFERENCES `deck` (`id`))

The above exception was the direct cause of the following exception:

Traceback (most recent call last):
  File "C:\Users\kevin\Documents\Cephadex\.venv\Lib\site-packages\sqlalchemy\engine\base.py", line 1900, in _execute_context
    self.dialect.do_execute(
  File "C:\Users\kevin\Documents\Cephadex\.venv\Lib\site-packages\sqlalchemy\engine\default.py", line 736, in do_execute
    cursor.execute(statement, parameters)
  File "C:\Users\kevin\Documents\Cephadex\.venv\Lib\site-packages\mysql\connector\cursor_cext.py", line 330, in execute
    result = self._cnx.cmd_query(
             ^^^^^^^^^^^^^^^^^^^^
  File "C:\Users\kevin\Documents\Cephadex\.venv\Lib\site-packages\mysql\connector\connection_cext.py", line 616, in cmd_query
    raise get_mysql_exception(
mysql.connector.errors.IntegrityError: 1451 (23000): Cannot delete or update a parent row: a foreign key constraint fails (`mysqldb1`.`deck_attributes`, CONSTRAINT `deck_attributes_ibfk_1` FOREIGN KEY (`deck_id`) REFERENCES `deck` (`id`))

The above exception was the direct cause of the following exception:

Traceback (most recent call last):
  File "C:\Users\kevin\Documents\Cephadex\cards\models\helpers\log_decorators.py", line 17, in wrapper
    result = f(*args, **kwargs)
             ^^^^^^^^^^^^^^^^^^
  File "C:\Users\kevin\Documents\Cephadex\cards\views\deck_bp.py", line 106, in delete
    db.session.commit()
  File "<string>", line 2, in commit
  File "C:\Users\kevin\Documents\Cephadex\.venv\Lib\site-packages\sqlalchemy\orm\session.py", line 1451, in commit
    self._transaction.commit(_to_root=self.future)
  File "C:\Users\kevin\Documents\Cephadex\.venv\Lib\site-packages\sqlalchemy\orm\session.py", line 829, in commit
    self._prepare_impl()
  File "C:\Users\kevin\Documents\Cephadex\.venv\Lib\site-packages\sqlalchemy\orm\session.py", line 808, in _prepare_impl
    self.session.flush()
  File "C:\Users\kevin\Documents\Cephadex\.venv\Lib\site-packages\sqlalchemy\orm\session.py", line 3444, in flush
    self._flush(objects)
  File "C:\Users\kevin\Documents\Cephadex\.venv\Lib\site-packages\sqlalchemy\orm\session.py", line 3583, in _flush
    with util.safe_reraise():
  File "C:\Users\kevin\Documents\Cephadex\.venv\Lib\site-packages\sqlalchemy\util\langhelpers.py", line 70, in __exit__
    compat.raise_(
  File "C:\Users\kevin\Documents\Cephadex\.venv\Lib\site-packages\sqlalchemy\util\compat.py", line 211, in raise_
    raise exception
  File "C:\Users\kevin\Documents\Cephadex\.venv\Lib\site-packages\sqlalchemy\orm\session.py", line 3544, in _flush
    flush_context.execute()
  File "C:\Users\kevin\Documents\Cephadex\.venv\Lib\site-packages\sqlalchemy\orm\unitofwork.py", line 456, in execute
    rec.execute(self)
  File "C:\Users\kevin\Documents\Cephadex\.venv\Lib\site-packages\sqlalchemy\orm\unitofwork.py", line 667, in execute
    util.preloaded.orm_persistence.delete_obj(
  File "C:\Users\kevin\Documents\Cephadex\.venv\Lib\site-packages\sqlalchemy\orm\persistence.py", line 343, in delete_obj
    _emit_delete_statements(
  File "C:\Users\kevin\Documents\Cephadex\.venv\Lib\site-packages\sqlalchemy\orm\persistence.py", line 1468, in _emit_delete_statements
    c = connection._execute_20(
        ^^^^^^^^^^^^^^^^^^^^^^^
  File "C:\Users\kevin\Documents\Cephadex\.venv\Lib\site-packages\sqlalchemy\engine\base.py", line 1705, in _execute_20
    return meth(self, args_10style, kwargs_10style, execution_options)
           ^^^^^^^^^^^^^^^^^^^^^^^^^^^^^^^^^^^^^^^^^^^^^^^^^^^^^^^^^^^
  File "C:\Users\kevin\Documents\Cephadex\.venv\Lib\site-packages\sqlalchemy\sql\elements.py", line 334, in _execute_on_connection
    return connection._execute_clauseelement(
           ^^^^^^^^^^^^^^^^^^^^^^^^^^^^^^^^^^
  File "C:\Users\kevin\Documents\Cephadex\.venv\Lib\site-packages\sqlalchemy\engine\base.py", line 1572, in _execute_clauseelement
    ret = self._execute_context(
          ^^^^^^^^^^^^^^^^^^^^^^
  File "C:\Users\kevin\Documents\Cephadex\.venv\Lib\site-packages\sqlalchemy\engine\base.py", line 1943, in _execute_context
    self._handle_dbapi_exception(
  File "C:\Users\kevin\Documents\Cephadex\.venv\Lib\site-packages\sqlalchemy\engine\base.py", line 2124, in _handle_dbapi_exception
    util.raise_(
  File "C:\Users\kevin\Documents\Cephadex\.venv\Lib\site-packages\sqlalchemy\util\compat.py", line 211, in raise_
    raise exception
  File "C:\Users\kevin\Documents\Cephadex\.venv\Lib\site-packages\sqlalchemy\engine\base.py", line 1900, in _execute_context
    self.dialect.do_execute(
  File "C:\Users\kevin\Documents\Cephadex\.venv\Lib\site-packages\sqlalchemy\engine\default.py", line 736, in do_execute
    cursor.execute(statement, parameters)
  File "C:\Users\kevin\Documents\Cephadex\.venv\Lib\site-packages\mysql\connector\cursor_cext.py", line 330, in execute
    result = self._cnx.cmd_query(
             ^^^^^^^^^^^^^^^^^^^^
  File "C:\Users\kevin\Documents\Cephadex\.venv\Lib\site-packages\mysql\connector\connection_cext.py", line 616, in cmd_query
    raise get_mysql_exception(
sqlalchemy.exc.IntegrityError: (mysql.connector.errors.IntegrityError) 1451 (23000): Cannot delete or update a parent row: a foreign key constraint fails (`mysqldb1`.`deck_attributes`, CONSTRAINT `deck_attributes_ibfk_1` FOREIGN KEY (`deck_id`) REFERENCES `deck` (`id`))
[SQL: DELETE FROM deck WHERE deck.id = %(id)s]
[parameters: {'id': 653}]
(Background on this error at: https://sqlalche.me/e/14/gkpj)
2023-08-26 16:06:33,833 - flask_app - ERROR - Exception occurred in function delete. Extra info: No extra info provided.
Traceback (most recent call last):
  File "C:\Users\kevin\Documents\Cephadex\.venv\Lib\site-packages\mysql\connector\connection_cext.py", line 608, in cmd_query
    self._cmysql.query(
_mysql_connector.MySQLInterfaceError: Cannot delete or update a parent row: a foreign key constraint fails (`mysqldb1`.`deck_attributes`, CONSTRAINT `deck_attributes_ibfk_1` FOREIGN KEY (`deck_id`) REFERENCES `deck` (`id`))

The above exception was the direct cause of the following exception:

Traceback (most recent call last):
  File "C:\Users\kevin\Documents\Cephadex\.venv\Lib\site-packages\sqlalchemy\engine\base.py", line 1900, in _execute_context
    self.dialect.do_execute(
  File "C:\Users\kevin\Documents\Cephadex\.venv\Lib\site-packages\sqlalchemy\engine\default.py", line 736, in do_execute
    cursor.execute(statement, parameters)
  File "C:\Users\kevin\Documents\Cephadex\.venv\Lib\site-packages\mysql\connector\cursor_cext.py", line 330, in execute
    result = self._cnx.cmd_query(
             ^^^^^^^^^^^^^^^^^^^^
  File "C:\Users\kevin\Documents\Cephadex\.venv\Lib\site-packages\mysql\connector\connection_cext.py", line 616, in cmd_query
    raise get_mysql_exception(
mysql.connector.errors.IntegrityError: 1451 (23000): Cannot delete or update a parent row: a foreign key constraint fails (`mysqldb1`.`deck_attributes`, CONSTRAINT `deck_attributes_ibfk_1` FOREIGN KEY (`deck_id`) REFERENCES `deck` (`id`))

The above exception was the direct cause of the following exception:

Traceback (most recent call last):
  File "C:\Users\kevin\Documents\Cephadex\cards\models\helpers\log_decorators.py", line 17, in wrapper
    result = f(*args, **kwargs)
             ^^^^^^^^^^^^^^^^^^
  File "C:\Users\kevin\Documents\Cephadex\cards\views\deck_bp.py", line 106, in delete
    db.session.commit()
  File "<string>", line 2, in commit
  File "C:\Users\kevin\Documents\Cephadex\.venv\Lib\site-packages\sqlalchemy\orm\session.py", line 1451, in commit
    self._transaction.commit(_to_root=self.future)
  File "C:\Users\kevin\Documents\Cephadex\.venv\Lib\site-packages\sqlalchemy\orm\session.py", line 829, in commit
    self._prepare_impl()
  File "C:\Users\kevin\Documents\Cephadex\.venv\Lib\site-packages\sqlalchemy\orm\session.py", line 808, in _prepare_impl
    self.session.flush()
  File "C:\Users\kevin\Documents\Cephadex\.venv\Lib\site-packages\sqlalchemy\orm\session.py", line 3444, in flush
    self._flush(objects)
  File "C:\Users\kevin\Documents\Cephadex\.venv\Lib\site-packages\sqlalchemy\orm\session.py", line 3583, in _flush
    with util.safe_reraise():
  File "C:\Users\kevin\Documents\Cephadex\.venv\Lib\site-packages\sqlalchemy\util\langhelpers.py", line 70, in __exit__
    compat.raise_(
  File "C:\Users\kevin\Documents\Cephadex\.venv\Lib\site-packages\sqlalchemy\util\compat.py", line 211, in raise_
    raise exception
  File "C:\Users\kevin\Documents\Cephadex\.venv\Lib\site-packages\sqlalchemy\orm\session.py", line 3544, in _flush
    flush_context.execute()
  File "C:\Users\kevin\Documents\Cephadex\.venv\Lib\site-packages\sqlalchemy\orm\unitofwork.py", line 456, in execute
    rec.execute(self)
  File "C:\Users\kevin\Documents\Cephadex\.venv\Lib\site-packages\sqlalchemy\orm\unitofwork.py", line 667, in execute
    util.preloaded.orm_persistence.delete_obj(
  File "C:\Users\kevin\Documents\Cephadex\.venv\Lib\site-packages\sqlalchemy\orm\persistence.py", line 343, in delete_obj
    _emit_delete_statements(
  File "C:\Users\kevin\Documents\Cephadex\.venv\Lib\site-packages\sqlalchemy\orm\persistence.py", line 1468, in _emit_delete_statements
    c = connection._execute_20(
        ^^^^^^^^^^^^^^^^^^^^^^^
  File "C:\Users\kevin\Documents\Cephadex\.venv\Lib\site-packages\sqlalchemy\engine\base.py", line 1705, in _execute_20
    return meth(self, args_10style, kwargs_10style, execution_options)
           ^^^^^^^^^^^^^^^^^^^^^^^^^^^^^^^^^^^^^^^^^^^^^^^^^^^^^^^^^^^
  File "C:\Users\kevin\Documents\Cephadex\.venv\Lib\site-packages\sqlalchemy\sql\elements.py", line 334, in _execute_on_connection
    return connection._execute_clauseelement(
           ^^^^^^^^^^^^^^^^^^^^^^^^^^^^^^^^^^
  File "C:\Users\kevin\Documents\Cephadex\.venv\Lib\site-packages\sqlalchemy\engine\base.py", line 1572, in _execute_clauseelement
    ret = self._execute_context(
          ^^^^^^^^^^^^^^^^^^^^^^
  File "C:\Users\kevin\Documents\Cephadex\.venv\Lib\site-packages\sqlalchemy\engine\base.py", line 1943, in _execute_context
    self._handle_dbapi_exception(
  File "C:\Users\kevin\Documents\Cephadex\.venv\Lib\site-packages\sqlalchemy\engine\base.py", line 2124, in _handle_dbapi_exception
    util.raise_(
  File "C:\Users\kevin\Documents\Cephadex\.venv\Lib\site-packages\sqlalchemy\util\compat.py", line 211, in raise_
    raise exception
  File "C:\Users\kevin\Documents\Cephadex\.venv\Lib\site-packages\sqlalchemy\engine\base.py", line 1900, in _execute_context
    self.dialect.do_execute(
  File "C:\Users\kevin\Documents\Cephadex\.venv\Lib\site-packages\sqlalchemy\engine\default.py", line 736, in do_execute
    cursor.execute(statement, parameters)
  File "C:\Users\kevin\Documents\Cephadex\.venv\Lib\site-packages\mysql\connector\cursor_cext.py", line 330, in execute
    result = self._cnx.cmd_query(
             ^^^^^^^^^^^^^^^^^^^^
  File "C:\Users\kevin\Documents\Cephadex\.venv\Lib\site-packages\mysql\connector\connection_cext.py", line 616, in cmd_query
    raise get_mysql_exception(
sqlalchemy.exc.IntegrityError: (mysql.connector.errors.IntegrityError) 1451 (23000): Cannot delete or update a parent row: a foreign key constraint fails (`mysqldb1`.`deck_attributes`, CONSTRAINT `deck_attributes_ibfk_1` FOREIGN KEY (`deck_id`) REFERENCES `deck` (`id`))
[SQL: DELETE FROM deck WHERE deck.id = %(id)s]
[parameters: {'id': 771}]
(Background on this error at: https://sqlalche.me/e/14/gkpj)
2023-08-26 16:06:48,587 - flask_app - ERROR - Exception occurred in function delete. Extra info: No extra info provided.
Traceback (most recent call last):
  File "C:\Users\kevin\Documents\Cephadex\.venv\Lib\site-packages\mysql\connector\connection_cext.py", line 608, in cmd_query
    self._cmysql.query(
_mysql_connector.MySQLInterfaceError: Cannot delete or update a parent row: a foreign key constraint fails (`mysqldb1`.`deck_attributes`, CONSTRAINT `deck_attributes_ibfk_1` FOREIGN KEY (`deck_id`) REFERENCES `deck` (`id`))

The above exception was the direct cause of the following exception:

Traceback (most recent call last):
  File "C:\Users\kevin\Documents\Cephadex\.venv\Lib\site-packages\sqlalchemy\engine\base.py", line 1900, in _execute_context
    self.dialect.do_execute(
  File "C:\Users\kevin\Documents\Cephadex\.venv\Lib\site-packages\sqlalchemy\engine\default.py", line 736, in do_execute
    cursor.execute(statement, parameters)
  File "C:\Users\kevin\Documents\Cephadex\.venv\Lib\site-packages\mysql\connector\cursor_cext.py", line 330, in execute
    result = self._cnx.cmd_query(
             ^^^^^^^^^^^^^^^^^^^^
  File "C:\Users\kevin\Documents\Cephadex\.venv\Lib\site-packages\mysql\connector\connection_cext.py", line 616, in cmd_query
    raise get_mysql_exception(
mysql.connector.errors.IntegrityError: 1451 (23000): Cannot delete or update a parent row: a foreign key constraint fails (`mysqldb1`.`deck_attributes`, CONSTRAINT `deck_attributes_ibfk_1` FOREIGN KEY (`deck_id`) REFERENCES `deck` (`id`))

The above exception was the direct cause of the following exception:

Traceback (most recent call last):
  File "C:\Users\kevin\Documents\Cephadex\cards\models\helpers\log_decorators.py", line 17, in wrapper
    result = f(*args, **kwargs)
             ^^^^^^^^^^^^^^^^^^
  File "C:\Users\kevin\Documents\Cephadex\cards\views\deck_bp.py", line 106, in delete
    db.session.commit()
  File "<string>", line 2, in commit
  File "C:\Users\kevin\Documents\Cephadex\.venv\Lib\site-packages\sqlalchemy\orm\session.py", line 1451, in commit
    self._transaction.commit(_to_root=self.future)
  File "C:\Users\kevin\Documents\Cephadex\.venv\Lib\site-packages\sqlalchemy\orm\session.py", line 829, in commit
    self._prepare_impl()
  File "C:\Users\kevin\Documents\Cephadex\.venv\Lib\site-packages\sqlalchemy\orm\session.py", line 808, in _prepare_impl
    self.session.flush()
  File "C:\Users\kevin\Documents\Cephadex\.venv\Lib\site-packages\sqlalchemy\orm\session.py", line 3444, in flush
    self._flush(objects)
  File "C:\Users\kevin\Documents\Cephadex\.venv\Lib\site-packages\sqlalchemy\orm\session.py", line 3583, in _flush
    with util.safe_reraise():
  File "C:\Users\kevin\Documents\Cephadex\.venv\Lib\site-packages\sqlalchemy\util\langhelpers.py", line 70, in __exit__
    compat.raise_(
  File "C:\Users\kevin\Documents\Cephadex\.venv\Lib\site-packages\sqlalchemy\util\compat.py", line 211, in raise_
    raise exception
  File "C:\Users\kevin\Documents\Cephadex\.venv\Lib\site-packages\sqlalchemy\orm\session.py", line 3544, in _flush
    flush_context.execute()
  File "C:\Users\kevin\Documents\Cephadex\.venv\Lib\site-packages\sqlalchemy\orm\unitofwork.py", line 456, in execute
    rec.execute(self)
  File "C:\Users\kevin\Documents\Cephadex\.venv\Lib\site-packages\sqlalchemy\orm\unitofwork.py", line 667, in execute
    util.preloaded.orm_persistence.delete_obj(
  File "C:\Users\kevin\Documents\Cephadex\.venv\Lib\site-packages\sqlalchemy\orm\persistence.py", line 343, in delete_obj
    _emit_delete_statements(
  File "C:\Users\kevin\Documents\Cephadex\.venv\Lib\site-packages\sqlalchemy\orm\persistence.py", line 1468, in _emit_delete_statements
    c = connection._execute_20(
        ^^^^^^^^^^^^^^^^^^^^^^^
  File "C:\Users\kevin\Documents\Cephadex\.venv\Lib\site-packages\sqlalchemy\engine\base.py", line 1705, in _execute_20
    return meth(self, args_10style, kwargs_10style, execution_options)
           ^^^^^^^^^^^^^^^^^^^^^^^^^^^^^^^^^^^^^^^^^^^^^^^^^^^^^^^^^^^
  File "C:\Users\kevin\Documents\Cephadex\.venv\Lib\site-packages\sqlalchemy\sql\elements.py", line 334, in _execute_on_connection
    return connection._execute_clauseelement(
           ^^^^^^^^^^^^^^^^^^^^^^^^^^^^^^^^^^
  File "C:\Users\kevin\Documents\Cephadex\.venv\Lib\site-packages\sqlalchemy\engine\base.py", line 1572, in _execute_clauseelement
    ret = self._execute_context(
          ^^^^^^^^^^^^^^^^^^^^^^
  File "C:\Users\kevin\Documents\Cephadex\.venv\Lib\site-packages\sqlalchemy\engine\base.py", line 1943, in _execute_context
    self._handle_dbapi_exception(
  File "C:\Users\kevin\Documents\Cephadex\.venv\Lib\site-packages\sqlalchemy\engine\base.py", line 2124, in _handle_dbapi_exception
    util.raise_(
  File "C:\Users\kevin\Documents\Cephadex\.venv\Lib\site-packages\sqlalchemy\util\compat.py", line 211, in raise_
    raise exception
  File "C:\Users\kevin\Documents\Cephadex\.venv\Lib\site-packages\sqlalchemy\engine\base.py", line 1900, in _execute_context
    self.dialect.do_execute(
  File "C:\Users\kevin\Documents\Cephadex\.venv\Lib\site-packages\sqlalchemy\engine\default.py", line 736, in do_execute
    cursor.execute(statement, parameters)
  File "C:\Users\kevin\Documents\Cephadex\.venv\Lib\site-packages\mysql\connector\cursor_cext.py", line 330, in execute
    result = self._cnx.cmd_query(
             ^^^^^^^^^^^^^^^^^^^^
  File "C:\Users\kevin\Documents\Cephadex\.venv\Lib\site-packages\mysql\connector\connection_cext.py", line 616, in cmd_query
    raise get_mysql_exception(
sqlalchemy.exc.IntegrityError: (mysql.connector.errors.IntegrityError) 1451 (23000): Cannot delete or update a parent row: a foreign key constraint fails (`mysqldb1`.`deck_attributes`, CONSTRAINT `deck_attributes_ibfk_1` FOREIGN KEY (`deck_id`) REFERENCES `deck` (`id`))
[SQL: DELETE FROM deck WHERE deck.id = %(id)s]
[parameters: {'id': 753}]
(Background on this error at: https://sqlalche.me/e/14/gkpj)
2023-08-26 16:06:53,358 - flask_app - ERROR - Exception occurred in function delete. Extra info: No extra info provided.
Traceback (most recent call last):
  File "C:\Users\kevin\Documents\Cephadex\.venv\Lib\site-packages\mysql\connector\connection_cext.py", line 608, in cmd_query
    self._cmysql.query(
_mysql_connector.MySQLInterfaceError: Cannot delete or update a parent row: a foreign key constraint fails (`mysqldb1`.`deck_attributes`, CONSTRAINT `deck_attributes_ibfk_1` FOREIGN KEY (`deck_id`) REFERENCES `deck` (`id`))

The above exception was the direct cause of the following exception:

Traceback (most recent call last):
  File "C:\Users\kevin\Documents\Cephadex\.venv\Lib\site-packages\sqlalchemy\engine\base.py", line 1900, in _execute_context
    self.dialect.do_execute(
  File "C:\Users\kevin\Documents\Cephadex\.venv\Lib\site-packages\sqlalchemy\engine\default.py", line 736, in do_execute
    cursor.execute(statement, parameters)
  File "C:\Users\kevin\Documents\Cephadex\.venv\Lib\site-packages\mysql\connector\cursor_cext.py", line 330, in execute
    result = self._cnx.cmd_query(
             ^^^^^^^^^^^^^^^^^^^^
  File "C:\Users\kevin\Documents\Cephadex\.venv\Lib\site-packages\mysql\connector\connection_cext.py", line 616, in cmd_query
    raise get_mysql_exception(
mysql.connector.errors.IntegrityError: 1451 (23000): Cannot delete or update a parent row: a foreign key constraint fails (`mysqldb1`.`deck_attributes`, CONSTRAINT `deck_attributes_ibfk_1` FOREIGN KEY (`deck_id`) REFERENCES `deck` (`id`))

The above exception was the direct cause of the following exception:

Traceback (most recent call last):
  File "C:\Users\kevin\Documents\Cephadex\cards\models\helpers\log_decorators.py", line 17, in wrapper
    result = f(*args, **kwargs)
             ^^^^^^^^^^^^^^^^^^
  File "C:\Users\kevin\Documents\Cephadex\cards\views\deck_bp.py", line 106, in delete
    db.session.commit()
  File "<string>", line 2, in commit
  File "C:\Users\kevin\Documents\Cephadex\.venv\Lib\site-packages\sqlalchemy\orm\session.py", line 1451, in commit
    self._transaction.commit(_to_root=self.future)
  File "C:\Users\kevin\Documents\Cephadex\.venv\Lib\site-packages\sqlalchemy\orm\session.py", line 829, in commit
    self._prepare_impl()
  File "C:\Users\kevin\Documents\Cephadex\.venv\Lib\site-packages\sqlalchemy\orm\session.py", line 808, in _prepare_impl
    self.session.flush()
  File "C:\Users\kevin\Documents\Cephadex\.venv\Lib\site-packages\sqlalchemy\orm\session.py", line 3444, in flush
    self._flush(objects)
  File "C:\Users\kevin\Documents\Cephadex\.venv\Lib\site-packages\sqlalchemy\orm\session.py", line 3583, in _flush
    with util.safe_reraise():
  File "C:\Users\kevin\Documents\Cephadex\.venv\Lib\site-packages\sqlalchemy\util\langhelpers.py", line 70, in __exit__
    compat.raise_(
  File "C:\Users\kevin\Documents\Cephadex\.venv\Lib\site-packages\sqlalchemy\util\compat.py", line 211, in raise_
    raise exception
  File "C:\Users\kevin\Documents\Cephadex\.venv\Lib\site-packages\sqlalchemy\orm\session.py", line 3544, in _flush
    flush_context.execute()
  File "C:\Users\kevin\Documents\Cephadex\.venv\Lib\site-packages\sqlalchemy\orm\unitofwork.py", line 456, in execute
    rec.execute(self)
  File "C:\Users\kevin\Documents\Cephadex\.venv\Lib\site-packages\sqlalchemy\orm\unitofwork.py", line 667, in execute
    util.preloaded.orm_persistence.delete_obj(
  File "C:\Users\kevin\Documents\Cephadex\.venv\Lib\site-packages\sqlalchemy\orm\persistence.py", line 343, in delete_obj
    _emit_delete_statements(
  File "C:\Users\kevin\Documents\Cephadex\.venv\Lib\site-packages\sqlalchemy\orm\persistence.py", line 1468, in _emit_delete_statements
    c = connection._execute_20(
        ^^^^^^^^^^^^^^^^^^^^^^^
  File "C:\Users\kevin\Documents\Cephadex\.venv\Lib\site-packages\sqlalchemy\engine\base.py", line 1705, in _execute_20
    return meth(self, args_10style, kwargs_10style, execution_options)
           ^^^^^^^^^^^^^^^^^^^^^^^^^^^^^^^^^^^^^^^^^^^^^^^^^^^^^^^^^^^
  File "C:\Users\kevin\Documents\Cephadex\.venv\Lib\site-packages\sqlalchemy\sql\elements.py", line 334, in _execute_on_connection
    return connection._execute_clauseelement(
           ^^^^^^^^^^^^^^^^^^^^^^^^^^^^^^^^^^
  File "C:\Users\kevin\Documents\Cephadex\.venv\Lib\site-packages\sqlalchemy\engine\base.py", line 1572, in _execute_clauseelement
    ret = self._execute_context(
          ^^^^^^^^^^^^^^^^^^^^^^
  File "C:\Users\kevin\Documents\Cephadex\.venv\Lib\site-packages\sqlalchemy\engine\base.py", line 1943, in _execute_context
    self._handle_dbapi_exception(
  File "C:\Users\kevin\Documents\Cephadex\.venv\Lib\site-packages\sqlalchemy\engine\base.py", line 2124, in _handle_dbapi_exception
    util.raise_(
  File "C:\Users\kevin\Documents\Cephadex\.venv\Lib\site-packages\sqlalchemy\util\compat.py", line 211, in raise_
    raise exception
  File "C:\Users\kevin\Documents\Cephadex\.venv\Lib\site-packages\sqlalchemy\engine\base.py", line 1900, in _execute_context
    self.dialect.do_execute(
  File "C:\Users\kevin\Documents\Cephadex\.venv\Lib\site-packages\sqlalchemy\engine\default.py", line 736, in do_execute
    cursor.execute(statement, parameters)
  File "C:\Users\kevin\Documents\Cephadex\.venv\Lib\site-packages\mysql\connector\cursor_cext.py", line 330, in execute
    result = self._cnx.cmd_query(
             ^^^^^^^^^^^^^^^^^^^^
  File "C:\Users\kevin\Documents\Cephadex\.venv\Lib\site-packages\mysql\connector\connection_cext.py", line 616, in cmd_query
    raise get_mysql_exception(
sqlalchemy.exc.IntegrityError: (mysql.connector.errors.IntegrityError) 1451 (23000): Cannot delete or update a parent row: a foreign key constraint fails (`mysqldb1`.`deck_attributes`, CONSTRAINT `deck_attributes_ibfk_1` FOREIGN KEY (`deck_id`) REFERENCES `deck` (`id`))
[SQL: DELETE FROM deck WHERE deck.id = %(id)s]
[parameters: {'id': 765}]
(Background on this error at: https://sqlalche.me/e/14/gkpj)
2023-08-26 16:07:02,896 - flask_app - ERROR - Exception occurred in function delete. Extra info: No extra info provided.
Traceback (most recent call last):
  File "C:\Users\kevin\Documents\Cephadex\.venv\Lib\site-packages\mysql\connector\connection_cext.py", line 608, in cmd_query
    self._cmysql.query(
_mysql_connector.MySQLInterfaceError: Cannot delete or update a parent row: a foreign key constraint fails (`mysqldb1`.`deck_attributes`, CONSTRAINT `deck_attributes_ibfk_1` FOREIGN KEY (`deck_id`) REFERENCES `deck` (`id`))

The above exception was the direct cause of the following exception:

Traceback (most recent call last):
  File "C:\Users\kevin\Documents\Cephadex\.venv\Lib\site-packages\sqlalchemy\engine\base.py", line 1900, in _execute_context
    self.dialect.do_execute(
  File "C:\Users\kevin\Documents\Cephadex\.venv\Lib\site-packages\sqlalchemy\engine\default.py", line 736, in do_execute
    cursor.execute(statement, parameters)
  File "C:\Users\kevin\Documents\Cephadex\.venv\Lib\site-packages\mysql\connector\cursor_cext.py", line 330, in execute
    result = self._cnx.cmd_query(
             ^^^^^^^^^^^^^^^^^^^^
  File "C:\Users\kevin\Documents\Cephadex\.venv\Lib\site-packages\mysql\connector\connection_cext.py", line 616, in cmd_query
    raise get_mysql_exception(
mysql.connector.errors.IntegrityError: 1451 (23000): Cannot delete or update a parent row: a foreign key constraint fails (`mysqldb1`.`deck_attributes`, CONSTRAINT `deck_attributes_ibfk_1` FOREIGN KEY (`deck_id`) REFERENCES `deck` (`id`))

The above exception was the direct cause of the following exception:

Traceback (most recent call last):
  File "C:\Users\kevin\Documents\Cephadex\cards\models\helpers\log_decorators.py", line 17, in wrapper
    result = f(*args, **kwargs)
             ^^^^^^^^^^^^^^^^^^
  File "C:\Users\kevin\Documents\Cephadex\cards\views\deck_bp.py", line 106, in delete
    db.session.commit()
  File "<string>", line 2, in commit
  File "C:\Users\kevin\Documents\Cephadex\.venv\Lib\site-packages\sqlalchemy\orm\session.py", line 1451, in commit
    self._transaction.commit(_to_root=self.future)
  File "C:\Users\kevin\Documents\Cephadex\.venv\Lib\site-packages\sqlalchemy\orm\session.py", line 829, in commit
    self._prepare_impl()
  File "C:\Users\kevin\Documents\Cephadex\.venv\Lib\site-packages\sqlalchemy\orm\session.py", line 808, in _prepare_impl
    self.session.flush()
  File "C:\Users\kevin\Documents\Cephadex\.venv\Lib\site-packages\sqlalchemy\orm\session.py", line 3444, in flush
    self._flush(objects)
  File "C:\Users\kevin\Documents\Cephadex\.venv\Lib\site-packages\sqlalchemy\orm\session.py", line 3583, in _flush
    with util.safe_reraise():
  File "C:\Users\kevin\Documents\Cephadex\.venv\Lib\site-packages\sqlalchemy\util\langhelpers.py", line 70, in __exit__
    compat.raise_(
  File "C:\Users\kevin\Documents\Cephadex\.venv\Lib\site-packages\sqlalchemy\util\compat.py", line 211, in raise_
    raise exception
  File "C:\Users\kevin\Documents\Cephadex\.venv\Lib\site-packages\sqlalchemy\orm\session.py", line 3544, in _flush
    flush_context.execute()
  File "C:\Users\kevin\Documents\Cephadex\.venv\Lib\site-packages\sqlalchemy\orm\unitofwork.py", line 456, in execute
    rec.execute(self)
  File "C:\Users\kevin\Documents\Cephadex\.venv\Lib\site-packages\sqlalchemy\orm\unitofwork.py", line 667, in execute
    util.preloaded.orm_persistence.delete_obj(
  File "C:\Users\kevin\Documents\Cephadex\.venv\Lib\site-packages\sqlalchemy\orm\persistence.py", line 343, in delete_obj
    _emit_delete_statements(
  File "C:\Users\kevin\Documents\Cephadex\.venv\Lib\site-packages\sqlalchemy\orm\persistence.py", line 1468, in _emit_delete_statements
    c = connection._execute_20(
        ^^^^^^^^^^^^^^^^^^^^^^^
  File "C:\Users\kevin\Documents\Cephadex\.venv\Lib\site-packages\sqlalchemy\engine\base.py", line 1705, in _execute_20
    return meth(self, args_10style, kwargs_10style, execution_options)
           ^^^^^^^^^^^^^^^^^^^^^^^^^^^^^^^^^^^^^^^^^^^^^^^^^^^^^^^^^^^
  File "C:\Users\kevin\Documents\Cephadex\.venv\Lib\site-packages\sqlalchemy\sql\elements.py", line 334, in _execute_on_connection
    return connection._execute_clauseelement(
           ^^^^^^^^^^^^^^^^^^^^^^^^^^^^^^^^^^
  File "C:\Users\kevin\Documents\Cephadex\.venv\Lib\site-packages\sqlalchemy\engine\base.py", line 1572, in _execute_clauseelement
    ret = self._execute_context(
          ^^^^^^^^^^^^^^^^^^^^^^
  File "C:\Users\kevin\Documents\Cephadex\.venv\Lib\site-packages\sqlalchemy\engine\base.py", line 1943, in _execute_context
    self._handle_dbapi_exception(
  File "C:\Users\kevin\Documents\Cephadex\.venv\Lib\site-packages\sqlalchemy\engine\base.py", line 2124, in _handle_dbapi_exception
    util.raise_(
  File "C:\Users\kevin\Documents\Cephadex\.venv\Lib\site-packages\sqlalchemy\util\compat.py", line 211, in raise_
    raise exception
  File "C:\Users\kevin\Documents\Cephadex\.venv\Lib\site-packages\sqlalchemy\engine\base.py", line 1900, in _execute_context
    self.dialect.do_execute(
  File "C:\Users\kevin\Documents\Cephadex\.venv\Lib\site-packages\sqlalchemy\engine\default.py", line 736, in do_execute
    cursor.execute(statement, parameters)
  File "C:\Users\kevin\Documents\Cephadex\.venv\Lib\site-packages\mysql\connector\cursor_cext.py", line 330, in execute
    result = self._cnx.cmd_query(
             ^^^^^^^^^^^^^^^^^^^^
  File "C:\Users\kevin\Documents\Cephadex\.venv\Lib\site-packages\mysql\connector\connection_cext.py", line 616, in cmd_query
    raise get_mysql_exception(
sqlalchemy.exc.IntegrityError: (mysql.connector.errors.IntegrityError) 1451 (23000): Cannot delete or update a parent row: a foreign key constraint fails (`mysqldb1`.`deck_attributes`, CONSTRAINT `deck_attributes_ibfk_1` FOREIGN KEY (`deck_id`) REFERENCES `deck` (`id`))
[SQL: DELETE FROM deck WHERE deck.id = %(id)s]
[parameters: {'id': 753}]
(Background on this error at: https://sqlalche.me/e/14/gkpj)
2023-08-26 16:07:06,236 - flask_app - ERROR - Exception occurred in function delete. Extra info: No extra info provided.
Traceback (most recent call last):
  File "C:\Users\kevin\Documents\Cephadex\.venv\Lib\site-packages\mysql\connector\connection_cext.py", line 608, in cmd_query
    self._cmysql.query(
_mysql_connector.MySQLInterfaceError: Cannot delete or update a parent row: a foreign key constraint fails (`mysqldb1`.`deck_attributes`, CONSTRAINT `deck_attributes_ibfk_1` FOREIGN KEY (`deck_id`) REFERENCES `deck` (`id`))

The above exception was the direct cause of the following exception:

Traceback (most recent call last):
  File "C:\Users\kevin\Documents\Cephadex\.venv\Lib\site-packages\sqlalchemy\engine\base.py", line 1900, in _execute_context
    self.dialect.do_execute(
  File "C:\Users\kevin\Documents\Cephadex\.venv\Lib\site-packages\sqlalchemy\engine\default.py", line 736, in do_execute
    cursor.execute(statement, parameters)
  File "C:\Users\kevin\Documents\Cephadex\.venv\Lib\site-packages\mysql\connector\cursor_cext.py", line 330, in execute
    result = self._cnx.cmd_query(
             ^^^^^^^^^^^^^^^^^^^^
  File "C:\Users\kevin\Documents\Cephadex\.venv\Lib\site-packages\mysql\connector\connection_cext.py", line 616, in cmd_query
    raise get_mysql_exception(
mysql.connector.errors.IntegrityError: 1451 (23000): Cannot delete or update a parent row: a foreign key constraint fails (`mysqldb1`.`deck_attributes`, CONSTRAINT `deck_attributes_ibfk_1` FOREIGN KEY (`deck_id`) REFERENCES `deck` (`id`))

The above exception was the direct cause of the following exception:

Traceback (most recent call last):
  File "C:\Users\kevin\Documents\Cephadex\cards\models\helpers\log_decorators.py", line 17, in wrapper
    result = f(*args, **kwargs)
             ^^^^^^^^^^^^^^^^^^
  File "C:\Users\kevin\Documents\Cephadex\cards\views\deck_bp.py", line 106, in delete
    db.session.commit()
  File "<string>", line 2, in commit
  File "C:\Users\kevin\Documents\Cephadex\.venv\Lib\site-packages\sqlalchemy\orm\session.py", line 1451, in commit
    self._transaction.commit(_to_root=self.future)
  File "C:\Users\kevin\Documents\Cephadex\.venv\Lib\site-packages\sqlalchemy\orm\session.py", line 829, in commit
    self._prepare_impl()
  File "C:\Users\kevin\Documents\Cephadex\.venv\Lib\site-packages\sqlalchemy\orm\session.py", line 808, in _prepare_impl
    self.session.flush()
  File "C:\Users\kevin\Documents\Cephadex\.venv\Lib\site-packages\sqlalchemy\orm\session.py", line 3444, in flush
    self._flush(objects)
  File "C:\Users\kevin\Documents\Cephadex\.venv\Lib\site-packages\sqlalchemy\orm\session.py", line 3583, in _flush
    with util.safe_reraise():
  File "C:\Users\kevin\Documents\Cephadex\.venv\Lib\site-packages\sqlalchemy\util\langhelpers.py", line 70, in __exit__
    compat.raise_(
  File "C:\Users\kevin\Documents\Cephadex\.venv\Lib\site-packages\sqlalchemy\util\compat.py", line 211, in raise_
    raise exception
  File "C:\Users\kevin\Documents\Cephadex\.venv\Lib\site-packages\sqlalchemy\orm\session.py", line 3544, in _flush
    flush_context.execute()
  File "C:\Users\kevin\Documents\Cephadex\.venv\Lib\site-packages\sqlalchemy\orm\unitofwork.py", line 456, in execute
    rec.execute(self)
  File "C:\Users\kevin\Documents\Cephadex\.venv\Lib\site-packages\sqlalchemy\orm\unitofwork.py", line 667, in execute
    util.preloaded.orm_persistence.delete_obj(
  File "C:\Users\kevin\Documents\Cephadex\.venv\Lib\site-packages\sqlalchemy\orm\persistence.py", line 343, in delete_obj
    _emit_delete_statements(
  File "C:\Users\kevin\Documents\Cephadex\.venv\Lib\site-packages\sqlalchemy\orm\persistence.py", line 1468, in _emit_delete_statements
    c = connection._execute_20(
        ^^^^^^^^^^^^^^^^^^^^^^^
  File "C:\Users\kevin\Documents\Cephadex\.venv\Lib\site-packages\sqlalchemy\engine\base.py", line 1705, in _execute_20
    return meth(self, args_10style, kwargs_10style, execution_options)
           ^^^^^^^^^^^^^^^^^^^^^^^^^^^^^^^^^^^^^^^^^^^^^^^^^^^^^^^^^^^
  File "C:\Users\kevin\Documents\Cephadex\.venv\Lib\site-packages\sqlalchemy\sql\elements.py", line 334, in _execute_on_connection
    return connection._execute_clauseelement(
           ^^^^^^^^^^^^^^^^^^^^^^^^^^^^^^^^^^
  File "C:\Users\kevin\Documents\Cephadex\.venv\Lib\site-packages\sqlalchemy\engine\base.py", line 1572, in _execute_clauseelement
    ret = self._execute_context(
          ^^^^^^^^^^^^^^^^^^^^^^
  File "C:\Users\kevin\Documents\Cephadex\.venv\Lib\site-packages\sqlalchemy\engine\base.py", line 1943, in _execute_context
    self._handle_dbapi_exception(
  File "C:\Users\kevin\Documents\Cephadex\.venv\Lib\site-packages\sqlalchemy\engine\base.py", line 2124, in _handle_dbapi_exception
    util.raise_(
  File "C:\Users\kevin\Documents\Cephadex\.venv\Lib\site-packages\sqlalchemy\util\compat.py", line 211, in raise_
    raise exception
  File "C:\Users\kevin\Documents\Cephadex\.venv\Lib\site-packages\sqlalchemy\engine\base.py", line 1900, in _execute_context
    self.dialect.do_execute(
  File "C:\Users\kevin\Documents\Cephadex\.venv\Lib\site-packages\sqlalchemy\engine\default.py", line 736, in do_execute
    cursor.execute(statement, parameters)
  File "C:\Users\kevin\Documents\Cephadex\.venv\Lib\site-packages\mysql\connector\cursor_cext.py", line 330, in execute
    result = self._cnx.cmd_query(
             ^^^^^^^^^^^^^^^^^^^^
  File "C:\Users\kevin\Documents\Cephadex\.venv\Lib\site-packages\mysql\connector\connection_cext.py", line 616, in cmd_query
    raise get_mysql_exception(
sqlalchemy.exc.IntegrityError: (mysql.connector.errors.IntegrityError) 1451 (23000): Cannot delete or update a parent row: a foreign key constraint fails (`mysqldb1`.`deck_attributes`, CONSTRAINT `deck_attributes_ibfk_1` FOREIGN KEY (`deck_id`) REFERENCES `deck` (`id`))
[SQL: DELETE FROM deck WHERE deck.id = %(id)s]
[parameters: {'id': 771}]
(Background on this error at: https://sqlalche.me/e/14/gkpj)
2023-08-26 16:07:14,222 - flask_app - ERROR - Exception occurred in function delete. Extra info: No extra info provided.
Traceback (most recent call last):
  File "C:\Users\kevin\Documents\Cephadex\.venv\Lib\site-packages\mysql\connector\connection_cext.py", line 608, in cmd_query
    self._cmysql.query(
_mysql_connector.MySQLInterfaceError: Cannot delete or update a parent row: a foreign key constraint fails (`mysqldb1`.`deck_attributes`, CONSTRAINT `deck_attributes_ibfk_1` FOREIGN KEY (`deck_id`) REFERENCES `deck` (`id`))

The above exception was the direct cause of the following exception:

Traceback (most recent call last):
  File "C:\Users\kevin\Documents\Cephadex\.venv\Lib\site-packages\sqlalchemy\engine\base.py", line 1900, in _execute_context
    self.dialect.do_execute(
  File "C:\Users\kevin\Documents\Cephadex\.venv\Lib\site-packages\sqlalchemy\engine\default.py", line 736, in do_execute
    cursor.execute(statement, parameters)
  File "C:\Users\kevin\Documents\Cephadex\.venv\Lib\site-packages\mysql\connector\cursor_cext.py", line 330, in execute
    result = self._cnx.cmd_query(
             ^^^^^^^^^^^^^^^^^^^^
  File "C:\Users\kevin\Documents\Cephadex\.venv\Lib\site-packages\mysql\connector\connection_cext.py", line 616, in cmd_query
    raise get_mysql_exception(
mysql.connector.errors.IntegrityError: 1451 (23000): Cannot delete or update a parent row: a foreign key constraint fails (`mysqldb1`.`deck_attributes`, CONSTRAINT `deck_attributes_ibfk_1` FOREIGN KEY (`deck_id`) REFERENCES `deck` (`id`))

The above exception was the direct cause of the following exception:

Traceback (most recent call last):
  File "C:\Users\kevin\Documents\Cephadex\cards\models\helpers\log_decorators.py", line 17, in wrapper
    result = f(*args, **kwargs)
             ^^^^^^^^^^^^^^^^^^
  File "C:\Users\kevin\Documents\Cephadex\cards\views\deck_bp.py", line 106, in delete
    db.session.commit()
  File "<string>", line 2, in commit
  File "C:\Users\kevin\Documents\Cephadex\.venv\Lib\site-packages\sqlalchemy\orm\session.py", line 1451, in commit
    self._transaction.commit(_to_root=self.future)
  File "C:\Users\kevin\Documents\Cephadex\.venv\Lib\site-packages\sqlalchemy\orm\session.py", line 829, in commit
    self._prepare_impl()
  File "C:\Users\kevin\Documents\Cephadex\.venv\Lib\site-packages\sqlalchemy\orm\session.py", line 808, in _prepare_impl
    self.session.flush()
  File "C:\Users\kevin\Documents\Cephadex\.venv\Lib\site-packages\sqlalchemy\orm\session.py", line 3444, in flush
    self._flush(objects)
  File "C:\Users\kevin\Documents\Cephadex\.venv\Lib\site-packages\sqlalchemy\orm\session.py", line 3583, in _flush
    with util.safe_reraise():
  File "C:\Users\kevin\Documents\Cephadex\.venv\Lib\site-packages\sqlalchemy\util\langhelpers.py", line 70, in __exit__
    compat.raise_(
  File "C:\Users\kevin\Documents\Cephadex\.venv\Lib\site-packages\sqlalchemy\util\compat.py", line 211, in raise_
    raise exception
  File "C:\Users\kevin\Documents\Cephadex\.venv\Lib\site-packages\sqlalchemy\orm\session.py", line 3544, in _flush
    flush_context.execute()
  File "C:\Users\kevin\Documents\Cephadex\.venv\Lib\site-packages\sqlalchemy\orm\unitofwork.py", line 456, in execute
    rec.execute(self)
  File "C:\Users\kevin\Documents\Cephadex\.venv\Lib\site-packages\sqlalchemy\orm\unitofwork.py", line 667, in execute
    util.preloaded.orm_persistence.delete_obj(
  File "C:\Users\kevin\Documents\Cephadex\.venv\Lib\site-packages\sqlalchemy\orm\persistence.py", line 343, in delete_obj
    _emit_delete_statements(
  File "C:\Users\kevin\Documents\Cephadex\.venv\Lib\site-packages\sqlalchemy\orm\persistence.py", line 1468, in _emit_delete_statements
    c = connection._execute_20(
        ^^^^^^^^^^^^^^^^^^^^^^^
  File "C:\Users\kevin\Documents\Cephadex\.venv\Lib\site-packages\sqlalchemy\engine\base.py", line 1705, in _execute_20
    return meth(self, args_10style, kwargs_10style, execution_options)
           ^^^^^^^^^^^^^^^^^^^^^^^^^^^^^^^^^^^^^^^^^^^^^^^^^^^^^^^^^^^
  File "C:\Users\kevin\Documents\Cephadex\.venv\Lib\site-packages\sqlalchemy\sql\elements.py", line 334, in _execute_on_connection
    return connection._execute_clauseelement(
           ^^^^^^^^^^^^^^^^^^^^^^^^^^^^^^^^^^
  File "C:\Users\kevin\Documents\Cephadex\.venv\Lib\site-packages\sqlalchemy\engine\base.py", line 1572, in _execute_clauseelement
    ret = self._execute_context(
          ^^^^^^^^^^^^^^^^^^^^^^
  File "C:\Users\kevin\Documents\Cephadex\.venv\Lib\site-packages\sqlalchemy\engine\base.py", line 1943, in _execute_context
    self._handle_dbapi_exception(
  File "C:\Users\kevin\Documents\Cephadex\.venv\Lib\site-packages\sqlalchemy\engine\base.py", line 2124, in _handle_dbapi_exception
    util.raise_(
  File "C:\Users\kevin\Documents\Cephadex\.venv\Lib\site-packages\sqlalchemy\util\compat.py", line 211, in raise_
    raise exception
  File "C:\Users\kevin\Documents\Cephadex\.venv\Lib\site-packages\sqlalchemy\engine\base.py", line 1900, in _execute_context
    self.dialect.do_execute(
  File "C:\Users\kevin\Documents\Cephadex\.venv\Lib\site-packages\sqlalchemy\engine\default.py", line 736, in do_execute
    cursor.execute(statement, parameters)
  File "C:\Users\kevin\Documents\Cephadex\.venv\Lib\site-packages\mysql\connector\cursor_cext.py", line 330, in execute
    result = self._cnx.cmd_query(
             ^^^^^^^^^^^^^^^^^^^^
  File "C:\Users\kevin\Documents\Cephadex\.venv\Lib\site-packages\mysql\connector\connection_cext.py", line 616, in cmd_query
    raise get_mysql_exception(
sqlalchemy.exc.IntegrityError: (mysql.connector.errors.IntegrityError) 1451 (23000): Cannot delete or update a parent row: a foreign key constraint fails (`mysqldb1`.`deck_attributes`, CONSTRAINT `deck_attributes_ibfk_1` FOREIGN KEY (`deck_id`) REFERENCES `deck` (`id`))
[SQL: DELETE FROM deck WHERE deck.id = %(id)s]
[parameters: {'id': 771}]
(Background on this error at: https://sqlalche.me/e/14/gkpj)
2023-08-26 16:07:27,781 - flask_app - ERROR - Exception occurred in function delete. Extra info: No extra info provided.
Traceback (most recent call last):
  File "C:\Users\kevin\Documents\Cephadex\.venv\Lib\site-packages\mysql\connector\connection_cext.py", line 608, in cmd_query
    self._cmysql.query(
_mysql_connector.MySQLInterfaceError: Cannot delete or update a parent row: a foreign key constraint fails (`mysqldb1`.`deck_attributes`, CONSTRAINT `deck_attributes_ibfk_1` FOREIGN KEY (`deck_id`) REFERENCES `deck` (`id`))

The above exception was the direct cause of the following exception:

Traceback (most recent call last):
  File "C:\Users\kevin\Documents\Cephadex\.venv\Lib\site-packages\sqlalchemy\engine\base.py", line 1900, in _execute_context
    self.dialect.do_execute(
  File "C:\Users\kevin\Documents\Cephadex\.venv\Lib\site-packages\sqlalchemy\engine\default.py", line 736, in do_execute
    cursor.execute(statement, parameters)
  File "C:\Users\kevin\Documents\Cephadex\.venv\Lib\site-packages\mysql\connector\cursor_cext.py", line 330, in execute
    result = self._cnx.cmd_query(
             ^^^^^^^^^^^^^^^^^^^^
  File "C:\Users\kevin\Documents\Cephadex\.venv\Lib\site-packages\mysql\connector\connection_cext.py", line 616, in cmd_query
    raise get_mysql_exception(
mysql.connector.errors.IntegrityError: 1451 (23000): Cannot delete or update a parent row: a foreign key constraint fails (`mysqldb1`.`deck_attributes`, CONSTRAINT `deck_attributes_ibfk_1` FOREIGN KEY (`deck_id`) REFERENCES `deck` (`id`))

The above exception was the direct cause of the following exception:

Traceback (most recent call last):
  File "C:\Users\kevin\Documents\Cephadex\cards\models\helpers\log_decorators.py", line 17, in wrapper
    result = f(*args, **kwargs)
             ^^^^^^^^^^^^^^^^^^
  File "C:\Users\kevin\Documents\Cephadex\cards\views\deck_bp.py", line 106, in delete
    db.session.commit()
  File "<string>", line 2, in commit
  File "C:\Users\kevin\Documents\Cephadex\.venv\Lib\site-packages\sqlalchemy\orm\session.py", line 1451, in commit
    self._transaction.commit(_to_root=self.future)
  File "C:\Users\kevin\Documents\Cephadex\.venv\Lib\site-packages\sqlalchemy\orm\session.py", line 829, in commit
    self._prepare_impl()
  File "C:\Users\kevin\Documents\Cephadex\.venv\Lib\site-packages\sqlalchemy\orm\session.py", line 808, in _prepare_impl
    self.session.flush()
  File "C:\Users\kevin\Documents\Cephadex\.venv\Lib\site-packages\sqlalchemy\orm\session.py", line 3444, in flush
    self._flush(objects)
  File "C:\Users\kevin\Documents\Cephadex\.venv\Lib\site-packages\sqlalchemy\orm\session.py", line 3583, in _flush
    with util.safe_reraise():
  File "C:\Users\kevin\Documents\Cephadex\.venv\Lib\site-packages\sqlalchemy\util\langhelpers.py", line 70, in __exit__
    compat.raise_(
  File "C:\Users\kevin\Documents\Cephadex\.venv\Lib\site-packages\sqlalchemy\util\compat.py", line 211, in raise_
    raise exception
  File "C:\Users\kevin\Documents\Cephadex\.venv\Lib\site-packages\sqlalchemy\orm\session.py", line 3544, in _flush
    flush_context.execute()
  File "C:\Users\kevin\Documents\Cephadex\.venv\Lib\site-packages\sqlalchemy\orm\unitofwork.py", line 456, in execute
    rec.execute(self)
  File "C:\Users\kevin\Documents\Cephadex\.venv\Lib\site-packages\sqlalchemy\orm\unitofwork.py", line 667, in execute
    util.preloaded.orm_persistence.delete_obj(
  File "C:\Users\kevin\Documents\Cephadex\.venv\Lib\site-packages\sqlalchemy\orm\persistence.py", line 343, in delete_obj
    _emit_delete_statements(
  File "C:\Users\kevin\Documents\Cephadex\.venv\Lib\site-packages\sqlalchemy\orm\persistence.py", line 1468, in _emit_delete_statements
    c = connection._execute_20(
        ^^^^^^^^^^^^^^^^^^^^^^^
  File "C:\Users\kevin\Documents\Cephadex\.venv\Lib\site-packages\sqlalchemy\engine\base.py", line 1705, in _execute_20
    return meth(self, args_10style, kwargs_10style, execution_options)
           ^^^^^^^^^^^^^^^^^^^^^^^^^^^^^^^^^^^^^^^^^^^^^^^^^^^^^^^^^^^
  File "C:\Users\kevin\Documents\Cephadex\.venv\Lib\site-packages\sqlalchemy\sql\elements.py", line 334, in _execute_on_connection
    return connection._execute_clauseelement(
           ^^^^^^^^^^^^^^^^^^^^^^^^^^^^^^^^^^
  File "C:\Users\kevin\Documents\Cephadex\.venv\Lib\site-packages\sqlalchemy\engine\base.py", line 1572, in _execute_clauseelement
    ret = self._execute_context(
          ^^^^^^^^^^^^^^^^^^^^^^
  File "C:\Users\kevin\Documents\Cephadex\.venv\Lib\site-packages\sqlalchemy\engine\base.py", line 1943, in _execute_context
    self._handle_dbapi_exception(
  File "C:\Users\kevin\Documents\Cephadex\.venv\Lib\site-packages\sqlalchemy\engine\base.py", line 2124, in _handle_dbapi_exception
    util.raise_(
  File "C:\Users\kevin\Documents\Cephadex\.venv\Lib\site-packages\sqlalchemy\util\compat.py", line 211, in raise_
    raise exception
  File "C:\Users\kevin\Documents\Cephadex\.venv\Lib\site-packages\sqlalchemy\engine\base.py", line 1900, in _execute_context
    self.dialect.do_execute(
  File "C:\Users\kevin\Documents\Cephadex\.venv\Lib\site-packages\sqlalchemy\engine\default.py", line 736, in do_execute
    cursor.execute(statement, parameters)
  File "C:\Users\kevin\Documents\Cephadex\.venv\Lib\site-packages\mysql\connector\cursor_cext.py", line 330, in execute
    result = self._cnx.cmd_query(
             ^^^^^^^^^^^^^^^^^^^^
  File "C:\Users\kevin\Documents\Cephadex\.venv\Lib\site-packages\mysql\connector\connection_cext.py", line 616, in cmd_query
    raise get_mysql_exception(
sqlalchemy.exc.IntegrityError: (mysql.connector.errors.IntegrityError) 1451 (23000): Cannot delete or update a parent row: a foreign key constraint fails (`mysqldb1`.`deck_attributes`, CONSTRAINT `deck_attributes_ibfk_1` FOREIGN KEY (`deck_id`) REFERENCES `deck` (`id`))
[SQL: DELETE FROM deck WHERE deck.id = %(id)s]
[parameters: {'id': 548}]
(Background on this error at: https://sqlalche.me/e/14/gkpj)
2023-08-26 16:07:31,361 - flask_app - ERROR - Exception occurred in function delete. Extra info: No extra info provided.
Traceback (most recent call last):
  File "C:\Users\kevin\Documents\Cephadex\.venv\Lib\site-packages\mysql\connector\connection_cext.py", line 608, in cmd_query
    self._cmysql.query(
_mysql_connector.MySQLInterfaceError: Cannot delete or update a parent row: a foreign key constraint fails (`mysqldb1`.`deck_attributes`, CONSTRAINT `deck_attributes_ibfk_1` FOREIGN KEY (`deck_id`) REFERENCES `deck` (`id`))

The above exception was the direct cause of the following exception:

Traceback (most recent call last):
  File "C:\Users\kevin\Documents\Cephadex\.venv\Lib\site-packages\sqlalchemy\engine\base.py", line 1900, in _execute_context
    self.dialect.do_execute(
  File "C:\Users\kevin\Documents\Cephadex\.venv\Lib\site-packages\sqlalchemy\engine\default.py", line 736, in do_execute
    cursor.execute(statement, parameters)
  File "C:\Users\kevin\Documents\Cephadex\.venv\Lib\site-packages\mysql\connector\cursor_cext.py", line 330, in execute
    result = self._cnx.cmd_query(
             ^^^^^^^^^^^^^^^^^^^^
  File "C:\Users\kevin\Documents\Cephadex\.venv\Lib\site-packages\mysql\connector\connection_cext.py", line 616, in cmd_query
    raise get_mysql_exception(
mysql.connector.errors.IntegrityError: 1451 (23000): Cannot delete or update a parent row: a foreign key constraint fails (`mysqldb1`.`deck_attributes`, CONSTRAINT `deck_attributes_ibfk_1` FOREIGN KEY (`deck_id`) REFERENCES `deck` (`id`))

The above exception was the direct cause of the following exception:

Traceback (most recent call last):
  File "C:\Users\kevin\Documents\Cephadex\cards\models\helpers\log_decorators.py", line 17, in wrapper
    result = f(*args, **kwargs)
             ^^^^^^^^^^^^^^^^^^
  File "C:\Users\kevin\Documents\Cephadex\cards\views\deck_bp.py", line 106, in delete
    db.session.commit()
  File "<string>", line 2, in commit
  File "C:\Users\kevin\Documents\Cephadex\.venv\Lib\site-packages\sqlalchemy\orm\session.py", line 1451, in commit
    self._transaction.commit(_to_root=self.future)
  File "C:\Users\kevin\Documents\Cephadex\.venv\Lib\site-packages\sqlalchemy\orm\session.py", line 829, in commit
    self._prepare_impl()
  File "C:\Users\kevin\Documents\Cephadex\.venv\Lib\site-packages\sqlalchemy\orm\session.py", line 808, in _prepare_impl
    self.session.flush()
  File "C:\Users\kevin\Documents\Cephadex\.venv\Lib\site-packages\sqlalchemy\orm\session.py", line 3444, in flush
    self._flush(objects)
  File "C:\Users\kevin\Documents\Cephadex\.venv\Lib\site-packages\sqlalchemy\orm\session.py", line 3583, in _flush
    with util.safe_reraise():
  File "C:\Users\kevin\Documents\Cephadex\.venv\Lib\site-packages\sqlalchemy\util\langhelpers.py", line 70, in __exit__
    compat.raise_(
  File "C:\Users\kevin\Documents\Cephadex\.venv\Lib\site-packages\sqlalchemy\util\compat.py", line 211, in raise_
    raise exception
  File "C:\Users\kevin\Documents\Cephadex\.venv\Lib\site-packages\sqlalchemy\orm\session.py", line 3544, in _flush
    flush_context.execute()
  File "C:\Users\kevin\Documents\Cephadex\.venv\Lib\site-packages\sqlalchemy\orm\unitofwork.py", line 456, in execute
    rec.execute(self)
  File "C:\Users\kevin\Documents\Cephadex\.venv\Lib\site-packages\sqlalchemy\orm\unitofwork.py", line 667, in execute
    util.preloaded.orm_persistence.delete_obj(
  File "C:\Users\kevin\Documents\Cephadex\.venv\Lib\site-packages\sqlalchemy\orm\persistence.py", line 343, in delete_obj
    _emit_delete_statements(
  File "C:\Users\kevin\Documents\Cephadex\.venv\Lib\site-packages\sqlalchemy\orm\persistence.py", line 1468, in _emit_delete_statements
    c = connection._execute_20(
        ^^^^^^^^^^^^^^^^^^^^^^^
  File "C:\Users\kevin\Documents\Cephadex\.venv\Lib\site-packages\sqlalchemy\engine\base.py", line 1705, in _execute_20
    return meth(self, args_10style, kwargs_10style, execution_options)
           ^^^^^^^^^^^^^^^^^^^^^^^^^^^^^^^^^^^^^^^^^^^^^^^^^^^^^^^^^^^
  File "C:\Users\kevin\Documents\Cephadex\.venv\Lib\site-packages\sqlalchemy\sql\elements.py", line 334, in _execute_on_connection
    return connection._execute_clauseelement(
           ^^^^^^^^^^^^^^^^^^^^^^^^^^^^^^^^^^
  File "C:\Users\kevin\Documents\Cephadex\.venv\Lib\site-packages\sqlalchemy\engine\base.py", line 1572, in _execute_clauseelement
    ret = self._execute_context(
          ^^^^^^^^^^^^^^^^^^^^^^
  File "C:\Users\kevin\Documents\Cephadex\.venv\Lib\site-packages\sqlalchemy\engine\base.py", line 1943, in _execute_context
    self._handle_dbapi_exception(
  File "C:\Users\kevin\Documents\Cephadex\.venv\Lib\site-packages\sqlalchemy\engine\base.py", line 2124, in _handle_dbapi_exception
    util.raise_(
  File "C:\Users\kevin\Documents\Cephadex\.venv\Lib\site-packages\sqlalchemy\util\compat.py", line 211, in raise_
    raise exception
  File "C:\Users\kevin\Documents\Cephadex\.venv\Lib\site-packages\sqlalchemy\engine\base.py", line 1900, in _execute_context
    self.dialect.do_execute(
  File "C:\Users\kevin\Documents\Cephadex\.venv\Lib\site-packages\sqlalchemy\engine\default.py", line 736, in do_execute
    cursor.execute(statement, parameters)
  File "C:\Users\kevin\Documents\Cephadex\.venv\Lib\site-packages\mysql\connector\cursor_cext.py", line 330, in execute
    result = self._cnx.cmd_query(
             ^^^^^^^^^^^^^^^^^^^^
  File "C:\Users\kevin\Documents\Cephadex\.venv\Lib\site-packages\mysql\connector\connection_cext.py", line 616, in cmd_query
    raise get_mysql_exception(
sqlalchemy.exc.IntegrityError: (mysql.connector.errors.IntegrityError) 1451 (23000): Cannot delete or update a parent row: a foreign key constraint fails (`mysqldb1`.`deck_attributes`, CONSTRAINT `deck_attributes_ibfk_1` FOREIGN KEY (`deck_id`) REFERENCES `deck` (`id`))
[SQL: DELETE FROM deck WHERE deck.id = %(id)s]
[parameters: {'id': 548}]
(Background on this error at: https://sqlalche.me/e/14/gkpj)
2023-08-26 16:07:44,129 - flask_app - ERROR - Exception occurred in function delete. Extra info: No extra info provided.
Traceback (most recent call last):
  File "C:\Users\kevin\Documents\Cephadex\.venv\Lib\site-packages\mysql\connector\connection_cext.py", line 608, in cmd_query
    self._cmysql.query(
_mysql_connector.MySQLInterfaceError: Cannot delete or update a parent row: a foreign key constraint fails (`mysqldb1`.`deck_attributes`, CONSTRAINT `deck_attributes_ibfk_1` FOREIGN KEY (`deck_id`) REFERENCES `deck` (`id`))

The above exception was the direct cause of the following exception:

Traceback (most recent call last):
  File "C:\Users\kevin\Documents\Cephadex\.venv\Lib\site-packages\sqlalchemy\engine\base.py", line 1900, in _execute_context
    self.dialect.do_execute(
  File "C:\Users\kevin\Documents\Cephadex\.venv\Lib\site-packages\sqlalchemy\engine\default.py", line 736, in do_execute
    cursor.execute(statement, parameters)
  File "C:\Users\kevin\Documents\Cephadex\.venv\Lib\site-packages\mysql\connector\cursor_cext.py", line 330, in execute
    result = self._cnx.cmd_query(
             ^^^^^^^^^^^^^^^^^^^^
  File "C:\Users\kevin\Documents\Cephadex\.venv\Lib\site-packages\mysql\connector\connection_cext.py", line 616, in cmd_query
    raise get_mysql_exception(
mysql.connector.errors.IntegrityError: 1451 (23000): Cannot delete or update a parent row: a foreign key constraint fails (`mysqldb1`.`deck_attributes`, CONSTRAINT `deck_attributes_ibfk_1` FOREIGN KEY (`deck_id`) REFERENCES `deck` (`id`))

The above exception was the direct cause of the following exception:

Traceback (most recent call last):
  File "C:\Users\kevin\Documents\Cephadex\cards\models\helpers\log_decorators.py", line 17, in wrapper
    result = f(*args, **kwargs)
             ^^^^^^^^^^^^^^^^^^
  File "C:\Users\kevin\Documents\Cephadex\cards\views\deck_bp.py", line 106, in delete
    db.session.commit()
  File "<string>", line 2, in commit
  File "C:\Users\kevin\Documents\Cephadex\.venv\Lib\site-packages\sqlalchemy\orm\session.py", line 1451, in commit
    self._transaction.commit(_to_root=self.future)
  File "C:\Users\kevin\Documents\Cephadex\.venv\Lib\site-packages\sqlalchemy\orm\session.py", line 829, in commit
    self._prepare_impl()
  File "C:\Users\kevin\Documents\Cephadex\.venv\Lib\site-packages\sqlalchemy\orm\session.py", line 808, in _prepare_impl
    self.session.flush()
  File "C:\Users\kevin\Documents\Cephadex\.venv\Lib\site-packages\sqlalchemy\orm\session.py", line 3444, in flush
    self._flush(objects)
  File "C:\Users\kevin\Documents\Cephadex\.venv\Lib\site-packages\sqlalchemy\orm\session.py", line 3583, in _flush
    with util.safe_reraise():
  File "C:\Users\kevin\Documents\Cephadex\.venv\Lib\site-packages\sqlalchemy\util\langhelpers.py", line 70, in __exit__
    compat.raise_(
  File "C:\Users\kevin\Documents\Cephadex\.venv\Lib\site-packages\sqlalchemy\util\compat.py", line 211, in raise_
    raise exception
  File "C:\Users\kevin\Documents\Cephadex\.venv\Lib\site-packages\sqlalchemy\orm\session.py", line 3544, in _flush
    flush_context.execute()
  File "C:\Users\kevin\Documents\Cephadex\.venv\Lib\site-packages\sqlalchemy\orm\unitofwork.py", line 456, in execute
    rec.execute(self)
  File "C:\Users\kevin\Documents\Cephadex\.venv\Lib\site-packages\sqlalchemy\orm\unitofwork.py", line 667, in execute
    util.preloaded.orm_persistence.delete_obj(
  File "C:\Users\kevin\Documents\Cephadex\.venv\Lib\site-packages\sqlalchemy\orm\persistence.py", line 343, in delete_obj
    _emit_delete_statements(
  File "C:\Users\kevin\Documents\Cephadex\.venv\Lib\site-packages\sqlalchemy\orm\persistence.py", line 1468, in _emit_delete_statements
    c = connection._execute_20(
        ^^^^^^^^^^^^^^^^^^^^^^^
  File "C:\Users\kevin\Documents\Cephadex\.venv\Lib\site-packages\sqlalchemy\engine\base.py", line 1705, in _execute_20
    return meth(self, args_10style, kwargs_10style, execution_options)
           ^^^^^^^^^^^^^^^^^^^^^^^^^^^^^^^^^^^^^^^^^^^^^^^^^^^^^^^^^^^
  File "C:\Users\kevin\Documents\Cephadex\.venv\Lib\site-packages\sqlalchemy\sql\elements.py", line 334, in _execute_on_connection
    return connection._execute_clauseelement(
           ^^^^^^^^^^^^^^^^^^^^^^^^^^^^^^^^^^
  File "C:\Users\kevin\Documents\Cephadex\.venv\Lib\site-packages\sqlalchemy\engine\base.py", line 1572, in _execute_clauseelement
    ret = self._execute_context(
          ^^^^^^^^^^^^^^^^^^^^^^
  File "C:\Users\kevin\Documents\Cephadex\.venv\Lib\site-packages\sqlalchemy\engine\base.py", line 1943, in _execute_context
    self._handle_dbapi_exception(
  File "C:\Users\kevin\Documents\Cephadex\.venv\Lib\site-packages\sqlalchemy\engine\base.py", line 2124, in _handle_dbapi_exception
    util.raise_(
  File "C:\Users\kevin\Documents\Cephadex\.venv\Lib\site-packages\sqlalchemy\util\compat.py", line 211, in raise_
    raise exception
  File "C:\Users\kevin\Documents\Cephadex\.venv\Lib\site-packages\sqlalchemy\engine\base.py", line 1900, in _execute_context
    self.dialect.do_execute(
  File "C:\Users\kevin\Documents\Cephadex\.venv\Lib\site-packages\sqlalchemy\engine\default.py", line 736, in do_execute
    cursor.execute(statement, parameters)
  File "C:\Users\kevin\Documents\Cephadex\.venv\Lib\site-packages\mysql\connector\cursor_cext.py", line 330, in execute
    result = self._cnx.cmd_query(
             ^^^^^^^^^^^^^^^^^^^^
  File "C:\Users\kevin\Documents\Cephadex\.venv\Lib\site-packages\mysql\connector\connection_cext.py", line 616, in cmd_query
    raise get_mysql_exception(
sqlalchemy.exc.IntegrityError: (mysql.connector.errors.IntegrityError) 1451 (23000): Cannot delete or update a parent row: a foreign key constraint fails (`mysqldb1`.`deck_attributes`, CONSTRAINT `deck_attributes_ibfk_1` FOREIGN KEY (`deck_id`) REFERENCES `deck` (`id`))
[SQL: DELETE FROM deck WHERE deck.id = %(id)s]
[parameters: {'id': 553}]
(Background on this error at: https://sqlalche.me/e/14/gkpj)
2023-08-26 16:07:47,022 - flask_app - ERROR - Exception occurred in function delete. Extra info: No extra info provided.
Traceback (most recent call last):
  File "C:\Users\kevin\Documents\Cephadex\.venv\Lib\site-packages\mysql\connector\connection_cext.py", line 608, in cmd_query
    self._cmysql.query(
_mysql_connector.MySQLInterfaceError: Cannot delete or update a parent row: a foreign key constraint fails (`mysqldb1`.`deck_attributes`, CONSTRAINT `deck_attributes_ibfk_1` FOREIGN KEY (`deck_id`) REFERENCES `deck` (`id`))

The above exception was the direct cause of the following exception:

Traceback (most recent call last):
  File "C:\Users\kevin\Documents\Cephadex\.venv\Lib\site-packages\sqlalchemy\engine\base.py", line 1900, in _execute_context
    self.dialect.do_execute(
  File "C:\Users\kevin\Documents\Cephadex\.venv\Lib\site-packages\sqlalchemy\engine\default.py", line 736, in do_execute
    cursor.execute(statement, parameters)
  File "C:\Users\kevin\Documents\Cephadex\.venv\Lib\site-packages\mysql\connector\cursor_cext.py", line 330, in execute
    result = self._cnx.cmd_query(
             ^^^^^^^^^^^^^^^^^^^^
  File "C:\Users\kevin\Documents\Cephadex\.venv\Lib\site-packages\mysql\connector\connection_cext.py", line 616, in cmd_query
    raise get_mysql_exception(
mysql.connector.errors.IntegrityError: 1451 (23000): Cannot delete or update a parent row: a foreign key constraint fails (`mysqldb1`.`deck_attributes`, CONSTRAINT `deck_attributes_ibfk_1` FOREIGN KEY (`deck_id`) REFERENCES `deck` (`id`))

The above exception was the direct cause of the following exception:

Traceback (most recent call last):
  File "C:\Users\kevin\Documents\Cephadex\cards\models\helpers\log_decorators.py", line 17, in wrapper
    result = f(*args, **kwargs)
             ^^^^^^^^^^^^^^^^^^
  File "C:\Users\kevin\Documents\Cephadex\cards\views\deck_bp.py", line 106, in delete
    db.session.commit()
  File "<string>", line 2, in commit
  File "C:\Users\kevin\Documents\Cephadex\.venv\Lib\site-packages\sqlalchemy\orm\session.py", line 1451, in commit
    self._transaction.commit(_to_root=self.future)
  File "C:\Users\kevin\Documents\Cephadex\.venv\Lib\site-packages\sqlalchemy\orm\session.py", line 829, in commit
    self._prepare_impl()
  File "C:\Users\kevin\Documents\Cephadex\.venv\Lib\site-packages\sqlalchemy\orm\session.py", line 808, in _prepare_impl
    self.session.flush()
  File "C:\Users\kevin\Documents\Cephadex\.venv\Lib\site-packages\sqlalchemy\orm\session.py", line 3444, in flush
    self._flush(objects)
  File "C:\Users\kevin\Documents\Cephadex\.venv\Lib\site-packages\sqlalchemy\orm\session.py", line 3583, in _flush
    with util.safe_reraise():
  File "C:\Users\kevin\Documents\Cephadex\.venv\Lib\site-packages\sqlalchemy\util\langhelpers.py", line 70, in __exit__
    compat.raise_(
  File "C:\Users\kevin\Documents\Cephadex\.venv\Lib\site-packages\sqlalchemy\util\compat.py", line 211, in raise_
    raise exception
  File "C:\Users\kevin\Documents\Cephadex\.venv\Lib\site-packages\sqlalchemy\orm\session.py", line 3544, in _flush
    flush_context.execute()
  File "C:\Users\kevin\Documents\Cephadex\.venv\Lib\site-packages\sqlalchemy\orm\unitofwork.py", line 456, in execute
    rec.execute(self)
  File "C:\Users\kevin\Documents\Cephadex\.venv\Lib\site-packages\sqlalchemy\orm\unitofwork.py", line 667, in execute
    util.preloaded.orm_persistence.delete_obj(
  File "C:\Users\kevin\Documents\Cephadex\.venv\Lib\site-packages\sqlalchemy\orm\persistence.py", line 343, in delete_obj
    _emit_delete_statements(
  File "C:\Users\kevin\Documents\Cephadex\.venv\Lib\site-packages\sqlalchemy\orm\persistence.py", line 1468, in _emit_delete_statements
    c = connection._execute_20(
        ^^^^^^^^^^^^^^^^^^^^^^^
  File "C:\Users\kevin\Documents\Cephadex\.venv\Lib\site-packages\sqlalchemy\engine\base.py", line 1705, in _execute_20
    return meth(self, args_10style, kwargs_10style, execution_options)
           ^^^^^^^^^^^^^^^^^^^^^^^^^^^^^^^^^^^^^^^^^^^^^^^^^^^^^^^^^^^
  File "C:\Users\kevin\Documents\Cephadex\.venv\Lib\site-packages\sqlalchemy\sql\elements.py", line 334, in _execute_on_connection
    return connection._execute_clauseelement(
           ^^^^^^^^^^^^^^^^^^^^^^^^^^^^^^^^^^
  File "C:\Users\kevin\Documents\Cephadex\.venv\Lib\site-packages\sqlalchemy\engine\base.py", line 1572, in _execute_clauseelement
    ret = self._execute_context(
          ^^^^^^^^^^^^^^^^^^^^^^
  File "C:\Users\kevin\Documents\Cephadex\.venv\Lib\site-packages\sqlalchemy\engine\base.py", line 1943, in _execute_context
    self._handle_dbapi_exception(
  File "C:\Users\kevin\Documents\Cephadex\.venv\Lib\site-packages\sqlalchemy\engine\base.py", line 2124, in _handle_dbapi_exception
    util.raise_(
  File "C:\Users\kevin\Documents\Cephadex\.venv\Lib\site-packages\sqlalchemy\util\compat.py", line 211, in raise_
    raise exception
  File "C:\Users\kevin\Documents\Cephadex\.venv\Lib\site-packages\sqlalchemy\engine\base.py", line 1900, in _execute_context
    self.dialect.do_execute(
  File "C:\Users\kevin\Documents\Cephadex\.venv\Lib\site-packages\sqlalchemy\engine\default.py", line 736, in do_execute
    cursor.execute(statement, parameters)
  File "C:\Users\kevin\Documents\Cephadex\.venv\Lib\site-packages\mysql\connector\cursor_cext.py", line 330, in execute
    result = self._cnx.cmd_query(
             ^^^^^^^^^^^^^^^^^^^^
  File "C:\Users\kevin\Documents\Cephadex\.venv\Lib\site-packages\mysql\connector\connection_cext.py", line 616, in cmd_query
    raise get_mysql_exception(
sqlalchemy.exc.IntegrityError: (mysql.connector.errors.IntegrityError) 1451 (23000): Cannot delete or update a parent row: a foreign key constraint fails (`mysqldb1`.`deck_attributes`, CONSTRAINT `deck_attributes_ibfk_1` FOREIGN KEY (`deck_id`) REFERENCES `deck` (`id`))
[SQL: DELETE FROM deck WHERE deck.id = %(id)s]
[parameters: {'id': 550}]
(Background on this error at: https://sqlalche.me/e/14/gkpj)
2023-08-26 16:07:48,937 - flask_app - ERROR - Exception occurred in function delete. Extra info: No extra info provided.
Traceback (most recent call last):
  File "C:\Users\kevin\Documents\Cephadex\.venv\Lib\site-packages\mysql\connector\connection_cext.py", line 608, in cmd_query
    self._cmysql.query(
_mysql_connector.MySQLInterfaceError: Cannot delete or update a parent row: a foreign key constraint fails (`mysqldb1`.`deck_attributes`, CONSTRAINT `deck_attributes_ibfk_1` FOREIGN KEY (`deck_id`) REFERENCES `deck` (`id`))

The above exception was the direct cause of the following exception:

Traceback (most recent call last):
  File "C:\Users\kevin\Documents\Cephadex\.venv\Lib\site-packages\sqlalchemy\engine\base.py", line 1900, in _execute_context
    self.dialect.do_execute(
  File "C:\Users\kevin\Documents\Cephadex\.venv\Lib\site-packages\sqlalchemy\engine\default.py", line 736, in do_execute
    cursor.execute(statement, parameters)
  File "C:\Users\kevin\Documents\Cephadex\.venv\Lib\site-packages\mysql\connector\cursor_cext.py", line 330, in execute
    result = self._cnx.cmd_query(
             ^^^^^^^^^^^^^^^^^^^^
  File "C:\Users\kevin\Documents\Cephadex\.venv\Lib\site-packages\mysql\connector\connection_cext.py", line 616, in cmd_query
    raise get_mysql_exception(
mysql.connector.errors.IntegrityError: 1451 (23000): Cannot delete or update a parent row: a foreign key constraint fails (`mysqldb1`.`deck_attributes`, CONSTRAINT `deck_attributes_ibfk_1` FOREIGN KEY (`deck_id`) REFERENCES `deck` (`id`))

The above exception was the direct cause of the following exception:

Traceback (most recent call last):
  File "C:\Users\kevin\Documents\Cephadex\cards\models\helpers\log_decorators.py", line 17, in wrapper
    result = f(*args, **kwargs)
             ^^^^^^^^^^^^^^^^^^
  File "C:\Users\kevin\Documents\Cephadex\cards\views\deck_bp.py", line 106, in delete
    db.session.commit()
  File "<string>", line 2, in commit
  File "C:\Users\kevin\Documents\Cephadex\.venv\Lib\site-packages\sqlalchemy\orm\session.py", line 1451, in commit
    self._transaction.commit(_to_root=self.future)
  File "C:\Users\kevin\Documents\Cephadex\.venv\Lib\site-packages\sqlalchemy\orm\session.py", line 829, in commit
    self._prepare_impl()
  File "C:\Users\kevin\Documents\Cephadex\.venv\Lib\site-packages\sqlalchemy\orm\session.py", line 808, in _prepare_impl
    self.session.flush()
  File "C:\Users\kevin\Documents\Cephadex\.venv\Lib\site-packages\sqlalchemy\orm\session.py", line 3444, in flush
    self._flush(objects)
  File "C:\Users\kevin\Documents\Cephadex\.venv\Lib\site-packages\sqlalchemy\orm\session.py", line 3583, in _flush
    with util.safe_reraise():
  File "C:\Users\kevin\Documents\Cephadex\.venv\Lib\site-packages\sqlalchemy\util\langhelpers.py", line 70, in __exit__
    compat.raise_(
  File "C:\Users\kevin\Documents\Cephadex\.venv\Lib\site-packages\sqlalchemy\util\compat.py", line 211, in raise_
    raise exception
  File "C:\Users\kevin\Documents\Cephadex\.venv\Lib\site-packages\sqlalchemy\orm\session.py", line 3544, in _flush
    flush_context.execute()
  File "C:\Users\kevin\Documents\Cephadex\.venv\Lib\site-packages\sqlalchemy\orm\unitofwork.py", line 456, in execute
    rec.execute(self)
  File "C:\Users\kevin\Documents\Cephadex\.venv\Lib\site-packages\sqlalchemy\orm\unitofwork.py", line 667, in execute
    util.preloaded.orm_persistence.delete_obj(
  File "C:\Users\kevin\Documents\Cephadex\.venv\Lib\site-packages\sqlalchemy\orm\persistence.py", line 343, in delete_obj
    _emit_delete_statements(
  File "C:\Users\kevin\Documents\Cephadex\.venv\Lib\site-packages\sqlalchemy\orm\persistence.py", line 1468, in _emit_delete_statements
    c = connection._execute_20(
        ^^^^^^^^^^^^^^^^^^^^^^^
  File "C:\Users\kevin\Documents\Cephadex\.venv\Lib\site-packages\sqlalchemy\engine\base.py", line 1705, in _execute_20
    return meth(self, args_10style, kwargs_10style, execution_options)
           ^^^^^^^^^^^^^^^^^^^^^^^^^^^^^^^^^^^^^^^^^^^^^^^^^^^^^^^^^^^
  File "C:\Users\kevin\Documents\Cephadex\.venv\Lib\site-packages\sqlalchemy\sql\elements.py", line 334, in _execute_on_connection
    return connection._execute_clauseelement(
           ^^^^^^^^^^^^^^^^^^^^^^^^^^^^^^^^^^
  File "C:\Users\kevin\Documents\Cephadex\.venv\Lib\site-packages\sqlalchemy\engine\base.py", line 1572, in _execute_clauseelement
    ret = self._execute_context(
          ^^^^^^^^^^^^^^^^^^^^^^
  File "C:\Users\kevin\Documents\Cephadex\.venv\Lib\site-packages\sqlalchemy\engine\base.py", line 1943, in _execute_context
    self._handle_dbapi_exception(
  File "C:\Users\kevin\Documents\Cephadex\.venv\Lib\site-packages\sqlalchemy\engine\base.py", line 2124, in _handle_dbapi_exception
    util.raise_(
  File "C:\Users\kevin\Documents\Cephadex\.venv\Lib\site-packages\sqlalchemy\util\compat.py", line 211, in raise_
    raise exception
  File "C:\Users\kevin\Documents\Cephadex\.venv\Lib\site-packages\sqlalchemy\engine\base.py", line 1900, in _execute_context
    self.dialect.do_execute(
  File "C:\Users\kevin\Documents\Cephadex\.venv\Lib\site-packages\sqlalchemy\engine\default.py", line 736, in do_execute
    cursor.execute(statement, parameters)
  File "C:\Users\kevin\Documents\Cephadex\.venv\Lib\site-packages\mysql\connector\cursor_cext.py", line 330, in execute
    result = self._cnx.cmd_query(
             ^^^^^^^^^^^^^^^^^^^^
  File "C:\Users\kevin\Documents\Cephadex\.venv\Lib\site-packages\mysql\connector\connection_cext.py", line 616, in cmd_query
    raise get_mysql_exception(
sqlalchemy.exc.IntegrityError: (mysql.connector.errors.IntegrityError) 1451 (23000): Cannot delete or update a parent row: a foreign key constraint fails (`mysqldb1`.`deck_attributes`, CONSTRAINT `deck_attributes_ibfk_1` FOREIGN KEY (`deck_id`) REFERENCES `deck` (`id`))
[SQL: DELETE FROM deck WHERE deck.id = %(id)s]
[parameters: {'id': 549}]
(Background on this error at: https://sqlalche.me/e/14/gkpj)
2023-08-26 16:07:51,410 - flask_app - ERROR - Exception occurred in function delete. Extra info: No extra info provided.
Traceback (most recent call last):
  File "C:\Users\kevin\Documents\Cephadex\.venv\Lib\site-packages\mysql\connector\connection_cext.py", line 608, in cmd_query
    self._cmysql.query(
_mysql_connector.MySQLInterfaceError: Cannot delete or update a parent row: a foreign key constraint fails (`mysqldb1`.`deck_attributes`, CONSTRAINT `deck_attributes_ibfk_1` FOREIGN KEY (`deck_id`) REFERENCES `deck` (`id`))

The above exception was the direct cause of the following exception:

Traceback (most recent call last):
  File "C:\Users\kevin\Documents\Cephadex\.venv\Lib\site-packages\sqlalchemy\engine\base.py", line 1900, in _execute_context
    self.dialect.do_execute(
  File "C:\Users\kevin\Documents\Cephadex\.venv\Lib\site-packages\sqlalchemy\engine\default.py", line 736, in do_execute
    cursor.execute(statement, parameters)
  File "C:\Users\kevin\Documents\Cephadex\.venv\Lib\site-packages\mysql\connector\cursor_cext.py", line 330, in execute
    result = self._cnx.cmd_query(
             ^^^^^^^^^^^^^^^^^^^^
  File "C:\Users\kevin\Documents\Cephadex\.venv\Lib\site-packages\mysql\connector\connection_cext.py", line 616, in cmd_query
    raise get_mysql_exception(
mysql.connector.errors.IntegrityError: 1451 (23000): Cannot delete or update a parent row: a foreign key constraint fails (`mysqldb1`.`deck_attributes`, CONSTRAINT `deck_attributes_ibfk_1` FOREIGN KEY (`deck_id`) REFERENCES `deck` (`id`))

The above exception was the direct cause of the following exception:

Traceback (most recent call last):
  File "C:\Users\kevin\Documents\Cephadex\cards\models\helpers\log_decorators.py", line 17, in wrapper
    result = f(*args, **kwargs)
             ^^^^^^^^^^^^^^^^^^
  File "C:\Users\kevin\Documents\Cephadex\cards\views\deck_bp.py", line 106, in delete
    db.session.commit()
  File "<string>", line 2, in commit
  File "C:\Users\kevin\Documents\Cephadex\.venv\Lib\site-packages\sqlalchemy\orm\session.py", line 1451, in commit
    self._transaction.commit(_to_root=self.future)
  File "C:\Users\kevin\Documents\Cephadex\.venv\Lib\site-packages\sqlalchemy\orm\session.py", line 829, in commit
    self._prepare_impl()
  File "C:\Users\kevin\Documents\Cephadex\.venv\Lib\site-packages\sqlalchemy\orm\session.py", line 808, in _prepare_impl
    self.session.flush()
  File "C:\Users\kevin\Documents\Cephadex\.venv\Lib\site-packages\sqlalchemy\orm\session.py", line 3444, in flush
    self._flush(objects)
  File "C:\Users\kevin\Documents\Cephadex\.venv\Lib\site-packages\sqlalchemy\orm\session.py", line 3583, in _flush
    with util.safe_reraise():
  File "C:\Users\kevin\Documents\Cephadex\.venv\Lib\site-packages\sqlalchemy\util\langhelpers.py", line 70, in __exit__
    compat.raise_(
  File "C:\Users\kevin\Documents\Cephadex\.venv\Lib\site-packages\sqlalchemy\util\compat.py", line 211, in raise_
    raise exception
  File "C:\Users\kevin\Documents\Cephadex\.venv\Lib\site-packages\sqlalchemy\orm\session.py", line 3544, in _flush
    flush_context.execute()
  File "C:\Users\kevin\Documents\Cephadex\.venv\Lib\site-packages\sqlalchemy\orm\unitofwork.py", line 456, in execute
    rec.execute(self)
  File "C:\Users\kevin\Documents\Cephadex\.venv\Lib\site-packages\sqlalchemy\orm\unitofwork.py", line 667, in execute
    util.preloaded.orm_persistence.delete_obj(
  File "C:\Users\kevin\Documents\Cephadex\.venv\Lib\site-packages\sqlalchemy\orm\persistence.py", line 343, in delete_obj
    _emit_delete_statements(
  File "C:\Users\kevin\Documents\Cephadex\.venv\Lib\site-packages\sqlalchemy\orm\persistence.py", line 1468, in _emit_delete_statements
    c = connection._execute_20(
        ^^^^^^^^^^^^^^^^^^^^^^^
  File "C:\Users\kevin\Documents\Cephadex\.venv\Lib\site-packages\sqlalchemy\engine\base.py", line 1705, in _execute_20
    return meth(self, args_10style, kwargs_10style, execution_options)
           ^^^^^^^^^^^^^^^^^^^^^^^^^^^^^^^^^^^^^^^^^^^^^^^^^^^^^^^^^^^
  File "C:\Users\kevin\Documents\Cephadex\.venv\Lib\site-packages\sqlalchemy\sql\elements.py", line 334, in _execute_on_connection
    return connection._execute_clauseelement(
           ^^^^^^^^^^^^^^^^^^^^^^^^^^^^^^^^^^
  File "C:\Users\kevin\Documents\Cephadex\.venv\Lib\site-packages\sqlalchemy\engine\base.py", line 1572, in _execute_clauseelement
    ret = self._execute_context(
          ^^^^^^^^^^^^^^^^^^^^^^
  File "C:\Users\kevin\Documents\Cephadex\.venv\Lib\site-packages\sqlalchemy\engine\base.py", line 1943, in _execute_context
    self._handle_dbapi_exception(
  File "C:\Users\kevin\Documents\Cephadex\.venv\Lib\site-packages\sqlalchemy\engine\base.py", line 2124, in _handle_dbapi_exception
    util.raise_(
  File "C:\Users\kevin\Documents\Cephadex\.venv\Lib\site-packages\sqlalchemy\util\compat.py", line 211, in raise_
    raise exception
  File "C:\Users\kevin\Documents\Cephadex\.venv\Lib\site-packages\sqlalchemy\engine\base.py", line 1900, in _execute_context
    self.dialect.do_execute(
  File "C:\Users\kevin\Documents\Cephadex\.venv\Lib\site-packages\sqlalchemy\engine\default.py", line 736, in do_execute
    cursor.execute(statement, parameters)
  File "C:\Users\kevin\Documents\Cephadex\.venv\Lib\site-packages\mysql\connector\cursor_cext.py", line 330, in execute
    result = self._cnx.cmd_query(
             ^^^^^^^^^^^^^^^^^^^^
  File "C:\Users\kevin\Documents\Cephadex\.venv\Lib\site-packages\mysql\connector\connection_cext.py", line 616, in cmd_query
    raise get_mysql_exception(
sqlalchemy.exc.IntegrityError: (mysql.connector.errors.IntegrityError) 1451 (23000): Cannot delete or update a parent row: a foreign key constraint fails (`mysqldb1`.`deck_attributes`, CONSTRAINT `deck_attributes_ibfk_1` FOREIGN KEY (`deck_id`) REFERENCES `deck` (`id`))
[SQL: DELETE FROM deck WHERE deck.id = %(id)s]
[parameters: {'id': 548}]
(Background on this error at: https://sqlalche.me/e/14/gkpj)
2023-08-26 16:08:36,562 - flask_app - ERROR - Exception occurred in function delete. Extra info: No extra info provided.
Traceback (most recent call last):
  File "C:\Users\kevin\Documents\Cephadex\.venv\Lib\site-packages\mysql\connector\connection_cext.py", line 608, in cmd_query
    self._cmysql.query(
_mysql_connector.MySQLInterfaceError: Cannot delete or update a parent row: a foreign key constraint fails (`mysqldb1`.`deck_attributes`, CONSTRAINT `deck_attributes_ibfk_1` FOREIGN KEY (`deck_id`) REFERENCES `deck` (`id`))

The above exception was the direct cause of the following exception:

Traceback (most recent call last):
  File "C:\Users\kevin\Documents\Cephadex\.venv\Lib\site-packages\sqlalchemy\engine\base.py", line 1900, in _execute_context
    self.dialect.do_execute(
  File "C:\Users\kevin\Documents\Cephadex\.venv\Lib\site-packages\sqlalchemy\engine\default.py", line 736, in do_execute
    cursor.execute(statement, parameters)
  File "C:\Users\kevin\Documents\Cephadex\.venv\Lib\site-packages\mysql\connector\cursor_cext.py", line 330, in execute
    result = self._cnx.cmd_query(
             ^^^^^^^^^^^^^^^^^^^^
  File "C:\Users\kevin\Documents\Cephadex\.venv\Lib\site-packages\mysql\connector\connection_cext.py", line 616, in cmd_query
    raise get_mysql_exception(
mysql.connector.errors.IntegrityError: 1451 (23000): Cannot delete or update a parent row: a foreign key constraint fails (`mysqldb1`.`deck_attributes`, CONSTRAINT `deck_attributes_ibfk_1` FOREIGN KEY (`deck_id`) REFERENCES `deck` (`id`))

The above exception was the direct cause of the following exception:

Traceback (most recent call last):
  File "C:\Users\kevin\Documents\Cephadex\cards\models\helpers\log_decorators.py", line 17, in wrapper
    result = f(*args, **kwargs)
             ^^^^^^^^^^^^^^^^^^
  File "C:\Users\kevin\Documents\Cephadex\cards\views\deck_bp.py", line 106, in delete
    db.session.commit()
  File "<string>", line 2, in commit
  File "C:\Users\kevin\Documents\Cephadex\.venv\Lib\site-packages\sqlalchemy\orm\session.py", line 1451, in commit
    self._transaction.commit(_to_root=self.future)
  File "C:\Users\kevin\Documents\Cephadex\.venv\Lib\site-packages\sqlalchemy\orm\session.py", line 829, in commit
    self._prepare_impl()
  File "C:\Users\kevin\Documents\Cephadex\.venv\Lib\site-packages\sqlalchemy\orm\session.py", line 808, in _prepare_impl
    self.session.flush()
  File "C:\Users\kevin\Documents\Cephadex\.venv\Lib\site-packages\sqlalchemy\orm\session.py", line 3444, in flush
    self._flush(objects)
  File "C:\Users\kevin\Documents\Cephadex\.venv\Lib\site-packages\sqlalchemy\orm\session.py", line 3583, in _flush
    with util.safe_reraise():
  File "C:\Users\kevin\Documents\Cephadex\.venv\Lib\site-packages\sqlalchemy\util\langhelpers.py", line 70, in __exit__
    compat.raise_(
  File "C:\Users\kevin\Documents\Cephadex\.venv\Lib\site-packages\sqlalchemy\util\compat.py", line 211, in raise_
    raise exception
  File "C:\Users\kevin\Documents\Cephadex\.venv\Lib\site-packages\sqlalchemy\orm\session.py", line 3544, in _flush
    flush_context.execute()
  File "C:\Users\kevin\Documents\Cephadex\.venv\Lib\site-packages\sqlalchemy\orm\unitofwork.py", line 456, in execute
    rec.execute(self)
  File "C:\Users\kevin\Documents\Cephadex\.venv\Lib\site-packages\sqlalchemy\orm\unitofwork.py", line 667, in execute
    util.preloaded.orm_persistence.delete_obj(
  File "C:\Users\kevin\Documents\Cephadex\.venv\Lib\site-packages\sqlalchemy\orm\persistence.py", line 343, in delete_obj
    _emit_delete_statements(
  File "C:\Users\kevin\Documents\Cephadex\.venv\Lib\site-packages\sqlalchemy\orm\persistence.py", line 1468, in _emit_delete_statements
    c = connection._execute_20(
        ^^^^^^^^^^^^^^^^^^^^^^^
  File "C:\Users\kevin\Documents\Cephadex\.venv\Lib\site-packages\sqlalchemy\engine\base.py", line 1705, in _execute_20
    return meth(self, args_10style, kwargs_10style, execution_options)
           ^^^^^^^^^^^^^^^^^^^^^^^^^^^^^^^^^^^^^^^^^^^^^^^^^^^^^^^^^^^
  File "C:\Users\kevin\Documents\Cephadex\.venv\Lib\site-packages\sqlalchemy\sql\elements.py", line 334, in _execute_on_connection
    return connection._execute_clauseelement(
           ^^^^^^^^^^^^^^^^^^^^^^^^^^^^^^^^^^
  File "C:\Users\kevin\Documents\Cephadex\.venv\Lib\site-packages\sqlalchemy\engine\base.py", line 1572, in _execute_clauseelement
    ret = self._execute_context(
          ^^^^^^^^^^^^^^^^^^^^^^
  File "C:\Users\kevin\Documents\Cephadex\.venv\Lib\site-packages\sqlalchemy\engine\base.py", line 1943, in _execute_context
    self._handle_dbapi_exception(
  File "C:\Users\kevin\Documents\Cephadex\.venv\Lib\site-packages\sqlalchemy\engine\base.py", line 2124, in _handle_dbapi_exception
    util.raise_(
  File "C:\Users\kevin\Documents\Cephadex\.venv\Lib\site-packages\sqlalchemy\util\compat.py", line 211, in raise_
    raise exception
  File "C:\Users\kevin\Documents\Cephadex\.venv\Lib\site-packages\sqlalchemy\engine\base.py", line 1900, in _execute_context
    self.dialect.do_execute(
  File "C:\Users\kevin\Documents\Cephadex\.venv\Lib\site-packages\sqlalchemy\engine\default.py", line 736, in do_execute
    cursor.execute(statement, parameters)
  File "C:\Users\kevin\Documents\Cephadex\.venv\Lib\site-packages\mysql\connector\cursor_cext.py", line 330, in execute
    result = self._cnx.cmd_query(
             ^^^^^^^^^^^^^^^^^^^^
  File "C:\Users\kevin\Documents\Cephadex\.venv\Lib\site-packages\mysql\connector\connection_cext.py", line 616, in cmd_query
    raise get_mysql_exception(
sqlalchemy.exc.IntegrityError: (mysql.connector.errors.IntegrityError) 1451 (23000): Cannot delete or update a parent row: a foreign key constraint fails (`mysqldb1`.`deck_attributes`, CONSTRAINT `deck_attributes_ibfk_1` FOREIGN KEY (`deck_id`) REFERENCES `deck` (`id`))
[SQL: DELETE FROM deck WHERE deck.id = %(id)s]
[parameters: {'id': 663}]
(Background on this error at: https://sqlalche.me/e/14/gkpj)
2023-08-26 16:09:20,522 - flask_app - ERROR - Exception occurred in function delete. Extra info: No extra info provided.
Traceback (most recent call last):
  File "C:\Users\kevin\Documents\Cephadex\.venv\Lib\site-packages\mysql\connector\connection_cext.py", line 608, in cmd_query
    self._cmysql.query(
_mysql_connector.MySQLInterfaceError: Cannot delete or update a parent row: a foreign key constraint fails (`mysqldb1`.`deck_attributes`, CONSTRAINT `deck_attributes_ibfk_1` FOREIGN KEY (`deck_id`) REFERENCES `deck` (`id`))

The above exception was the direct cause of the following exception:

Traceback (most recent call last):
  File "C:\Users\kevin\Documents\Cephadex\.venv\Lib\site-packages\sqlalchemy\engine\base.py", line 1900, in _execute_context
    self.dialect.do_execute(
  File "C:\Users\kevin\Documents\Cephadex\.venv\Lib\site-packages\sqlalchemy\engine\default.py", line 736, in do_execute
    cursor.execute(statement, parameters)
  File "C:\Users\kevin\Documents\Cephadex\.venv\Lib\site-packages\mysql\connector\cursor_cext.py", line 330, in execute
    result = self._cnx.cmd_query(
             ^^^^^^^^^^^^^^^^^^^^
  File "C:\Users\kevin\Documents\Cephadex\.venv\Lib\site-packages\mysql\connector\connection_cext.py", line 616, in cmd_query
    raise get_mysql_exception(
mysql.connector.errors.IntegrityError: 1451 (23000): Cannot delete or update a parent row: a foreign key constraint fails (`mysqldb1`.`deck_attributes`, CONSTRAINT `deck_attributes_ibfk_1` FOREIGN KEY (`deck_id`) REFERENCES `deck` (`id`))

The above exception was the direct cause of the following exception:

Traceback (most recent call last):
  File "C:\Users\kevin\Documents\Cephadex\cards\models\helpers\log_decorators.py", line 17, in wrapper
    result = f(*args, **kwargs)
             ^^^^^^^^^^^^^^^^^^
  File "C:\Users\kevin\Documents\Cephadex\cards\views\deck_bp.py", line 106, in delete
    db.session.commit()
  File "<string>", line 2, in commit
  File "C:\Users\kevin\Documents\Cephadex\.venv\Lib\site-packages\sqlalchemy\orm\session.py", line 1451, in commit
    self._transaction.commit(_to_root=self.future)
  File "C:\Users\kevin\Documents\Cephadex\.venv\Lib\site-packages\sqlalchemy\orm\session.py", line 829, in commit
    self._prepare_impl()
  File "C:\Users\kevin\Documents\Cephadex\.venv\Lib\site-packages\sqlalchemy\orm\session.py", line 808, in _prepare_impl
    self.session.flush()
  File "C:\Users\kevin\Documents\Cephadex\.venv\Lib\site-packages\sqlalchemy\orm\session.py", line 3444, in flush
    self._flush(objects)
  File "C:\Users\kevin\Documents\Cephadex\.venv\Lib\site-packages\sqlalchemy\orm\session.py", line 3583, in _flush
    with util.safe_reraise():
  File "C:\Users\kevin\Documents\Cephadex\.venv\Lib\site-packages\sqlalchemy\util\langhelpers.py", line 70, in __exit__
    compat.raise_(
  File "C:\Users\kevin\Documents\Cephadex\.venv\Lib\site-packages\sqlalchemy\util\compat.py", line 211, in raise_
    raise exception
  File "C:\Users\kevin\Documents\Cephadex\.venv\Lib\site-packages\sqlalchemy\orm\session.py", line 3544, in _flush
    flush_context.execute()
  File "C:\Users\kevin\Documents\Cephadex\.venv\Lib\site-packages\sqlalchemy\orm\unitofwork.py", line 456, in execute
    rec.execute(self)
  File "C:\Users\kevin\Documents\Cephadex\.venv\Lib\site-packages\sqlalchemy\orm\unitofwork.py", line 667, in execute
    util.preloaded.orm_persistence.delete_obj(
  File "C:\Users\kevin\Documents\Cephadex\.venv\Lib\site-packages\sqlalchemy\orm\persistence.py", line 343, in delete_obj
    _emit_delete_statements(
  File "C:\Users\kevin\Documents\Cephadex\.venv\Lib\site-packages\sqlalchemy\orm\persistence.py", line 1468, in _emit_delete_statements
    c = connection._execute_20(
        ^^^^^^^^^^^^^^^^^^^^^^^
  File "C:\Users\kevin\Documents\Cephadex\.venv\Lib\site-packages\sqlalchemy\engine\base.py", line 1705, in _execute_20
    return meth(self, args_10style, kwargs_10style, execution_options)
           ^^^^^^^^^^^^^^^^^^^^^^^^^^^^^^^^^^^^^^^^^^^^^^^^^^^^^^^^^^^
  File "C:\Users\kevin\Documents\Cephadex\.venv\Lib\site-packages\sqlalchemy\sql\elements.py", line 334, in _execute_on_connection
    return connection._execute_clauseelement(
           ^^^^^^^^^^^^^^^^^^^^^^^^^^^^^^^^^^
  File "C:\Users\kevin\Documents\Cephadex\.venv\Lib\site-packages\sqlalchemy\engine\base.py", line 1572, in _execute_clauseelement
    ret = self._execute_context(
          ^^^^^^^^^^^^^^^^^^^^^^
  File "C:\Users\kevin\Documents\Cephadex\.venv\Lib\site-packages\sqlalchemy\engine\base.py", line 1943, in _execute_context
    self._handle_dbapi_exception(
  File "C:\Users\kevin\Documents\Cephadex\.venv\Lib\site-packages\sqlalchemy\engine\base.py", line 2124, in _handle_dbapi_exception
    util.raise_(
  File "C:\Users\kevin\Documents\Cephadex\.venv\Lib\site-packages\sqlalchemy\util\compat.py", line 211, in raise_
    raise exception
  File "C:\Users\kevin\Documents\Cephadex\.venv\Lib\site-packages\sqlalchemy\engine\base.py", line 1900, in _execute_context
    self.dialect.do_execute(
  File "C:\Users\kevin\Documents\Cephadex\.venv\Lib\site-packages\sqlalchemy\engine\default.py", line 736, in do_execute
    cursor.execute(statement, parameters)
  File "C:\Users\kevin\Documents\Cephadex\.venv\Lib\site-packages\mysql\connector\cursor_cext.py", line 330, in execute
    result = self._cnx.cmd_query(
             ^^^^^^^^^^^^^^^^^^^^
  File "C:\Users\kevin\Documents\Cephadex\.venv\Lib\site-packages\mysql\connector\connection_cext.py", line 616, in cmd_query
    raise get_mysql_exception(
sqlalchemy.exc.IntegrityError: (mysql.connector.errors.IntegrityError) 1451 (23000): Cannot delete or update a parent row: a foreign key constraint fails (`mysqldb1`.`deck_attributes`, CONSTRAINT `deck_attributes_ibfk_1` FOREIGN KEY (`deck_id`) REFERENCES `deck` (`id`))
[SQL: DELETE FROM deck WHERE deck.id = %(id)s]
[parameters: {'id': 569}]
(Background on this error at: https://sqlalche.me/e/14/gkpj)
2023-08-26 16:09:23,037 - flask_app - ERROR - Exception occurred in function delete. Extra info: No extra info provided.
Traceback (most recent call last):
  File "C:\Users\kevin\Documents\Cephadex\.venv\Lib\site-packages\mysql\connector\connection_cext.py", line 608, in cmd_query
    self._cmysql.query(
_mysql_connector.MySQLInterfaceError: Cannot delete or update a parent row: a foreign key constraint fails (`mysqldb1`.`deck_attributes`, CONSTRAINT `deck_attributes_ibfk_1` FOREIGN KEY (`deck_id`) REFERENCES `deck` (`id`))

The above exception was the direct cause of the following exception:

Traceback (most recent call last):
  File "C:\Users\kevin\Documents\Cephadex\.venv\Lib\site-packages\sqlalchemy\engine\base.py", line 1900, in _execute_context
    self.dialect.do_execute(
  File "C:\Users\kevin\Documents\Cephadex\.venv\Lib\site-packages\sqlalchemy\engine\default.py", line 736, in do_execute
    cursor.execute(statement, parameters)
  File "C:\Users\kevin\Documents\Cephadex\.venv\Lib\site-packages\mysql\connector\cursor_cext.py", line 330, in execute
    result = self._cnx.cmd_query(
             ^^^^^^^^^^^^^^^^^^^^
  File "C:\Users\kevin\Documents\Cephadex\.venv\Lib\site-packages\mysql\connector\connection_cext.py", line 616, in cmd_query
    raise get_mysql_exception(
mysql.connector.errors.IntegrityError: 1451 (23000): Cannot delete or update a parent row: a foreign key constraint fails (`mysqldb1`.`deck_attributes`, CONSTRAINT `deck_attributes_ibfk_1` FOREIGN KEY (`deck_id`) REFERENCES `deck` (`id`))

The above exception was the direct cause of the following exception:

Traceback (most recent call last):
  File "C:\Users\kevin\Documents\Cephadex\cards\models\helpers\log_decorators.py", line 17, in wrapper
    result = f(*args, **kwargs)
             ^^^^^^^^^^^^^^^^^^
  File "C:\Users\kevin\Documents\Cephadex\cards\views\deck_bp.py", line 106, in delete
    db.session.commit()
  File "<string>", line 2, in commit
  File "C:\Users\kevin\Documents\Cephadex\.venv\Lib\site-packages\sqlalchemy\orm\session.py", line 1451, in commit
    self._transaction.commit(_to_root=self.future)
  File "C:\Users\kevin\Documents\Cephadex\.venv\Lib\site-packages\sqlalchemy\orm\session.py", line 829, in commit
    self._prepare_impl()
  File "C:\Users\kevin\Documents\Cephadex\.venv\Lib\site-packages\sqlalchemy\orm\session.py", line 808, in _prepare_impl
    self.session.flush()
  File "C:\Users\kevin\Documents\Cephadex\.venv\Lib\site-packages\sqlalchemy\orm\session.py", line 3444, in flush
    self._flush(objects)
  File "C:\Users\kevin\Documents\Cephadex\.venv\Lib\site-packages\sqlalchemy\orm\session.py", line 3583, in _flush
    with util.safe_reraise():
  File "C:\Users\kevin\Documents\Cephadex\.venv\Lib\site-packages\sqlalchemy\util\langhelpers.py", line 70, in __exit__
    compat.raise_(
  File "C:\Users\kevin\Documents\Cephadex\.venv\Lib\site-packages\sqlalchemy\util\compat.py", line 211, in raise_
    raise exception
  File "C:\Users\kevin\Documents\Cephadex\.venv\Lib\site-packages\sqlalchemy\orm\session.py", line 3544, in _flush
    flush_context.execute()
  File "C:\Users\kevin\Documents\Cephadex\.venv\Lib\site-packages\sqlalchemy\orm\unitofwork.py", line 456, in execute
    rec.execute(self)
  File "C:\Users\kevin\Documents\Cephadex\.venv\Lib\site-packages\sqlalchemy\orm\unitofwork.py", line 667, in execute
    util.preloaded.orm_persistence.delete_obj(
  File "C:\Users\kevin\Documents\Cephadex\.venv\Lib\site-packages\sqlalchemy\orm\persistence.py", line 343, in delete_obj
    _emit_delete_statements(
  File "C:\Users\kevin\Documents\Cephadex\.venv\Lib\site-packages\sqlalchemy\orm\persistence.py", line 1468, in _emit_delete_statements
    c = connection._execute_20(
        ^^^^^^^^^^^^^^^^^^^^^^^
  File "C:\Users\kevin\Documents\Cephadex\.venv\Lib\site-packages\sqlalchemy\engine\base.py", line 1705, in _execute_20
    return meth(self, args_10style, kwargs_10style, execution_options)
           ^^^^^^^^^^^^^^^^^^^^^^^^^^^^^^^^^^^^^^^^^^^^^^^^^^^^^^^^^^^
  File "C:\Users\kevin\Documents\Cephadex\.venv\Lib\site-packages\sqlalchemy\sql\elements.py", line 334, in _execute_on_connection
    return connection._execute_clauseelement(
           ^^^^^^^^^^^^^^^^^^^^^^^^^^^^^^^^^^
  File "C:\Users\kevin\Documents\Cephadex\.venv\Lib\site-packages\sqlalchemy\engine\base.py", line 1572, in _execute_clauseelement
    ret = self._execute_context(
          ^^^^^^^^^^^^^^^^^^^^^^
  File "C:\Users\kevin\Documents\Cephadex\.venv\Lib\site-packages\sqlalchemy\engine\base.py", line 1943, in _execute_context
    self._handle_dbapi_exception(
  File "C:\Users\kevin\Documents\Cephadex\.venv\Lib\site-packages\sqlalchemy\engine\base.py", line 2124, in _handle_dbapi_exception
    util.raise_(
  File "C:\Users\kevin\Documents\Cephadex\.venv\Lib\site-packages\sqlalchemy\util\compat.py", line 211, in raise_
    raise exception
  File "C:\Users\kevin\Documents\Cephadex\.venv\Lib\site-packages\sqlalchemy\engine\base.py", line 1900, in _execute_context
    self.dialect.do_execute(
  File "C:\Users\kevin\Documents\Cephadex\.venv\Lib\site-packages\sqlalchemy\engine\default.py", line 736, in do_execute
    cursor.execute(statement, parameters)
  File "C:\Users\kevin\Documents\Cephadex\.venv\Lib\site-packages\mysql\connector\cursor_cext.py", line 330, in execute
    result = self._cnx.cmd_query(
             ^^^^^^^^^^^^^^^^^^^^
  File "C:\Users\kevin\Documents\Cephadex\.venv\Lib\site-packages\mysql\connector\connection_cext.py", line 616, in cmd_query
    raise get_mysql_exception(
sqlalchemy.exc.IntegrityError: (mysql.connector.errors.IntegrityError) 1451 (23000): Cannot delete or update a parent row: a foreign key constraint fails (`mysqldb1`.`deck_attributes`, CONSTRAINT `deck_attributes_ibfk_1` FOREIGN KEY (`deck_id`) REFERENCES `deck` (`id`))
[SQL: DELETE FROM deck WHERE deck.id = %(id)s]
[parameters: {'id': 569}]
(Background on this error at: https://sqlalche.me/e/14/gkpj)
2023-08-26 16:09:25,273 - flask_app - ERROR - Exception occurred in function delete. Extra info: No extra info provided.
Traceback (most recent call last):
  File "C:\Users\kevin\Documents\Cephadex\.venv\Lib\site-packages\mysql\connector\connection_cext.py", line 608, in cmd_query
    self._cmysql.query(
_mysql_connector.MySQLInterfaceError: Cannot delete or update a parent row: a foreign key constraint fails (`mysqldb1`.`deck_attributes`, CONSTRAINT `deck_attributes_ibfk_1` FOREIGN KEY (`deck_id`) REFERENCES `deck` (`id`))

The above exception was the direct cause of the following exception:

Traceback (most recent call last):
  File "C:\Users\kevin\Documents\Cephadex\.venv\Lib\site-packages\sqlalchemy\engine\base.py", line 1900, in _execute_context
    self.dialect.do_execute(
  File "C:\Users\kevin\Documents\Cephadex\.venv\Lib\site-packages\sqlalchemy\engine\default.py", line 736, in do_execute
    cursor.execute(statement, parameters)
  File "C:\Users\kevin\Documents\Cephadex\.venv\Lib\site-packages\mysql\connector\cursor_cext.py", line 330, in execute
    result = self._cnx.cmd_query(
             ^^^^^^^^^^^^^^^^^^^^
  File "C:\Users\kevin\Documents\Cephadex\.venv\Lib\site-packages\mysql\connector\connection_cext.py", line 616, in cmd_query
    raise get_mysql_exception(
mysql.connector.errors.IntegrityError: 1451 (23000): Cannot delete or update a parent row: a foreign key constraint fails (`mysqldb1`.`deck_attributes`, CONSTRAINT `deck_attributes_ibfk_1` FOREIGN KEY (`deck_id`) REFERENCES `deck` (`id`))

The above exception was the direct cause of the following exception:

Traceback (most recent call last):
  File "C:\Users\kevin\Documents\Cephadex\cards\models\helpers\log_decorators.py", line 17, in wrapper
    result = f(*args, **kwargs)
             ^^^^^^^^^^^^^^^^^^
  File "C:\Users\kevin\Documents\Cephadex\cards\views\deck_bp.py", line 106, in delete
    db.session.commit()
  File "<string>", line 2, in commit
  File "C:\Users\kevin\Documents\Cephadex\.venv\Lib\site-packages\sqlalchemy\orm\session.py", line 1451, in commit
    self._transaction.commit(_to_root=self.future)
  File "C:\Users\kevin\Documents\Cephadex\.venv\Lib\site-packages\sqlalchemy\orm\session.py", line 829, in commit
    self._prepare_impl()
  File "C:\Users\kevin\Documents\Cephadex\.venv\Lib\site-packages\sqlalchemy\orm\session.py", line 808, in _prepare_impl
    self.session.flush()
  File "C:\Users\kevin\Documents\Cephadex\.venv\Lib\site-packages\sqlalchemy\orm\session.py", line 3444, in flush
    self._flush(objects)
  File "C:\Users\kevin\Documents\Cephadex\.venv\Lib\site-packages\sqlalchemy\orm\session.py", line 3583, in _flush
    with util.safe_reraise():
  File "C:\Users\kevin\Documents\Cephadex\.venv\Lib\site-packages\sqlalchemy\util\langhelpers.py", line 70, in __exit__
    compat.raise_(
  File "C:\Users\kevin\Documents\Cephadex\.venv\Lib\site-packages\sqlalchemy\util\compat.py", line 211, in raise_
    raise exception
  File "C:\Users\kevin\Documents\Cephadex\.venv\Lib\site-packages\sqlalchemy\orm\session.py", line 3544, in _flush
    flush_context.execute()
  File "C:\Users\kevin\Documents\Cephadex\.venv\Lib\site-packages\sqlalchemy\orm\unitofwork.py", line 456, in execute
    rec.execute(self)
  File "C:\Users\kevin\Documents\Cephadex\.venv\Lib\site-packages\sqlalchemy\orm\unitofwork.py", line 667, in execute
    util.preloaded.orm_persistence.delete_obj(
  File "C:\Users\kevin\Documents\Cephadex\.venv\Lib\site-packages\sqlalchemy\orm\persistence.py", line 343, in delete_obj
    _emit_delete_statements(
  File "C:\Users\kevin\Documents\Cephadex\.venv\Lib\site-packages\sqlalchemy\orm\persistence.py", line 1468, in _emit_delete_statements
    c = connection._execute_20(
        ^^^^^^^^^^^^^^^^^^^^^^^
  File "C:\Users\kevin\Documents\Cephadex\.venv\Lib\site-packages\sqlalchemy\engine\base.py", line 1705, in _execute_20
    return meth(self, args_10style, kwargs_10style, execution_options)
           ^^^^^^^^^^^^^^^^^^^^^^^^^^^^^^^^^^^^^^^^^^^^^^^^^^^^^^^^^^^
  File "C:\Users\kevin\Documents\Cephadex\.venv\Lib\site-packages\sqlalchemy\sql\elements.py", line 334, in _execute_on_connection
    return connection._execute_clauseelement(
           ^^^^^^^^^^^^^^^^^^^^^^^^^^^^^^^^^^
  File "C:\Users\kevin\Documents\Cephadex\.venv\Lib\site-packages\sqlalchemy\engine\base.py", line 1572, in _execute_clauseelement
    ret = self._execute_context(
          ^^^^^^^^^^^^^^^^^^^^^^
  File "C:\Users\kevin\Documents\Cephadex\.venv\Lib\site-packages\sqlalchemy\engine\base.py", line 1943, in _execute_context
    self._handle_dbapi_exception(
  File "C:\Users\kevin\Documents\Cephadex\.venv\Lib\site-packages\sqlalchemy\engine\base.py", line 2124, in _handle_dbapi_exception
    util.raise_(
  File "C:\Users\kevin\Documents\Cephadex\.venv\Lib\site-packages\sqlalchemy\util\compat.py", line 211, in raise_
    raise exception
  File "C:\Users\kevin\Documents\Cephadex\.venv\Lib\site-packages\sqlalchemy\engine\base.py", line 1900, in _execute_context
    self.dialect.do_execute(
  File "C:\Users\kevin\Documents\Cephadex\.venv\Lib\site-packages\sqlalchemy\engine\default.py", line 736, in do_execute
    cursor.execute(statement, parameters)
  File "C:\Users\kevin\Documents\Cephadex\.venv\Lib\site-packages\mysql\connector\cursor_cext.py", line 330, in execute
    result = self._cnx.cmd_query(
             ^^^^^^^^^^^^^^^^^^^^
  File "C:\Users\kevin\Documents\Cephadex\.venv\Lib\site-packages\mysql\connector\connection_cext.py", line 616, in cmd_query
    raise get_mysql_exception(
sqlalchemy.exc.IntegrityError: (mysql.connector.errors.IntegrityError) 1451 (23000): Cannot delete or update a parent row: a foreign key constraint fails (`mysqldb1`.`deck_attributes`, CONSTRAINT `deck_attributes_ibfk_1` FOREIGN KEY (`deck_id`) REFERENCES `deck` (`id`))
[SQL: DELETE FROM deck WHERE deck.id = %(id)s]
[parameters: {'id': 568}]
(Background on this error at: https://sqlalche.me/e/14/gkpj)
2023-08-26 16:09:40,323 - flask_app - ERROR - Exception occurred in function delete. Extra info: No extra info provided.
Traceback (most recent call last):
  File "C:\Users\kevin\Documents\Cephadex\.venv\Lib\site-packages\mysql\connector\connection_cext.py", line 608, in cmd_query
    self._cmysql.query(
_mysql_connector.MySQLInterfaceError: Cannot delete or update a parent row: a foreign key constraint fails (`mysqldb1`.`deck_attributes`, CONSTRAINT `deck_attributes_ibfk_1` FOREIGN KEY (`deck_id`) REFERENCES `deck` (`id`))

The above exception was the direct cause of the following exception:

Traceback (most recent call last):
  File "C:\Users\kevin\Documents\Cephadex\.venv\Lib\site-packages\sqlalchemy\engine\base.py", line 1900, in _execute_context
    self.dialect.do_execute(
  File "C:\Users\kevin\Documents\Cephadex\.venv\Lib\site-packages\sqlalchemy\engine\default.py", line 736, in do_execute
    cursor.execute(statement, parameters)
  File "C:\Users\kevin\Documents\Cephadex\.venv\Lib\site-packages\mysql\connector\cursor_cext.py", line 330, in execute
    result = self._cnx.cmd_query(
             ^^^^^^^^^^^^^^^^^^^^
  File "C:\Users\kevin\Documents\Cephadex\.venv\Lib\site-packages\mysql\connector\connection_cext.py", line 616, in cmd_query
    raise get_mysql_exception(
mysql.connector.errors.IntegrityError: 1451 (23000): Cannot delete or update a parent row: a foreign key constraint fails (`mysqldb1`.`deck_attributes`, CONSTRAINT `deck_attributes_ibfk_1` FOREIGN KEY (`deck_id`) REFERENCES `deck` (`id`))

The above exception was the direct cause of the following exception:

Traceback (most recent call last):
  File "C:\Users\kevin\Documents\Cephadex\cards\models\helpers\log_decorators.py", line 17, in wrapper
    result = f(*args, **kwargs)
             ^^^^^^^^^^^^^^^^^^
  File "C:\Users\kevin\Documents\Cephadex\cards\views\deck_bp.py", line 106, in delete
    db.session.commit()
  File "<string>", line 2, in commit
  File "C:\Users\kevin\Documents\Cephadex\.venv\Lib\site-packages\sqlalchemy\orm\session.py", line 1451, in commit
    self._transaction.commit(_to_root=self.future)
  File "C:\Users\kevin\Documents\Cephadex\.venv\Lib\site-packages\sqlalchemy\orm\session.py", line 829, in commit
    self._prepare_impl()
  File "C:\Users\kevin\Documents\Cephadex\.venv\Lib\site-packages\sqlalchemy\orm\session.py", line 808, in _prepare_impl
    self.session.flush()
  File "C:\Users\kevin\Documents\Cephadex\.venv\Lib\site-packages\sqlalchemy\orm\session.py", line 3444, in flush
    self._flush(objects)
  File "C:\Users\kevin\Documents\Cephadex\.venv\Lib\site-packages\sqlalchemy\orm\session.py", line 3583, in _flush
    with util.safe_reraise():
  File "C:\Users\kevin\Documents\Cephadex\.venv\Lib\site-packages\sqlalchemy\util\langhelpers.py", line 70, in __exit__
    compat.raise_(
  File "C:\Users\kevin\Documents\Cephadex\.venv\Lib\site-packages\sqlalchemy\util\compat.py", line 211, in raise_
    raise exception
  File "C:\Users\kevin\Documents\Cephadex\.venv\Lib\site-packages\sqlalchemy\orm\session.py", line 3544, in _flush
    flush_context.execute()
  File "C:\Users\kevin\Documents\Cephadex\.venv\Lib\site-packages\sqlalchemy\orm\unitofwork.py", line 456, in execute
    rec.execute(self)
  File "C:\Users\kevin\Documents\Cephadex\.venv\Lib\site-packages\sqlalchemy\orm\unitofwork.py", line 667, in execute
    util.preloaded.orm_persistence.delete_obj(
  File "C:\Users\kevin\Documents\Cephadex\.venv\Lib\site-packages\sqlalchemy\orm\persistence.py", line 343, in delete_obj
    _emit_delete_statements(
  File "C:\Users\kevin\Documents\Cephadex\.venv\Lib\site-packages\sqlalchemy\orm\persistence.py", line 1468, in _emit_delete_statements
    c = connection._execute_20(
        ^^^^^^^^^^^^^^^^^^^^^^^
  File "C:\Users\kevin\Documents\Cephadex\.venv\Lib\site-packages\sqlalchemy\engine\base.py", line 1705, in _execute_20
    return meth(self, args_10style, kwargs_10style, execution_options)
           ^^^^^^^^^^^^^^^^^^^^^^^^^^^^^^^^^^^^^^^^^^^^^^^^^^^^^^^^^^^
  File "C:\Users\kevin\Documents\Cephadex\.venv\Lib\site-packages\sqlalchemy\sql\elements.py", line 334, in _execute_on_connection
    return connection._execute_clauseelement(
           ^^^^^^^^^^^^^^^^^^^^^^^^^^^^^^^^^^
  File "C:\Users\kevin\Documents\Cephadex\.venv\Lib\site-packages\sqlalchemy\engine\base.py", line 1572, in _execute_clauseelement
    ret = self._execute_context(
          ^^^^^^^^^^^^^^^^^^^^^^
  File "C:\Users\kevin\Documents\Cephadex\.venv\Lib\site-packages\sqlalchemy\engine\base.py", line 1943, in _execute_context
    self._handle_dbapi_exception(
  File "C:\Users\kevin\Documents\Cephadex\.venv\Lib\site-packages\sqlalchemy\engine\base.py", line 2124, in _handle_dbapi_exception
    util.raise_(
  File "C:\Users\kevin\Documents\Cephadex\.venv\Lib\site-packages\sqlalchemy\util\compat.py", line 211, in raise_
    raise exception
  File "C:\Users\kevin\Documents\Cephadex\.venv\Lib\site-packages\sqlalchemy\engine\base.py", line 1900, in _execute_context
    self.dialect.do_execute(
  File "C:\Users\kevin\Documents\Cephadex\.venv\Lib\site-packages\sqlalchemy\engine\default.py", line 736, in do_execute
    cursor.execute(statement, parameters)
  File "C:\Users\kevin\Documents\Cephadex\.venv\Lib\site-packages\mysql\connector\cursor_cext.py", line 330, in execute
    result = self._cnx.cmd_query(
             ^^^^^^^^^^^^^^^^^^^^
  File "C:\Users\kevin\Documents\Cephadex\.venv\Lib\site-packages\mysql\connector\connection_cext.py", line 616, in cmd_query
    raise get_mysql_exception(
sqlalchemy.exc.IntegrityError: (mysql.connector.errors.IntegrityError) 1451 (23000): Cannot delete or update a parent row: a foreign key constraint fails (`mysqldb1`.`deck_attributes`, CONSTRAINT `deck_attributes_ibfk_1` FOREIGN KEY (`deck_id`) REFERENCES `deck` (`id`))
[SQL: DELETE FROM deck WHERE deck.id = %(id)s]
[parameters: {'id': 735}]
(Background on this error at: https://sqlalche.me/e/14/gkpj)
2023-08-26 16:10:02,855 - flask_app - ERROR - Exception occurred in function delete. Extra info: No extra info provided.
Traceback (most recent call last):
  File "C:\Users\kevin\Documents\Cephadex\.venv\Lib\site-packages\mysql\connector\connection_cext.py", line 608, in cmd_query
    self._cmysql.query(
_mysql_connector.MySQLInterfaceError: Cannot delete or update a parent row: a foreign key constraint fails (`mysqldb1`.`deck_attributes`, CONSTRAINT `deck_attributes_ibfk_1` FOREIGN KEY (`deck_id`) REFERENCES `deck` (`id`))

The above exception was the direct cause of the following exception:

Traceback (most recent call last):
  File "C:\Users\kevin\Documents\Cephadex\.venv\Lib\site-packages\sqlalchemy\engine\base.py", line 1900, in _execute_context
    self.dialect.do_execute(
  File "C:\Users\kevin\Documents\Cephadex\.venv\Lib\site-packages\sqlalchemy\engine\default.py", line 736, in do_execute
    cursor.execute(statement, parameters)
  File "C:\Users\kevin\Documents\Cephadex\.venv\Lib\site-packages\mysql\connector\cursor_cext.py", line 330, in execute
    result = self._cnx.cmd_query(
             ^^^^^^^^^^^^^^^^^^^^
  File "C:\Users\kevin\Documents\Cephadex\.venv\Lib\site-packages\mysql\connector\connection_cext.py", line 616, in cmd_query
    raise get_mysql_exception(
mysql.connector.errors.IntegrityError: 1451 (23000): Cannot delete or update a parent row: a foreign key constraint fails (`mysqldb1`.`deck_attributes`, CONSTRAINT `deck_attributes_ibfk_1` FOREIGN KEY (`deck_id`) REFERENCES `deck` (`id`))

The above exception was the direct cause of the following exception:

Traceback (most recent call last):
  File "C:\Users\kevin\Documents\Cephadex\cards\models\helpers\log_decorators.py", line 17, in wrapper
    result = f(*args, **kwargs)
             ^^^^^^^^^^^^^^^^^^
  File "C:\Users\kevin\Documents\Cephadex\cards\views\deck_bp.py", line 106, in delete
    db.session.commit()
  File "<string>", line 2, in commit
  File "C:\Users\kevin\Documents\Cephadex\.venv\Lib\site-packages\sqlalchemy\orm\session.py", line 1451, in commit
    self._transaction.commit(_to_root=self.future)
  File "C:\Users\kevin\Documents\Cephadex\.venv\Lib\site-packages\sqlalchemy\orm\session.py", line 829, in commit
    self._prepare_impl()
  File "C:\Users\kevin\Documents\Cephadex\.venv\Lib\site-packages\sqlalchemy\orm\session.py", line 808, in _prepare_impl
    self.session.flush()
  File "C:\Users\kevin\Documents\Cephadex\.venv\Lib\site-packages\sqlalchemy\orm\session.py", line 3444, in flush
    self._flush(objects)
  File "C:\Users\kevin\Documents\Cephadex\.venv\Lib\site-packages\sqlalchemy\orm\session.py", line 3583, in _flush
    with util.safe_reraise():
  File "C:\Users\kevin\Documents\Cephadex\.venv\Lib\site-packages\sqlalchemy\util\langhelpers.py", line 70, in __exit__
    compat.raise_(
  File "C:\Users\kevin\Documents\Cephadex\.venv\Lib\site-packages\sqlalchemy\util\compat.py", line 211, in raise_
    raise exception
  File "C:\Users\kevin\Documents\Cephadex\.venv\Lib\site-packages\sqlalchemy\orm\session.py", line 3544, in _flush
    flush_context.execute()
  File "C:\Users\kevin\Documents\Cephadex\.venv\Lib\site-packages\sqlalchemy\orm\unitofwork.py", line 456, in execute
    rec.execute(self)
  File "C:\Users\kevin\Documents\Cephadex\.venv\Lib\site-packages\sqlalchemy\orm\unitofwork.py", line 667, in execute
    util.preloaded.orm_persistence.delete_obj(
  File "C:\Users\kevin\Documents\Cephadex\.venv\Lib\site-packages\sqlalchemy\orm\persistence.py", line 343, in delete_obj
    _emit_delete_statements(
  File "C:\Users\kevin\Documents\Cephadex\.venv\Lib\site-packages\sqlalchemy\orm\persistence.py", line 1468, in _emit_delete_statements
    c = connection._execute_20(
        ^^^^^^^^^^^^^^^^^^^^^^^
  File "C:\Users\kevin\Documents\Cephadex\.venv\Lib\site-packages\sqlalchemy\engine\base.py", line 1705, in _execute_20
    return meth(self, args_10style, kwargs_10style, execution_options)
           ^^^^^^^^^^^^^^^^^^^^^^^^^^^^^^^^^^^^^^^^^^^^^^^^^^^^^^^^^^^
  File "C:\Users\kevin\Documents\Cephadex\.venv\Lib\site-packages\sqlalchemy\sql\elements.py", line 334, in _execute_on_connection
    return connection._execute_clauseelement(
           ^^^^^^^^^^^^^^^^^^^^^^^^^^^^^^^^^^
  File "C:\Users\kevin\Documents\Cephadex\.venv\Lib\site-packages\sqlalchemy\engine\base.py", line 1572, in _execute_clauseelement
    ret = self._execute_context(
          ^^^^^^^^^^^^^^^^^^^^^^
  File "C:\Users\kevin\Documents\Cephadex\.venv\Lib\site-packages\sqlalchemy\engine\base.py", line 1943, in _execute_context
    self._handle_dbapi_exception(
  File "C:\Users\kevin\Documents\Cephadex\.venv\Lib\site-packages\sqlalchemy\engine\base.py", line 2124, in _handle_dbapi_exception
    util.raise_(
  File "C:\Users\kevin\Documents\Cephadex\.venv\Lib\site-packages\sqlalchemy\util\compat.py", line 211, in raise_
    raise exception
  File "C:\Users\kevin\Documents\Cephadex\.venv\Lib\site-packages\sqlalchemy\engine\base.py", line 1900, in _execute_context
    self.dialect.do_execute(
  File "C:\Users\kevin\Documents\Cephadex\.venv\Lib\site-packages\sqlalchemy\engine\default.py", line 736, in do_execute
    cursor.execute(statement, parameters)
  File "C:\Users\kevin\Documents\Cephadex\.venv\Lib\site-packages\mysql\connector\cursor_cext.py", line 330, in execute
    result = self._cnx.cmd_query(
             ^^^^^^^^^^^^^^^^^^^^
  File "C:\Users\kevin\Documents\Cephadex\.venv\Lib\site-packages\mysql\connector\connection_cext.py", line 616, in cmd_query
    raise get_mysql_exception(
sqlalchemy.exc.IntegrityError: (mysql.connector.errors.IntegrityError) 1451 (23000): Cannot delete or update a parent row: a foreign key constraint fails (`mysqldb1`.`deck_attributes`, CONSTRAINT `deck_attributes_ibfk_1` FOREIGN KEY (`deck_id`) REFERENCES `deck` (`id`))
[SQL: DELETE FROM deck WHERE deck.id = %(id)s]
[parameters: {'id': 749}]
(Background on this error at: https://sqlalche.me/e/14/gkpj)
2023-08-26 16:10:05,306 - flask_app - ERROR - Exception occurred in function delete. Extra info: No extra info provided.
Traceback (most recent call last):
  File "C:\Users\kevin\Documents\Cephadex\.venv\Lib\site-packages\mysql\connector\connection_cext.py", line 608, in cmd_query
    self._cmysql.query(
_mysql_connector.MySQLInterfaceError: Cannot delete or update a parent row: a foreign key constraint fails (`mysqldb1`.`deck_attributes`, CONSTRAINT `deck_attributes_ibfk_1` FOREIGN KEY (`deck_id`) REFERENCES `deck` (`id`))

The above exception was the direct cause of the following exception:

Traceback (most recent call last):
  File "C:\Users\kevin\Documents\Cephadex\.venv\Lib\site-packages\sqlalchemy\engine\base.py", line 1900, in _execute_context
    self.dialect.do_execute(
  File "C:\Users\kevin\Documents\Cephadex\.venv\Lib\site-packages\sqlalchemy\engine\default.py", line 736, in do_execute
    cursor.execute(statement, parameters)
  File "C:\Users\kevin\Documents\Cephadex\.venv\Lib\site-packages\mysql\connector\cursor_cext.py", line 330, in execute
    result = self._cnx.cmd_query(
             ^^^^^^^^^^^^^^^^^^^^
  File "C:\Users\kevin\Documents\Cephadex\.venv\Lib\site-packages\mysql\connector\connection_cext.py", line 616, in cmd_query
    raise get_mysql_exception(
mysql.connector.errors.IntegrityError: 1451 (23000): Cannot delete or update a parent row: a foreign key constraint fails (`mysqldb1`.`deck_attributes`, CONSTRAINT `deck_attributes_ibfk_1` FOREIGN KEY (`deck_id`) REFERENCES `deck` (`id`))

The above exception was the direct cause of the following exception:

Traceback (most recent call last):
  File "C:\Users\kevin\Documents\Cephadex\cards\models\helpers\log_decorators.py", line 17, in wrapper
    result = f(*args, **kwargs)
             ^^^^^^^^^^^^^^^^^^
  File "C:\Users\kevin\Documents\Cephadex\cards\views\deck_bp.py", line 106, in delete
    db.session.commit()
  File "<string>", line 2, in commit
  File "C:\Users\kevin\Documents\Cephadex\.venv\Lib\site-packages\sqlalchemy\orm\session.py", line 1451, in commit
    self._transaction.commit(_to_root=self.future)
  File "C:\Users\kevin\Documents\Cephadex\.venv\Lib\site-packages\sqlalchemy\orm\session.py", line 829, in commit
    self._prepare_impl()
  File "C:\Users\kevin\Documents\Cephadex\.venv\Lib\site-packages\sqlalchemy\orm\session.py", line 808, in _prepare_impl
    self.session.flush()
  File "C:\Users\kevin\Documents\Cephadex\.venv\Lib\site-packages\sqlalchemy\orm\session.py", line 3444, in flush
    self._flush(objects)
  File "C:\Users\kevin\Documents\Cephadex\.venv\Lib\site-packages\sqlalchemy\orm\session.py", line 3583, in _flush
    with util.safe_reraise():
  File "C:\Users\kevin\Documents\Cephadex\.venv\Lib\site-packages\sqlalchemy\util\langhelpers.py", line 70, in __exit__
    compat.raise_(
  File "C:\Users\kevin\Documents\Cephadex\.venv\Lib\site-packages\sqlalchemy\util\compat.py", line 211, in raise_
    raise exception
  File "C:\Users\kevin\Documents\Cephadex\.venv\Lib\site-packages\sqlalchemy\orm\session.py", line 3544, in _flush
    flush_context.execute()
  File "C:\Users\kevin\Documents\Cephadex\.venv\Lib\site-packages\sqlalchemy\orm\unitofwork.py", line 456, in execute
    rec.execute(self)
  File "C:\Users\kevin\Documents\Cephadex\.venv\Lib\site-packages\sqlalchemy\orm\unitofwork.py", line 667, in execute
    util.preloaded.orm_persistence.delete_obj(
  File "C:\Users\kevin\Documents\Cephadex\.venv\Lib\site-packages\sqlalchemy\orm\persistence.py", line 343, in delete_obj
    _emit_delete_statements(
  File "C:\Users\kevin\Documents\Cephadex\.venv\Lib\site-packages\sqlalchemy\orm\persistence.py", line 1468, in _emit_delete_statements
    c = connection._execute_20(
        ^^^^^^^^^^^^^^^^^^^^^^^
  File "C:\Users\kevin\Documents\Cephadex\.venv\Lib\site-packages\sqlalchemy\engine\base.py", line 1705, in _execute_20
    return meth(self, args_10style, kwargs_10style, execution_options)
           ^^^^^^^^^^^^^^^^^^^^^^^^^^^^^^^^^^^^^^^^^^^^^^^^^^^^^^^^^^^
  File "C:\Users\kevin\Documents\Cephadex\.venv\Lib\site-packages\sqlalchemy\sql\elements.py", line 334, in _execute_on_connection
    return connection._execute_clauseelement(
           ^^^^^^^^^^^^^^^^^^^^^^^^^^^^^^^^^^
  File "C:\Users\kevin\Documents\Cephadex\.venv\Lib\site-packages\sqlalchemy\engine\base.py", line 1572, in _execute_clauseelement
    ret = self._execute_context(
          ^^^^^^^^^^^^^^^^^^^^^^
  File "C:\Users\kevin\Documents\Cephadex\.venv\Lib\site-packages\sqlalchemy\engine\base.py", line 1943, in _execute_context
    self._handle_dbapi_exception(
  File "C:\Users\kevin\Documents\Cephadex\.venv\Lib\site-packages\sqlalchemy\engine\base.py", line 2124, in _handle_dbapi_exception
    util.raise_(
  File "C:\Users\kevin\Documents\Cephadex\.venv\Lib\site-packages\sqlalchemy\util\compat.py", line 211, in raise_
    raise exception
  File "C:\Users\kevin\Documents\Cephadex\.venv\Lib\site-packages\sqlalchemy\engine\base.py", line 1900, in _execute_context
    self.dialect.do_execute(
  File "C:\Users\kevin\Documents\Cephadex\.venv\Lib\site-packages\sqlalchemy\engine\default.py", line 736, in do_execute
    cursor.execute(statement, parameters)
  File "C:\Users\kevin\Documents\Cephadex\.venv\Lib\site-packages\mysql\connector\cursor_cext.py", line 330, in execute
    result = self._cnx.cmd_query(
             ^^^^^^^^^^^^^^^^^^^^
  File "C:\Users\kevin\Documents\Cephadex\.venv\Lib\site-packages\mysql\connector\connection_cext.py", line 616, in cmd_query
    raise get_mysql_exception(
sqlalchemy.exc.IntegrityError: (mysql.connector.errors.IntegrityError) 1451 (23000): Cannot delete or update a parent row: a foreign key constraint fails (`mysqldb1`.`deck_attributes`, CONSTRAINT `deck_attributes_ibfk_1` FOREIGN KEY (`deck_id`) REFERENCES `deck` (`id`))
[SQL: DELETE FROM deck WHERE deck.id = %(id)s]
[parameters: {'id': 747}]
(Background on this error at: https://sqlalche.me/e/14/gkpj)
2023-08-26 16:10:07,474 - flask_app - ERROR - Exception occurred in function delete. Extra info: No extra info provided.
Traceback (most recent call last):
  File "C:\Users\kevin\Documents\Cephadex\.venv\Lib\site-packages\mysql\connector\connection_cext.py", line 608, in cmd_query
    self._cmysql.query(
_mysql_connector.MySQLInterfaceError: Cannot delete or update a parent row: a foreign key constraint fails (`mysqldb1`.`deck_attributes`, CONSTRAINT `deck_attributes_ibfk_1` FOREIGN KEY (`deck_id`) REFERENCES `deck` (`id`))

The above exception was the direct cause of the following exception:

Traceback (most recent call last):
  File "C:\Users\kevin\Documents\Cephadex\.venv\Lib\site-packages\sqlalchemy\engine\base.py", line 1900, in _execute_context
    self.dialect.do_execute(
  File "C:\Users\kevin\Documents\Cephadex\.venv\Lib\site-packages\sqlalchemy\engine\default.py", line 736, in do_execute
    cursor.execute(statement, parameters)
  File "C:\Users\kevin\Documents\Cephadex\.venv\Lib\site-packages\mysql\connector\cursor_cext.py", line 330, in execute
    result = self._cnx.cmd_query(
             ^^^^^^^^^^^^^^^^^^^^
  File "C:\Users\kevin\Documents\Cephadex\.venv\Lib\site-packages\mysql\connector\connection_cext.py", line 616, in cmd_query
    raise get_mysql_exception(
mysql.connector.errors.IntegrityError: 1451 (23000): Cannot delete or update a parent row: a foreign key constraint fails (`mysqldb1`.`deck_attributes`, CONSTRAINT `deck_attributes_ibfk_1` FOREIGN KEY (`deck_id`) REFERENCES `deck` (`id`))

The above exception was the direct cause of the following exception:

Traceback (most recent call last):
  File "C:\Users\kevin\Documents\Cephadex\cards\models\helpers\log_decorators.py", line 17, in wrapper
    result = f(*args, **kwargs)
             ^^^^^^^^^^^^^^^^^^
  File "C:\Users\kevin\Documents\Cephadex\cards\views\deck_bp.py", line 106, in delete
    db.session.commit()
  File "<string>", line 2, in commit
  File "C:\Users\kevin\Documents\Cephadex\.venv\Lib\site-packages\sqlalchemy\orm\session.py", line 1451, in commit
    self._transaction.commit(_to_root=self.future)
  File "C:\Users\kevin\Documents\Cephadex\.venv\Lib\site-packages\sqlalchemy\orm\session.py", line 829, in commit
    self._prepare_impl()
  File "C:\Users\kevin\Documents\Cephadex\.venv\Lib\site-packages\sqlalchemy\orm\session.py", line 808, in _prepare_impl
    self.session.flush()
  File "C:\Users\kevin\Documents\Cephadex\.venv\Lib\site-packages\sqlalchemy\orm\session.py", line 3444, in flush
    self._flush(objects)
  File "C:\Users\kevin\Documents\Cephadex\.venv\Lib\site-packages\sqlalchemy\orm\session.py", line 3583, in _flush
    with util.safe_reraise():
  File "C:\Users\kevin\Documents\Cephadex\.venv\Lib\site-packages\sqlalchemy\util\langhelpers.py", line 70, in __exit__
    compat.raise_(
  File "C:\Users\kevin\Documents\Cephadex\.venv\Lib\site-packages\sqlalchemy\util\compat.py", line 211, in raise_
    raise exception
  File "C:\Users\kevin\Documents\Cephadex\.venv\Lib\site-packages\sqlalchemy\orm\session.py", line 3544, in _flush
    flush_context.execute()
  File "C:\Users\kevin\Documents\Cephadex\.venv\Lib\site-packages\sqlalchemy\orm\unitofwork.py", line 456, in execute
    rec.execute(self)
  File "C:\Users\kevin\Documents\Cephadex\.venv\Lib\site-packages\sqlalchemy\orm\unitofwork.py", line 667, in execute
    util.preloaded.orm_persistence.delete_obj(
  File "C:\Users\kevin\Documents\Cephadex\.venv\Lib\site-packages\sqlalchemy\orm\persistence.py", line 343, in delete_obj
    _emit_delete_statements(
  File "C:\Users\kevin\Documents\Cephadex\.venv\Lib\site-packages\sqlalchemy\orm\persistence.py", line 1468, in _emit_delete_statements
    c = connection._execute_20(
        ^^^^^^^^^^^^^^^^^^^^^^^
  File "C:\Users\kevin\Documents\Cephadex\.venv\Lib\site-packages\sqlalchemy\engine\base.py", line 1705, in _execute_20
    return meth(self, args_10style, kwargs_10style, execution_options)
           ^^^^^^^^^^^^^^^^^^^^^^^^^^^^^^^^^^^^^^^^^^^^^^^^^^^^^^^^^^^
  File "C:\Users\kevin\Documents\Cephadex\.venv\Lib\site-packages\sqlalchemy\sql\elements.py", line 334, in _execute_on_connection
    return connection._execute_clauseelement(
           ^^^^^^^^^^^^^^^^^^^^^^^^^^^^^^^^^^
  File "C:\Users\kevin\Documents\Cephadex\.venv\Lib\site-packages\sqlalchemy\engine\base.py", line 1572, in _execute_clauseelement
    ret = self._execute_context(
          ^^^^^^^^^^^^^^^^^^^^^^
  File "C:\Users\kevin\Documents\Cephadex\.venv\Lib\site-packages\sqlalchemy\engine\base.py", line 1943, in _execute_context
    self._handle_dbapi_exception(
  File "C:\Users\kevin\Documents\Cephadex\.venv\Lib\site-packages\sqlalchemy\engine\base.py", line 2124, in _handle_dbapi_exception
    util.raise_(
  File "C:\Users\kevin\Documents\Cephadex\.venv\Lib\site-packages\sqlalchemy\util\compat.py", line 211, in raise_
    raise exception
  File "C:\Users\kevin\Documents\Cephadex\.venv\Lib\site-packages\sqlalchemy\engine\base.py", line 1900, in _execute_context
    self.dialect.do_execute(
  File "C:\Users\kevin\Documents\Cephadex\.venv\Lib\site-packages\sqlalchemy\engine\default.py", line 736, in do_execute
    cursor.execute(statement, parameters)
  File "C:\Users\kevin\Documents\Cephadex\.venv\Lib\site-packages\mysql\connector\cursor_cext.py", line 330, in execute
    result = self._cnx.cmd_query(
             ^^^^^^^^^^^^^^^^^^^^
  File "C:\Users\kevin\Documents\Cephadex\.venv\Lib\site-packages\mysql\connector\connection_cext.py", line 616, in cmd_query
    raise get_mysql_exception(
sqlalchemy.exc.IntegrityError: (mysql.connector.errors.IntegrityError) 1451 (23000): Cannot delete or update a parent row: a foreign key constraint fails (`mysqldb1`.`deck_attributes`, CONSTRAINT `deck_attributes_ibfk_1` FOREIGN KEY (`deck_id`) REFERENCES `deck` (`id`))
[SQL: DELETE FROM deck WHERE deck.id = %(id)s]
[parameters: {'id': 743}]
(Background on this error at: https://sqlalche.me/e/14/gkpj)
2023-08-26 16:10:14,604 - flask_app - ERROR - Exception occurred in function delete. Extra info: No extra info provided.
Traceback (most recent call last):
  File "C:\Users\kevin\Documents\Cephadex\.venv\Lib\site-packages\mysql\connector\connection_cext.py", line 608, in cmd_query
    self._cmysql.query(
_mysql_connector.MySQLInterfaceError: Cannot delete or update a parent row: a foreign key constraint fails (`mysqldb1`.`deck_attributes`, CONSTRAINT `deck_attributes_ibfk_1` FOREIGN KEY (`deck_id`) REFERENCES `deck` (`id`))

The above exception was the direct cause of the following exception:

Traceback (most recent call last):
  File "C:\Users\kevin\Documents\Cephadex\.venv\Lib\site-packages\sqlalchemy\engine\base.py", line 1900, in _execute_context
    self.dialect.do_execute(
  File "C:\Users\kevin\Documents\Cephadex\.venv\Lib\site-packages\sqlalchemy\engine\default.py", line 736, in do_execute
    cursor.execute(statement, parameters)
  File "C:\Users\kevin\Documents\Cephadex\.venv\Lib\site-packages\mysql\connector\cursor_cext.py", line 330, in execute
    result = self._cnx.cmd_query(
             ^^^^^^^^^^^^^^^^^^^^
  File "C:\Users\kevin\Documents\Cephadex\.venv\Lib\site-packages\mysql\connector\connection_cext.py", line 616, in cmd_query
    raise get_mysql_exception(
mysql.connector.errors.IntegrityError: 1451 (23000): Cannot delete or update a parent row: a foreign key constraint fails (`mysqldb1`.`deck_attributes`, CONSTRAINT `deck_attributes_ibfk_1` FOREIGN KEY (`deck_id`) REFERENCES `deck` (`id`))

The above exception was the direct cause of the following exception:

Traceback (most recent call last):
  File "C:\Users\kevin\Documents\Cephadex\cards\models\helpers\log_decorators.py", line 17, in wrapper
    result = f(*args, **kwargs)
             ^^^^^^^^^^^^^^^^^^
  File "C:\Users\kevin\Documents\Cephadex\cards\views\deck_bp.py", line 106, in delete
    db.session.commit()
  File "<string>", line 2, in commit
  File "C:\Users\kevin\Documents\Cephadex\.venv\Lib\site-packages\sqlalchemy\orm\session.py", line 1451, in commit
    self._transaction.commit(_to_root=self.future)
  File "C:\Users\kevin\Documents\Cephadex\.venv\Lib\site-packages\sqlalchemy\orm\session.py", line 829, in commit
    self._prepare_impl()
  File "C:\Users\kevin\Documents\Cephadex\.venv\Lib\site-packages\sqlalchemy\orm\session.py", line 808, in _prepare_impl
    self.session.flush()
  File "C:\Users\kevin\Documents\Cephadex\.venv\Lib\site-packages\sqlalchemy\orm\session.py", line 3444, in flush
    self._flush(objects)
  File "C:\Users\kevin\Documents\Cephadex\.venv\Lib\site-packages\sqlalchemy\orm\session.py", line 3583, in _flush
    with util.safe_reraise():
  File "C:\Users\kevin\Documents\Cephadex\.venv\Lib\site-packages\sqlalchemy\util\langhelpers.py", line 70, in __exit__
    compat.raise_(
  File "C:\Users\kevin\Documents\Cephadex\.venv\Lib\site-packages\sqlalchemy\util\compat.py", line 211, in raise_
    raise exception
  File "C:\Users\kevin\Documents\Cephadex\.venv\Lib\site-packages\sqlalchemy\orm\session.py", line 3544, in _flush
    flush_context.execute()
  File "C:\Users\kevin\Documents\Cephadex\.venv\Lib\site-packages\sqlalchemy\orm\unitofwork.py", line 456, in execute
    rec.execute(self)
  File "C:\Users\kevin\Documents\Cephadex\.venv\Lib\site-packages\sqlalchemy\orm\unitofwork.py", line 667, in execute
    util.preloaded.orm_persistence.delete_obj(
  File "C:\Users\kevin\Documents\Cephadex\.venv\Lib\site-packages\sqlalchemy\orm\persistence.py", line 343, in delete_obj
    _emit_delete_statements(
  File "C:\Users\kevin\Documents\Cephadex\.venv\Lib\site-packages\sqlalchemy\orm\persistence.py", line 1468, in _emit_delete_statements
    c = connection._execute_20(
        ^^^^^^^^^^^^^^^^^^^^^^^
  File "C:\Users\kevin\Documents\Cephadex\.venv\Lib\site-packages\sqlalchemy\engine\base.py", line 1705, in _execute_20
    return meth(self, args_10style, kwargs_10style, execution_options)
           ^^^^^^^^^^^^^^^^^^^^^^^^^^^^^^^^^^^^^^^^^^^^^^^^^^^^^^^^^^^
  File "C:\Users\kevin\Documents\Cephadex\.venv\Lib\site-packages\sqlalchemy\sql\elements.py", line 334, in _execute_on_connection
    return connection._execute_clauseelement(
           ^^^^^^^^^^^^^^^^^^^^^^^^^^^^^^^^^^
  File "C:\Users\kevin\Documents\Cephadex\.venv\Lib\site-packages\sqlalchemy\engine\base.py", line 1572, in _execute_clauseelement
    ret = self._execute_context(
          ^^^^^^^^^^^^^^^^^^^^^^
  File "C:\Users\kevin\Documents\Cephadex\.venv\Lib\site-packages\sqlalchemy\engine\base.py", line 1943, in _execute_context
    self._handle_dbapi_exception(
  File "C:\Users\kevin\Documents\Cephadex\.venv\Lib\site-packages\sqlalchemy\engine\base.py", line 2124, in _handle_dbapi_exception
    util.raise_(
  File "C:\Users\kevin\Documents\Cephadex\.venv\Lib\site-packages\sqlalchemy\util\compat.py", line 211, in raise_
    raise exception
  File "C:\Users\kevin\Documents\Cephadex\.venv\Lib\site-packages\sqlalchemy\engine\base.py", line 1900, in _execute_context
    self.dialect.do_execute(
  File "C:\Users\kevin\Documents\Cephadex\.venv\Lib\site-packages\sqlalchemy\engine\default.py", line 736, in do_execute
    cursor.execute(statement, parameters)
  File "C:\Users\kevin\Documents\Cephadex\.venv\Lib\site-packages\mysql\connector\cursor_cext.py", line 330, in execute
    result = self._cnx.cmd_query(
             ^^^^^^^^^^^^^^^^^^^^
  File "C:\Users\kevin\Documents\Cephadex\.venv\Lib\site-packages\mysql\connector\connection_cext.py", line 616, in cmd_query
    raise get_mysql_exception(
sqlalchemy.exc.IntegrityError: (mysql.connector.errors.IntegrityError) 1451 (23000): Cannot delete or update a parent row: a foreign key constraint fails (`mysqldb1`.`deck_attributes`, CONSTRAINT `deck_attributes_ibfk_1` FOREIGN KEY (`deck_id`) REFERENCES `deck` (`id`))
[SQL: DELETE FROM deck WHERE deck.id = %(id)s]
[parameters: {'id': 733}]
(Background on this error at: https://sqlalche.me/e/14/gkpj)
2023-08-26 16:10:23,339 - flask_app - ERROR - Exception occurred in function delete. Extra info: No extra info provided.
Traceback (most recent call last):
  File "C:\Users\kevin\Documents\Cephadex\.venv\Lib\site-packages\mysql\connector\connection_cext.py", line 608, in cmd_query
    self._cmysql.query(
_mysql_connector.MySQLInterfaceError: Cannot delete or update a parent row: a foreign key constraint fails (`mysqldb1`.`deck_attributes`, CONSTRAINT `deck_attributes_ibfk_1` FOREIGN KEY (`deck_id`) REFERENCES `deck` (`id`))

The above exception was the direct cause of the following exception:

Traceback (most recent call last):
  File "C:\Users\kevin\Documents\Cephadex\.venv\Lib\site-packages\sqlalchemy\engine\base.py", line 1900, in _execute_context
    self.dialect.do_execute(
  File "C:\Users\kevin\Documents\Cephadex\.venv\Lib\site-packages\sqlalchemy\engine\default.py", line 736, in do_execute
    cursor.execute(statement, parameters)
  File "C:\Users\kevin\Documents\Cephadex\.venv\Lib\site-packages\mysql\connector\cursor_cext.py", line 330, in execute
    result = self._cnx.cmd_query(
             ^^^^^^^^^^^^^^^^^^^^
  File "C:\Users\kevin\Documents\Cephadex\.venv\Lib\site-packages\mysql\connector\connection_cext.py", line 616, in cmd_query
    raise get_mysql_exception(
mysql.connector.errors.IntegrityError: 1451 (23000): Cannot delete or update a parent row: a foreign key constraint fails (`mysqldb1`.`deck_attributes`, CONSTRAINT `deck_attributes_ibfk_1` FOREIGN KEY (`deck_id`) REFERENCES `deck` (`id`))

The above exception was the direct cause of the following exception:

Traceback (most recent call last):
  File "C:\Users\kevin\Documents\Cephadex\cards\models\helpers\log_decorators.py", line 17, in wrapper
    result = f(*args, **kwargs)
             ^^^^^^^^^^^^^^^^^^
  File "C:\Users\kevin\Documents\Cephadex\cards\views\deck_bp.py", line 106, in delete
    db.session.commit()
  File "<string>", line 2, in commit
  File "C:\Users\kevin\Documents\Cephadex\.venv\Lib\site-packages\sqlalchemy\orm\session.py", line 1451, in commit
    self._transaction.commit(_to_root=self.future)
  File "C:\Users\kevin\Documents\Cephadex\.venv\Lib\site-packages\sqlalchemy\orm\session.py", line 829, in commit
    self._prepare_impl()
  File "C:\Users\kevin\Documents\Cephadex\.venv\Lib\site-packages\sqlalchemy\orm\session.py", line 808, in _prepare_impl
    self.session.flush()
  File "C:\Users\kevin\Documents\Cephadex\.venv\Lib\site-packages\sqlalchemy\orm\session.py", line 3444, in flush
    self._flush(objects)
  File "C:\Users\kevin\Documents\Cephadex\.venv\Lib\site-packages\sqlalchemy\orm\session.py", line 3583, in _flush
    with util.safe_reraise():
  File "C:\Users\kevin\Documents\Cephadex\.venv\Lib\site-packages\sqlalchemy\util\langhelpers.py", line 70, in __exit__
    compat.raise_(
  File "C:\Users\kevin\Documents\Cephadex\.venv\Lib\site-packages\sqlalchemy\util\compat.py", line 211, in raise_
    raise exception
  File "C:\Users\kevin\Documents\Cephadex\.venv\Lib\site-packages\sqlalchemy\orm\session.py", line 3544, in _flush
    flush_context.execute()
  File "C:\Users\kevin\Documents\Cephadex\.venv\Lib\site-packages\sqlalchemy\orm\unitofwork.py", line 456, in execute
    rec.execute(self)
  File "C:\Users\kevin\Documents\Cephadex\.venv\Lib\site-packages\sqlalchemy\orm\unitofwork.py", line 667, in execute
    util.preloaded.orm_persistence.delete_obj(
  File "C:\Users\kevin\Documents\Cephadex\.venv\Lib\site-packages\sqlalchemy\orm\persistence.py", line 343, in delete_obj
    _emit_delete_statements(
  File "C:\Users\kevin\Documents\Cephadex\.venv\Lib\site-packages\sqlalchemy\orm\persistence.py", line 1468, in _emit_delete_statements
    c = connection._execute_20(
        ^^^^^^^^^^^^^^^^^^^^^^^
  File "C:\Users\kevin\Documents\Cephadex\.venv\Lib\site-packages\sqlalchemy\engine\base.py", line 1705, in _execute_20
    return meth(self, args_10style, kwargs_10style, execution_options)
           ^^^^^^^^^^^^^^^^^^^^^^^^^^^^^^^^^^^^^^^^^^^^^^^^^^^^^^^^^^^
  File "C:\Users\kevin\Documents\Cephadex\.venv\Lib\site-packages\sqlalchemy\sql\elements.py", line 334, in _execute_on_connection
    return connection._execute_clauseelement(
           ^^^^^^^^^^^^^^^^^^^^^^^^^^^^^^^^^^
  File "C:\Users\kevin\Documents\Cephadex\.venv\Lib\site-packages\sqlalchemy\engine\base.py", line 1572, in _execute_clauseelement
    ret = self._execute_context(
          ^^^^^^^^^^^^^^^^^^^^^^
  File "C:\Users\kevin\Documents\Cephadex\.venv\Lib\site-packages\sqlalchemy\engine\base.py", line 1943, in _execute_context
    self._handle_dbapi_exception(
  File "C:\Users\kevin\Documents\Cephadex\.venv\Lib\site-packages\sqlalchemy\engine\base.py", line 2124, in _handle_dbapi_exception
    util.raise_(
  File "C:\Users\kevin\Documents\Cephadex\.venv\Lib\site-packages\sqlalchemy\util\compat.py", line 211, in raise_
    raise exception
  File "C:\Users\kevin\Documents\Cephadex\.venv\Lib\site-packages\sqlalchemy\engine\base.py", line 1900, in _execute_context
    self.dialect.do_execute(
  File "C:\Users\kevin\Documents\Cephadex\.venv\Lib\site-packages\sqlalchemy\engine\default.py", line 736, in do_execute
    cursor.execute(statement, parameters)
  File "C:\Users\kevin\Documents\Cephadex\.venv\Lib\site-packages\mysql\connector\cursor_cext.py", line 330, in execute
    result = self._cnx.cmd_query(
             ^^^^^^^^^^^^^^^^^^^^
  File "C:\Users\kevin\Documents\Cephadex\.venv\Lib\site-packages\mysql\connector\connection_cext.py", line 616, in cmd_query
    raise get_mysql_exception(
sqlalchemy.exc.IntegrityError: (mysql.connector.errors.IntegrityError) 1451 (23000): Cannot delete or update a parent row: a foreign key constraint fails (`mysqldb1`.`deck_attributes`, CONSTRAINT `deck_attributes_ibfk_1` FOREIGN KEY (`deck_id`) REFERENCES `deck` (`id`))
[SQL: DELETE FROM deck WHERE deck.id = %(id)s]
[parameters: {'id': 747}]
(Background on this error at: https://sqlalche.me/e/14/gkpj)
2023-08-26 16:10:26,804 - flask_app - ERROR - Exception occurred in function delete. Extra info: No extra info provided.
Traceback (most recent call last):
  File "C:\Users\kevin\Documents\Cephadex\.venv\Lib\site-packages\mysql\connector\connection_cext.py", line 608, in cmd_query
    self._cmysql.query(
_mysql_connector.MySQLInterfaceError: Cannot delete or update a parent row: a foreign key constraint fails (`mysqldb1`.`deck_attributes`, CONSTRAINT `deck_attributes_ibfk_1` FOREIGN KEY (`deck_id`) REFERENCES `deck` (`id`))

The above exception was the direct cause of the following exception:

Traceback (most recent call last):
  File "C:\Users\kevin\Documents\Cephadex\.venv\Lib\site-packages\sqlalchemy\engine\base.py", line 1900, in _execute_context
    self.dialect.do_execute(
  File "C:\Users\kevin\Documents\Cephadex\.venv\Lib\site-packages\sqlalchemy\engine\default.py", line 736, in do_execute
    cursor.execute(statement, parameters)
  File "C:\Users\kevin\Documents\Cephadex\.venv\Lib\site-packages\mysql\connector\cursor_cext.py", line 330, in execute
    result = self._cnx.cmd_query(
             ^^^^^^^^^^^^^^^^^^^^
  File "C:\Users\kevin\Documents\Cephadex\.venv\Lib\site-packages\mysql\connector\connection_cext.py", line 616, in cmd_query
    raise get_mysql_exception(
mysql.connector.errors.IntegrityError: 1451 (23000): Cannot delete or update a parent row: a foreign key constraint fails (`mysqldb1`.`deck_attributes`, CONSTRAINT `deck_attributes_ibfk_1` FOREIGN KEY (`deck_id`) REFERENCES `deck` (`id`))

The above exception was the direct cause of the following exception:

Traceback (most recent call last):
  File "C:\Users\kevin\Documents\Cephadex\cards\models\helpers\log_decorators.py", line 17, in wrapper
    result = f(*args, **kwargs)
             ^^^^^^^^^^^^^^^^^^
  File "C:\Users\kevin\Documents\Cephadex\cards\views\deck_bp.py", line 106, in delete
    db.session.commit()
  File "<string>", line 2, in commit
  File "C:\Users\kevin\Documents\Cephadex\.venv\Lib\site-packages\sqlalchemy\orm\session.py", line 1451, in commit
    self._transaction.commit(_to_root=self.future)
  File "C:\Users\kevin\Documents\Cephadex\.venv\Lib\site-packages\sqlalchemy\orm\session.py", line 829, in commit
    self._prepare_impl()
  File "C:\Users\kevin\Documents\Cephadex\.venv\Lib\site-packages\sqlalchemy\orm\session.py", line 808, in _prepare_impl
    self.session.flush()
  File "C:\Users\kevin\Documents\Cephadex\.venv\Lib\site-packages\sqlalchemy\orm\session.py", line 3444, in flush
    self._flush(objects)
  File "C:\Users\kevin\Documents\Cephadex\.venv\Lib\site-packages\sqlalchemy\orm\session.py", line 3583, in _flush
    with util.safe_reraise():
  File "C:\Users\kevin\Documents\Cephadex\.venv\Lib\site-packages\sqlalchemy\util\langhelpers.py", line 70, in __exit__
    compat.raise_(
  File "C:\Users\kevin\Documents\Cephadex\.venv\Lib\site-packages\sqlalchemy\util\compat.py", line 211, in raise_
    raise exception
  File "C:\Users\kevin\Documents\Cephadex\.venv\Lib\site-packages\sqlalchemy\orm\session.py", line 3544, in _flush
    flush_context.execute()
  File "C:\Users\kevin\Documents\Cephadex\.venv\Lib\site-packages\sqlalchemy\orm\unitofwork.py", line 456, in execute
    rec.execute(self)
  File "C:\Users\kevin\Documents\Cephadex\.venv\Lib\site-packages\sqlalchemy\orm\unitofwork.py", line 667, in execute
    util.preloaded.orm_persistence.delete_obj(
  File "C:\Users\kevin\Documents\Cephadex\.venv\Lib\site-packages\sqlalchemy\orm\persistence.py", line 343, in delete_obj
    _emit_delete_statements(
  File "C:\Users\kevin\Documents\Cephadex\.venv\Lib\site-packages\sqlalchemy\orm\persistence.py", line 1468, in _emit_delete_statements
    c = connection._execute_20(
        ^^^^^^^^^^^^^^^^^^^^^^^
  File "C:\Users\kevin\Documents\Cephadex\.venv\Lib\site-packages\sqlalchemy\engine\base.py", line 1705, in _execute_20
    return meth(self, args_10style, kwargs_10style, execution_options)
           ^^^^^^^^^^^^^^^^^^^^^^^^^^^^^^^^^^^^^^^^^^^^^^^^^^^^^^^^^^^
  File "C:\Users\kevin\Documents\Cephadex\.venv\Lib\site-packages\sqlalchemy\sql\elements.py", line 334, in _execute_on_connection
    return connection._execute_clauseelement(
           ^^^^^^^^^^^^^^^^^^^^^^^^^^^^^^^^^^
  File "C:\Users\kevin\Documents\Cephadex\.venv\Lib\site-packages\sqlalchemy\engine\base.py", line 1572, in _execute_clauseelement
    ret = self._execute_context(
          ^^^^^^^^^^^^^^^^^^^^^^
  File "C:\Users\kevin\Documents\Cephadex\.venv\Lib\site-packages\sqlalchemy\engine\base.py", line 1943, in _execute_context
    self._handle_dbapi_exception(
  File "C:\Users\kevin\Documents\Cephadex\.venv\Lib\site-packages\sqlalchemy\engine\base.py", line 2124, in _handle_dbapi_exception
    util.raise_(
  File "C:\Users\kevin\Documents\Cephadex\.venv\Lib\site-packages\sqlalchemy\util\compat.py", line 211, in raise_
    raise exception
  File "C:\Users\kevin\Documents\Cephadex\.venv\Lib\site-packages\sqlalchemy\engine\base.py", line 1900, in _execute_context
    self.dialect.do_execute(
  File "C:\Users\kevin\Documents\Cephadex\.venv\Lib\site-packages\sqlalchemy\engine\default.py", line 736, in do_execute
    cursor.execute(statement, parameters)
  File "C:\Users\kevin\Documents\Cephadex\.venv\Lib\site-packages\mysql\connector\cursor_cext.py", line 330, in execute
    result = self._cnx.cmd_query(
             ^^^^^^^^^^^^^^^^^^^^
  File "C:\Users\kevin\Documents\Cephadex\.venv\Lib\site-packages\mysql\connector\connection_cext.py", line 616, in cmd_query
    raise get_mysql_exception(
sqlalchemy.exc.IntegrityError: (mysql.connector.errors.IntegrityError) 1451 (23000): Cannot delete or update a parent row: a foreign key constraint fails (`mysqldb1`.`deck_attributes`, CONSTRAINT `deck_attributes_ibfk_1` FOREIGN KEY (`deck_id`) REFERENCES `deck` (`id`))
[SQL: DELETE FROM deck WHERE deck.id = %(id)s]
[parameters: {'id': 735}]
(Background on this error at: https://sqlalche.me/e/14/gkpj)
2023-08-26 16:10:35,360 - flask_app - ERROR - Exception occurred in function delete. Extra info: No extra info provided.
Traceback (most recent call last):
  File "C:\Users\kevin\Documents\Cephadex\.venv\Lib\site-packages\mysql\connector\connection_cext.py", line 608, in cmd_query
    self._cmysql.query(
_mysql_connector.MySQLInterfaceError: Cannot delete or update a parent row: a foreign key constraint fails (`mysqldb1`.`deck_attributes`, CONSTRAINT `deck_attributes_ibfk_1` FOREIGN KEY (`deck_id`) REFERENCES `deck` (`id`))

The above exception was the direct cause of the following exception:

Traceback (most recent call last):
  File "C:\Users\kevin\Documents\Cephadex\.venv\Lib\site-packages\sqlalchemy\engine\base.py", line 1900, in _execute_context
    self.dialect.do_execute(
  File "C:\Users\kevin\Documents\Cephadex\.venv\Lib\site-packages\sqlalchemy\engine\default.py", line 736, in do_execute
    cursor.execute(statement, parameters)
  File "C:\Users\kevin\Documents\Cephadex\.venv\Lib\site-packages\mysql\connector\cursor_cext.py", line 330, in execute
    result = self._cnx.cmd_query(
             ^^^^^^^^^^^^^^^^^^^^
  File "C:\Users\kevin\Documents\Cephadex\.venv\Lib\site-packages\mysql\connector\connection_cext.py", line 616, in cmd_query
    raise get_mysql_exception(
mysql.connector.errors.IntegrityError: 1451 (23000): Cannot delete or update a parent row: a foreign key constraint fails (`mysqldb1`.`deck_attributes`, CONSTRAINT `deck_attributes_ibfk_1` FOREIGN KEY (`deck_id`) REFERENCES `deck` (`id`))

The above exception was the direct cause of the following exception:

Traceback (most recent call last):
  File "C:\Users\kevin\Documents\Cephadex\cards\models\helpers\log_decorators.py", line 17, in wrapper
    result = f(*args, **kwargs)
             ^^^^^^^^^^^^^^^^^^
  File "C:\Users\kevin\Documents\Cephadex\cards\views\deck_bp.py", line 106, in delete
    db.session.commit()
  File "<string>", line 2, in commit
  File "C:\Users\kevin\Documents\Cephadex\.venv\Lib\site-packages\sqlalchemy\orm\session.py", line 1451, in commit
    self._transaction.commit(_to_root=self.future)
  File "C:\Users\kevin\Documents\Cephadex\.venv\Lib\site-packages\sqlalchemy\orm\session.py", line 829, in commit
    self._prepare_impl()
  File "C:\Users\kevin\Documents\Cephadex\.venv\Lib\site-packages\sqlalchemy\orm\session.py", line 808, in _prepare_impl
    self.session.flush()
  File "C:\Users\kevin\Documents\Cephadex\.venv\Lib\site-packages\sqlalchemy\orm\session.py", line 3444, in flush
    self._flush(objects)
  File "C:\Users\kevin\Documents\Cephadex\.venv\Lib\site-packages\sqlalchemy\orm\session.py", line 3583, in _flush
    with util.safe_reraise():
  File "C:\Users\kevin\Documents\Cephadex\.venv\Lib\site-packages\sqlalchemy\util\langhelpers.py", line 70, in __exit__
    compat.raise_(
  File "C:\Users\kevin\Documents\Cephadex\.venv\Lib\site-packages\sqlalchemy\util\compat.py", line 211, in raise_
    raise exception
  File "C:\Users\kevin\Documents\Cephadex\.venv\Lib\site-packages\sqlalchemy\orm\session.py", line 3544, in _flush
    flush_context.execute()
  File "C:\Users\kevin\Documents\Cephadex\.venv\Lib\site-packages\sqlalchemy\orm\unitofwork.py", line 456, in execute
    rec.execute(self)
  File "C:\Users\kevin\Documents\Cephadex\.venv\Lib\site-packages\sqlalchemy\orm\unitofwork.py", line 667, in execute
    util.preloaded.orm_persistence.delete_obj(
  File "C:\Users\kevin\Documents\Cephadex\.venv\Lib\site-packages\sqlalchemy\orm\persistence.py", line 343, in delete_obj
    _emit_delete_statements(
  File "C:\Users\kevin\Documents\Cephadex\.venv\Lib\site-packages\sqlalchemy\orm\persistence.py", line 1468, in _emit_delete_statements
    c = connection._execute_20(
        ^^^^^^^^^^^^^^^^^^^^^^^
  File "C:\Users\kevin\Documents\Cephadex\.venv\Lib\site-packages\sqlalchemy\engine\base.py", line 1705, in _execute_20
    return meth(self, args_10style, kwargs_10style, execution_options)
           ^^^^^^^^^^^^^^^^^^^^^^^^^^^^^^^^^^^^^^^^^^^^^^^^^^^^^^^^^^^
  File "C:\Users\kevin\Documents\Cephadex\.venv\Lib\site-packages\sqlalchemy\sql\elements.py", line 334, in _execute_on_connection
    return connection._execute_clauseelement(
           ^^^^^^^^^^^^^^^^^^^^^^^^^^^^^^^^^^
  File "C:\Users\kevin\Documents\Cephadex\.venv\Lib\site-packages\sqlalchemy\engine\base.py", line 1572, in _execute_clauseelement
    ret = self._execute_context(
          ^^^^^^^^^^^^^^^^^^^^^^
  File "C:\Users\kevin\Documents\Cephadex\.venv\Lib\site-packages\sqlalchemy\engine\base.py", line 1943, in _execute_context
    self._handle_dbapi_exception(
  File "C:\Users\kevin\Documents\Cephadex\.venv\Lib\site-packages\sqlalchemy\engine\base.py", line 2124, in _handle_dbapi_exception
    util.raise_(
  File "C:\Users\kevin\Documents\Cephadex\.venv\Lib\site-packages\sqlalchemy\util\compat.py", line 211, in raise_
    raise exception
  File "C:\Users\kevin\Documents\Cephadex\.venv\Lib\site-packages\sqlalchemy\engine\base.py", line 1900, in _execute_context
    self.dialect.do_execute(
  File "C:\Users\kevin\Documents\Cephadex\.venv\Lib\site-packages\sqlalchemy\engine\default.py", line 736, in do_execute
    cursor.execute(statement, parameters)
  File "C:\Users\kevin\Documents\Cephadex\.venv\Lib\site-packages\mysql\connector\cursor_cext.py", line 330, in execute
    result = self._cnx.cmd_query(
             ^^^^^^^^^^^^^^^^^^^^
  File "C:\Users\kevin\Documents\Cephadex\.venv\Lib\site-packages\mysql\connector\connection_cext.py", line 616, in cmd_query
    raise get_mysql_exception(
sqlalchemy.exc.IntegrityError: (mysql.connector.errors.IntegrityError) 1451 (23000): Cannot delete or update a parent row: a foreign key constraint fails (`mysqldb1`.`deck_attributes`, CONSTRAINT `deck_attributes_ibfk_1` FOREIGN KEY (`deck_id`) REFERENCES `deck` (`id`))
[SQL: DELETE FROM deck WHERE deck.id = %(id)s]
[parameters: {'id': 771}]
(Background on this error at: https://sqlalche.me/e/14/gkpj)
2023-08-26 16:11:00,928 - flask_app - ERROR - Exception occurred in function delete. Extra info: No extra info provided.
Traceback (most recent call last):
  File "C:\Users\kevin\Documents\Cephadex\.venv\Lib\site-packages\mysql\connector\connection_cext.py", line 608, in cmd_query
    self._cmysql.query(
_mysql_connector.MySQLInterfaceError: Cannot delete or update a parent row: a foreign key constraint fails (`mysqldb1`.`game`, CONSTRAINT `game_ibfk_3` FOREIGN KEY (`deck_id`) REFERENCES `deck` (`id`))

The above exception was the direct cause of the following exception:

Traceback (most recent call last):
  File "C:\Users\kevin\Documents\Cephadex\.venv\Lib\site-packages\sqlalchemy\engine\base.py", line 1900, in _execute_context
    self.dialect.do_execute(
  File "C:\Users\kevin\Documents\Cephadex\.venv\Lib\site-packages\sqlalchemy\engine\default.py", line 736, in do_execute
    cursor.execute(statement, parameters)
  File "C:\Users\kevin\Documents\Cephadex\.venv\Lib\site-packages\mysql\connector\cursor_cext.py", line 330, in execute
    result = self._cnx.cmd_query(
             ^^^^^^^^^^^^^^^^^^^^
  File "C:\Users\kevin\Documents\Cephadex\.venv\Lib\site-packages\mysql\connector\connection_cext.py", line 616, in cmd_query
    raise get_mysql_exception(
mysql.connector.errors.IntegrityError: 1451 (23000): Cannot delete or update a parent row: a foreign key constraint fails (`mysqldb1`.`game`, CONSTRAINT `game_ibfk_3` FOREIGN KEY (`deck_id`) REFERENCES `deck` (`id`))

The above exception was the direct cause of the following exception:

Traceback (most recent call last):
  File "C:\Users\kevin\Documents\Cephadex\cards\models\helpers\log_decorators.py", line 17, in wrapper
    result = f(*args, **kwargs)
             ^^^^^^^^^^^^^^^^^^
  File "C:\Users\kevin\Documents\Cephadex\cards\views\deck_bp.py", line 106, in delete
    db.session.commit()
  File "<string>", line 2, in commit
  File "C:\Users\kevin\Documents\Cephadex\.venv\Lib\site-packages\sqlalchemy\orm\session.py", line 1451, in commit
    self._transaction.commit(_to_root=self.future)
  File "C:\Users\kevin\Documents\Cephadex\.venv\Lib\site-packages\sqlalchemy\orm\session.py", line 829, in commit
    self._prepare_impl()
  File "C:\Users\kevin\Documents\Cephadex\.venv\Lib\site-packages\sqlalchemy\orm\session.py", line 808, in _prepare_impl
    self.session.flush()
  File "C:\Users\kevin\Documents\Cephadex\.venv\Lib\site-packages\sqlalchemy\orm\session.py", line 3444, in flush
    self._flush(objects)
  File "C:\Users\kevin\Documents\Cephadex\.venv\Lib\site-packages\sqlalchemy\orm\session.py", line 3583, in _flush
    with util.safe_reraise():
  File "C:\Users\kevin\Documents\Cephadex\.venv\Lib\site-packages\sqlalchemy\util\langhelpers.py", line 70, in __exit__
    compat.raise_(
  File "C:\Users\kevin\Documents\Cephadex\.venv\Lib\site-packages\sqlalchemy\util\compat.py", line 211, in raise_
    raise exception
  File "C:\Users\kevin\Documents\Cephadex\.venv\Lib\site-packages\sqlalchemy\orm\session.py", line 3544, in _flush
    flush_context.execute()
  File "C:\Users\kevin\Documents\Cephadex\.venv\Lib\site-packages\sqlalchemy\orm\unitofwork.py", line 456, in execute
    rec.execute(self)
  File "C:\Users\kevin\Documents\Cephadex\.venv\Lib\site-packages\sqlalchemy\orm\unitofwork.py", line 667, in execute
    util.preloaded.orm_persistence.delete_obj(
  File "C:\Users\kevin\Documents\Cephadex\.venv\Lib\site-packages\sqlalchemy\orm\persistence.py", line 343, in delete_obj
    _emit_delete_statements(
  File "C:\Users\kevin\Documents\Cephadex\.venv\Lib\site-packages\sqlalchemy\orm\persistence.py", line 1468, in _emit_delete_statements
    c = connection._execute_20(
        ^^^^^^^^^^^^^^^^^^^^^^^
  File "C:\Users\kevin\Documents\Cephadex\.venv\Lib\site-packages\sqlalchemy\engine\base.py", line 1705, in _execute_20
    return meth(self, args_10style, kwargs_10style, execution_options)
           ^^^^^^^^^^^^^^^^^^^^^^^^^^^^^^^^^^^^^^^^^^^^^^^^^^^^^^^^^^^
  File "C:\Users\kevin\Documents\Cephadex\.venv\Lib\site-packages\sqlalchemy\sql\elements.py", line 334, in _execute_on_connection
    return connection._execute_clauseelement(
           ^^^^^^^^^^^^^^^^^^^^^^^^^^^^^^^^^^
  File "C:\Users\kevin\Documents\Cephadex\.venv\Lib\site-packages\sqlalchemy\engine\base.py", line 1572, in _execute_clauseelement
    ret = self._execute_context(
          ^^^^^^^^^^^^^^^^^^^^^^
  File "C:\Users\kevin\Documents\Cephadex\.venv\Lib\site-packages\sqlalchemy\engine\base.py", line 1943, in _execute_context
    self._handle_dbapi_exception(
  File "C:\Users\kevin\Documents\Cephadex\.venv\Lib\site-packages\sqlalchemy\engine\base.py", line 2124, in _handle_dbapi_exception
    util.raise_(
  File "C:\Users\kevin\Documents\Cephadex\.venv\Lib\site-packages\sqlalchemy\util\compat.py", line 211, in raise_
    raise exception
  File "C:\Users\kevin\Documents\Cephadex\.venv\Lib\site-packages\sqlalchemy\engine\base.py", line 1900, in _execute_context
    self.dialect.do_execute(
  File "C:\Users\kevin\Documents\Cephadex\.venv\Lib\site-packages\sqlalchemy\engine\default.py", line 736, in do_execute
    cursor.execute(statement, parameters)
  File "C:\Users\kevin\Documents\Cephadex\.venv\Lib\site-packages\mysql\connector\cursor_cext.py", line 330, in execute
    result = self._cnx.cmd_query(
             ^^^^^^^^^^^^^^^^^^^^
  File "C:\Users\kevin\Documents\Cephadex\.venv\Lib\site-packages\mysql\connector\connection_cext.py", line 616, in cmd_query
    raise get_mysql_exception(
sqlalchemy.exc.IntegrityError: (mysql.connector.errors.IntegrityError) 1451 (23000): Cannot delete or update a parent row: a foreign key constraint fails (`mysqldb1`.`game`, CONSTRAINT `game_ibfk_3` FOREIGN KEY (`deck_id`) REFERENCES `deck` (`id`))
[SQL: DELETE FROM deck WHERE deck.id = %(id)s]
[parameters: {'id': 54}]
(Background on this error at: https://sqlalche.me/e/14/gkpj)
2023-08-26 16:11:08,530 - flask_app - ERROR - Exception occurred in function delete. Extra info: No extra info provided.
Traceback (most recent call last):
  File "C:\Users\kevin\Documents\Cephadex\.venv\Lib\site-packages\mysql\connector\connection_cext.py", line 608, in cmd_query
    self._cmysql.query(
_mysql_connector.MySQLInterfaceError: Cannot delete or update a parent row: a foreign key constraint fails (`mysqldb1`.`game`, CONSTRAINT `game_ibfk_3` FOREIGN KEY (`deck_id`) REFERENCES `deck` (`id`))

The above exception was the direct cause of the following exception:

Traceback (most recent call last):
  File "C:\Users\kevin\Documents\Cephadex\.venv\Lib\site-packages\sqlalchemy\engine\base.py", line 1900, in _execute_context
    self.dialect.do_execute(
  File "C:\Users\kevin\Documents\Cephadex\.venv\Lib\site-packages\sqlalchemy\engine\default.py", line 736, in do_execute
    cursor.execute(statement, parameters)
  File "C:\Users\kevin\Documents\Cephadex\.venv\Lib\site-packages\mysql\connector\cursor_cext.py", line 330, in execute
    result = self._cnx.cmd_query(
             ^^^^^^^^^^^^^^^^^^^^
  File "C:\Users\kevin\Documents\Cephadex\.venv\Lib\site-packages\mysql\connector\connection_cext.py", line 616, in cmd_query
    raise get_mysql_exception(
mysql.connector.errors.IntegrityError: 1451 (23000): Cannot delete or update a parent row: a foreign key constraint fails (`mysqldb1`.`game`, CONSTRAINT `game_ibfk_3` FOREIGN KEY (`deck_id`) REFERENCES `deck` (`id`))

The above exception was the direct cause of the following exception:

Traceback (most recent call last):
  File "C:\Users\kevin\Documents\Cephadex\cards\models\helpers\log_decorators.py", line 17, in wrapper
    result = f(*args, **kwargs)
             ^^^^^^^^^^^^^^^^^^
  File "C:\Users\kevin\Documents\Cephadex\cards\views\deck_bp.py", line 106, in delete
    db.session.commit()
  File "<string>", line 2, in commit
  File "C:\Users\kevin\Documents\Cephadex\.venv\Lib\site-packages\sqlalchemy\orm\session.py", line 1451, in commit
    self._transaction.commit(_to_root=self.future)
  File "C:\Users\kevin\Documents\Cephadex\.venv\Lib\site-packages\sqlalchemy\orm\session.py", line 829, in commit
    self._prepare_impl()
  File "C:\Users\kevin\Documents\Cephadex\.venv\Lib\site-packages\sqlalchemy\orm\session.py", line 808, in _prepare_impl
    self.session.flush()
  File "C:\Users\kevin\Documents\Cephadex\.venv\Lib\site-packages\sqlalchemy\orm\session.py", line 3444, in flush
    self._flush(objects)
  File "C:\Users\kevin\Documents\Cephadex\.venv\Lib\site-packages\sqlalchemy\orm\session.py", line 3583, in _flush
    with util.safe_reraise():
  File "C:\Users\kevin\Documents\Cephadex\.venv\Lib\site-packages\sqlalchemy\util\langhelpers.py", line 70, in __exit__
    compat.raise_(
  File "C:\Users\kevin\Documents\Cephadex\.venv\Lib\site-packages\sqlalchemy\util\compat.py", line 211, in raise_
    raise exception
  File "C:\Users\kevin\Documents\Cephadex\.venv\Lib\site-packages\sqlalchemy\orm\session.py", line 3544, in _flush
    flush_context.execute()
  File "C:\Users\kevin\Documents\Cephadex\.venv\Lib\site-packages\sqlalchemy\orm\unitofwork.py", line 456, in execute
    rec.execute(self)
  File "C:\Users\kevin\Documents\Cephadex\.venv\Lib\site-packages\sqlalchemy\orm\unitofwork.py", line 667, in execute
    util.preloaded.orm_persistence.delete_obj(
  File "C:\Users\kevin\Documents\Cephadex\.venv\Lib\site-packages\sqlalchemy\orm\persistence.py", line 343, in delete_obj
    _emit_delete_statements(
  File "C:\Users\kevin\Documents\Cephadex\.venv\Lib\site-packages\sqlalchemy\orm\persistence.py", line 1468, in _emit_delete_statements
    c = connection._execute_20(
        ^^^^^^^^^^^^^^^^^^^^^^^
  File "C:\Users\kevin\Documents\Cephadex\.venv\Lib\site-packages\sqlalchemy\engine\base.py", line 1705, in _execute_20
    return meth(self, args_10style, kwargs_10style, execution_options)
           ^^^^^^^^^^^^^^^^^^^^^^^^^^^^^^^^^^^^^^^^^^^^^^^^^^^^^^^^^^^
  File "C:\Users\kevin\Documents\Cephadex\.venv\Lib\site-packages\sqlalchemy\sql\elements.py", line 334, in _execute_on_connection
    return connection._execute_clauseelement(
           ^^^^^^^^^^^^^^^^^^^^^^^^^^^^^^^^^^
  File "C:\Users\kevin\Documents\Cephadex\.venv\Lib\site-packages\sqlalchemy\engine\base.py", line 1572, in _execute_clauseelement
    ret = self._execute_context(
          ^^^^^^^^^^^^^^^^^^^^^^
  File "C:\Users\kevin\Documents\Cephadex\.venv\Lib\site-packages\sqlalchemy\engine\base.py", line 1943, in _execute_context
    self._handle_dbapi_exception(
  File "C:\Users\kevin\Documents\Cephadex\.venv\Lib\site-packages\sqlalchemy\engine\base.py", line 2124, in _handle_dbapi_exception
    util.raise_(
  File "C:\Users\kevin\Documents\Cephadex\.venv\Lib\site-packages\sqlalchemy\util\compat.py", line 211, in raise_
    raise exception
  File "C:\Users\kevin\Documents\Cephadex\.venv\Lib\site-packages\sqlalchemy\engine\base.py", line 1900, in _execute_context
    self.dialect.do_execute(
  File "C:\Users\kevin\Documents\Cephadex\.venv\Lib\site-packages\sqlalchemy\engine\default.py", line 736, in do_execute
    cursor.execute(statement, parameters)
  File "C:\Users\kevin\Documents\Cephadex\.venv\Lib\site-packages\mysql\connector\cursor_cext.py", line 330, in execute
    result = self._cnx.cmd_query(
             ^^^^^^^^^^^^^^^^^^^^
  File "C:\Users\kevin\Documents\Cephadex\.venv\Lib\site-packages\mysql\connector\connection_cext.py", line 616, in cmd_query
    raise get_mysql_exception(
sqlalchemy.exc.IntegrityError: (mysql.connector.errors.IntegrityError) 1451 (23000): Cannot delete or update a parent row: a foreign key constraint fails (`mysqldb1`.`game`, CONSTRAINT `game_ibfk_3` FOREIGN KEY (`deck_id`) REFERENCES `deck` (`id`))
[SQL: DELETE FROM deck WHERE deck.id = %(id)s]
[parameters: {'id': 54}]
(Background on this error at: https://sqlalche.me/e/14/gkpj)
2023-08-26 16:11:15,436 - flask_app - ERROR - Exception occurred in function delete. Extra info: No extra info provided.
Traceback (most recent call last):
  File "C:\Users\kevin\Documents\Cephadex\.venv\Lib\site-packages\mysql\connector\connection_cext.py", line 608, in cmd_query
    self._cmysql.query(
_mysql_connector.MySQLInterfaceError: Cannot delete or update a parent row: a foreign key constraint fails (`mysqldb1`.`deck_attributes`, CONSTRAINT `deck_attributes_ibfk_1` FOREIGN KEY (`deck_id`) REFERENCES `deck` (`id`))

The above exception was the direct cause of the following exception:

Traceback (most recent call last):
  File "C:\Users\kevin\Documents\Cephadex\.venv\Lib\site-packages\sqlalchemy\engine\base.py", line 1900, in _execute_context
    self.dialect.do_execute(
  File "C:\Users\kevin\Documents\Cephadex\.venv\Lib\site-packages\sqlalchemy\engine\default.py", line 736, in do_execute
    cursor.execute(statement, parameters)
  File "C:\Users\kevin\Documents\Cephadex\.venv\Lib\site-packages\mysql\connector\cursor_cext.py", line 330, in execute
    result = self._cnx.cmd_query(
             ^^^^^^^^^^^^^^^^^^^^
  File "C:\Users\kevin\Documents\Cephadex\.venv\Lib\site-packages\mysql\connector\connection_cext.py", line 616, in cmd_query
    raise get_mysql_exception(
mysql.connector.errors.IntegrityError: 1451 (23000): Cannot delete or update a parent row: a foreign key constraint fails (`mysqldb1`.`deck_attributes`, CONSTRAINT `deck_attributes_ibfk_1` FOREIGN KEY (`deck_id`) REFERENCES `deck` (`id`))

The above exception was the direct cause of the following exception:

Traceback (most recent call last):
  File "C:\Users\kevin\Documents\Cephadex\cards\models\helpers\log_decorators.py", line 17, in wrapper
    result = f(*args, **kwargs)
             ^^^^^^^^^^^^^^^^^^
  File "C:\Users\kevin\Documents\Cephadex\cards\views\deck_bp.py", line 106, in delete
    db.session.commit()
  File "<string>", line 2, in commit
  File "C:\Users\kevin\Documents\Cephadex\.venv\Lib\site-packages\sqlalchemy\orm\session.py", line 1451, in commit
    self._transaction.commit(_to_root=self.future)
  File "C:\Users\kevin\Documents\Cephadex\.venv\Lib\site-packages\sqlalchemy\orm\session.py", line 829, in commit
    self._prepare_impl()
  File "C:\Users\kevin\Documents\Cephadex\.venv\Lib\site-packages\sqlalchemy\orm\session.py", line 808, in _prepare_impl
    self.session.flush()
  File "C:\Users\kevin\Documents\Cephadex\.venv\Lib\site-packages\sqlalchemy\orm\session.py", line 3444, in flush
    self._flush(objects)
  File "C:\Users\kevin\Documents\Cephadex\.venv\Lib\site-packages\sqlalchemy\orm\session.py", line 3583, in _flush
    with util.safe_reraise():
  File "C:\Users\kevin\Documents\Cephadex\.venv\Lib\site-packages\sqlalchemy\util\langhelpers.py", line 70, in __exit__
    compat.raise_(
  File "C:\Users\kevin\Documents\Cephadex\.venv\Lib\site-packages\sqlalchemy\util\compat.py", line 211, in raise_
    raise exception
  File "C:\Users\kevin\Documents\Cephadex\.venv\Lib\site-packages\sqlalchemy\orm\session.py", line 3544, in _flush
    flush_context.execute()
  File "C:\Users\kevin\Documents\Cephadex\.venv\Lib\site-packages\sqlalchemy\orm\unitofwork.py", line 456, in execute
    rec.execute(self)
  File "C:\Users\kevin\Documents\Cephadex\.venv\Lib\site-packages\sqlalchemy\orm\unitofwork.py", line 667, in execute
    util.preloaded.orm_persistence.delete_obj(
  File "C:\Users\kevin\Documents\Cephadex\.venv\Lib\site-packages\sqlalchemy\orm\persistence.py", line 343, in delete_obj
    _emit_delete_statements(
  File "C:\Users\kevin\Documents\Cephadex\.venv\Lib\site-packages\sqlalchemy\orm\persistence.py", line 1468, in _emit_delete_statements
    c = connection._execute_20(
        ^^^^^^^^^^^^^^^^^^^^^^^
  File "C:\Users\kevin\Documents\Cephadex\.venv\Lib\site-packages\sqlalchemy\engine\base.py", line 1705, in _execute_20
    return meth(self, args_10style, kwargs_10style, execution_options)
           ^^^^^^^^^^^^^^^^^^^^^^^^^^^^^^^^^^^^^^^^^^^^^^^^^^^^^^^^^^^
  File "C:\Users\kevin\Documents\Cephadex\.venv\Lib\site-packages\sqlalchemy\sql\elements.py", line 334, in _execute_on_connection
    return connection._execute_clauseelement(
           ^^^^^^^^^^^^^^^^^^^^^^^^^^^^^^^^^^
  File "C:\Users\kevin\Documents\Cephadex\.venv\Lib\site-packages\sqlalchemy\engine\base.py", line 1572, in _execute_clauseelement
    ret = self._execute_context(
          ^^^^^^^^^^^^^^^^^^^^^^
  File "C:\Users\kevin\Documents\Cephadex\.venv\Lib\site-packages\sqlalchemy\engine\base.py", line 1943, in _execute_context
    self._handle_dbapi_exception(
  File "C:\Users\kevin\Documents\Cephadex\.venv\Lib\site-packages\sqlalchemy\engine\base.py", line 2124, in _handle_dbapi_exception
    util.raise_(
  File "C:\Users\kevin\Documents\Cephadex\.venv\Lib\site-packages\sqlalchemy\util\compat.py", line 211, in raise_
    raise exception
  File "C:\Users\kevin\Documents\Cephadex\.venv\Lib\site-packages\sqlalchemy\engine\base.py", line 1900, in _execute_context
    self.dialect.do_execute(
  File "C:\Users\kevin\Documents\Cephadex\.venv\Lib\site-packages\sqlalchemy\engine\default.py", line 736, in do_execute
    cursor.execute(statement, parameters)
  File "C:\Users\kevin\Documents\Cephadex\.venv\Lib\site-packages\mysql\connector\cursor_cext.py", line 330, in execute
    result = self._cnx.cmd_query(
             ^^^^^^^^^^^^^^^^^^^^
  File "C:\Users\kevin\Documents\Cephadex\.venv\Lib\site-packages\mysql\connector\connection_cext.py", line 616, in cmd_query
    raise get_mysql_exception(
sqlalchemy.exc.IntegrityError: (mysql.connector.errors.IntegrityError) 1451 (23000): Cannot delete or update a parent row: a foreign key constraint fails (`mysqldb1`.`deck_attributes`, CONSTRAINT `deck_attributes_ibfk_1` FOREIGN KEY (`deck_id`) REFERENCES `deck` (`id`))
[SQL: DELETE FROM deck WHERE deck.id = %(id)s]
[parameters: {'id': 559}]
(Background on this error at: https://sqlalche.me/e/14/gkpj)
2023-08-26 16:11:20,700 - flask_app - ERROR - Exception occurred in function delete. Extra info: No extra info provided.
Traceback (most recent call last):
  File "C:\Users\kevin\Documents\Cephadex\.venv\Lib\site-packages\mysql\connector\connection_cext.py", line 608, in cmd_query
    self._cmysql.query(
_mysql_connector.MySQLInterfaceError: Cannot delete or update a parent row: a foreign key constraint fails (`mysqldb1`.`deck_attributes`, CONSTRAINT `deck_attributes_ibfk_1` FOREIGN KEY (`deck_id`) REFERENCES `deck` (`id`))

The above exception was the direct cause of the following exception:

Traceback (most recent call last):
  File "C:\Users\kevin\Documents\Cephadex\.venv\Lib\site-packages\sqlalchemy\engine\base.py", line 1900, in _execute_context
    self.dialect.do_execute(
  File "C:\Users\kevin\Documents\Cephadex\.venv\Lib\site-packages\sqlalchemy\engine\default.py", line 736, in do_execute
    cursor.execute(statement, parameters)
  File "C:\Users\kevin\Documents\Cephadex\.venv\Lib\site-packages\mysql\connector\cursor_cext.py", line 330, in execute
    result = self._cnx.cmd_query(
             ^^^^^^^^^^^^^^^^^^^^
  File "C:\Users\kevin\Documents\Cephadex\.venv\Lib\site-packages\mysql\connector\connection_cext.py", line 616, in cmd_query
    raise get_mysql_exception(
mysql.connector.errors.IntegrityError: 1451 (23000): Cannot delete or update a parent row: a foreign key constraint fails (`mysqldb1`.`deck_attributes`, CONSTRAINT `deck_attributes_ibfk_1` FOREIGN KEY (`deck_id`) REFERENCES `deck` (`id`))

The above exception was the direct cause of the following exception:

Traceback (most recent call last):
  File "C:\Users\kevin\Documents\Cephadex\cards\models\helpers\log_decorators.py", line 17, in wrapper
    result = f(*args, **kwargs)
             ^^^^^^^^^^^^^^^^^^
  File "C:\Users\kevin\Documents\Cephadex\cards\views\deck_bp.py", line 106, in delete
    db.session.commit()
  File "<string>", line 2, in commit
  File "C:\Users\kevin\Documents\Cephadex\.venv\Lib\site-packages\sqlalchemy\orm\session.py", line 1451, in commit
    self._transaction.commit(_to_root=self.future)
  File "C:\Users\kevin\Documents\Cephadex\.venv\Lib\site-packages\sqlalchemy\orm\session.py", line 829, in commit
    self._prepare_impl()
  File "C:\Users\kevin\Documents\Cephadex\.venv\Lib\site-packages\sqlalchemy\orm\session.py", line 808, in _prepare_impl
    self.session.flush()
  File "C:\Users\kevin\Documents\Cephadex\.venv\Lib\site-packages\sqlalchemy\orm\session.py", line 3444, in flush
    self._flush(objects)
  File "C:\Users\kevin\Documents\Cephadex\.venv\Lib\site-packages\sqlalchemy\orm\session.py", line 3583, in _flush
    with util.safe_reraise():
  File "C:\Users\kevin\Documents\Cephadex\.venv\Lib\site-packages\sqlalchemy\util\langhelpers.py", line 70, in __exit__
    compat.raise_(
  File "C:\Users\kevin\Documents\Cephadex\.venv\Lib\site-packages\sqlalchemy\util\compat.py", line 211, in raise_
    raise exception
  File "C:\Users\kevin\Documents\Cephadex\.venv\Lib\site-packages\sqlalchemy\orm\session.py", line 3544, in _flush
    flush_context.execute()
  File "C:\Users\kevin\Documents\Cephadex\.venv\Lib\site-packages\sqlalchemy\orm\unitofwork.py", line 456, in execute
    rec.execute(self)
  File "C:\Users\kevin\Documents\Cephadex\.venv\Lib\site-packages\sqlalchemy\orm\unitofwork.py", line 667, in execute
    util.preloaded.orm_persistence.delete_obj(
  File "C:\Users\kevin\Documents\Cephadex\.venv\Lib\site-packages\sqlalchemy\orm\persistence.py", line 343, in delete_obj
    _emit_delete_statements(
  File "C:\Users\kevin\Documents\Cephadex\.venv\Lib\site-packages\sqlalchemy\orm\persistence.py", line 1468, in _emit_delete_statements
    c = connection._execute_20(
        ^^^^^^^^^^^^^^^^^^^^^^^
  File "C:\Users\kevin\Documents\Cephadex\.venv\Lib\site-packages\sqlalchemy\engine\base.py", line 1705, in _execute_20
    return meth(self, args_10style, kwargs_10style, execution_options)
           ^^^^^^^^^^^^^^^^^^^^^^^^^^^^^^^^^^^^^^^^^^^^^^^^^^^^^^^^^^^
  File "C:\Users\kevin\Documents\Cephadex\.venv\Lib\site-packages\sqlalchemy\sql\elements.py", line 334, in _execute_on_connection
    return connection._execute_clauseelement(
           ^^^^^^^^^^^^^^^^^^^^^^^^^^^^^^^^^^
  File "C:\Users\kevin\Documents\Cephadex\.venv\Lib\site-packages\sqlalchemy\engine\base.py", line 1572, in _execute_clauseelement
    ret = self._execute_context(
          ^^^^^^^^^^^^^^^^^^^^^^
  File "C:\Users\kevin\Documents\Cephadex\.venv\Lib\site-packages\sqlalchemy\engine\base.py", line 1943, in _execute_context
    self._handle_dbapi_exception(
  File "C:\Users\kevin\Documents\Cephadex\.venv\Lib\site-packages\sqlalchemy\engine\base.py", line 2124, in _handle_dbapi_exception
    util.raise_(
  File "C:\Users\kevin\Documents\Cephadex\.venv\Lib\site-packages\sqlalchemy\util\compat.py", line 211, in raise_
    raise exception
  File "C:\Users\kevin\Documents\Cephadex\.venv\Lib\site-packages\sqlalchemy\engine\base.py", line 1900, in _execute_context
    self.dialect.do_execute(
  File "C:\Users\kevin\Documents\Cephadex\.venv\Lib\site-packages\sqlalchemy\engine\default.py", line 736, in do_execute
    cursor.execute(statement, parameters)
  File "C:\Users\kevin\Documents\Cephadex\.venv\Lib\site-packages\mysql\connector\cursor_cext.py", line 330, in execute
    result = self._cnx.cmd_query(
             ^^^^^^^^^^^^^^^^^^^^
  File "C:\Users\kevin\Documents\Cephadex\.venv\Lib\site-packages\mysql\connector\connection_cext.py", line 616, in cmd_query
    raise get_mysql_exception(
sqlalchemy.exc.IntegrityError: (mysql.connector.errors.IntegrityError) 1451 (23000): Cannot delete or update a parent row: a foreign key constraint fails (`mysqldb1`.`deck_attributes`, CONSTRAINT `deck_attributes_ibfk_1` FOREIGN KEY (`deck_id`) REFERENCES `deck` (`id`))
[SQL: DELETE FROM deck WHERE deck.id = %(id)s]
[parameters: {'id': 556}]
(Background on this error at: https://sqlalche.me/e/14/gkpj)
2023-08-26 16:11:29,088 - flask_app - ERROR - Exception occurred in function delete. Extra info: No extra info provided.
Traceback (most recent call last):
  File "C:\Users\kevin\Documents\Cephadex\.venv\Lib\site-packages\mysql\connector\connection_cext.py", line 608, in cmd_query
    self._cmysql.query(
_mysql_connector.MySQLInterfaceError: Cannot delete or update a parent row: a foreign key constraint fails (`mysqldb1`.`deck_attributes`, CONSTRAINT `deck_attributes_ibfk_1` FOREIGN KEY (`deck_id`) REFERENCES `deck` (`id`))

The above exception was the direct cause of the following exception:

Traceback (most recent call last):
  File "C:\Users\kevin\Documents\Cephadex\.venv\Lib\site-packages\sqlalchemy\engine\base.py", line 1900, in _execute_context
    self.dialect.do_execute(
  File "C:\Users\kevin\Documents\Cephadex\.venv\Lib\site-packages\sqlalchemy\engine\default.py", line 736, in do_execute
    cursor.execute(statement, parameters)
  File "C:\Users\kevin\Documents\Cephadex\.venv\Lib\site-packages\mysql\connector\cursor_cext.py", line 330, in execute
    result = self._cnx.cmd_query(
             ^^^^^^^^^^^^^^^^^^^^
  File "C:\Users\kevin\Documents\Cephadex\.venv\Lib\site-packages\mysql\connector\connection_cext.py", line 616, in cmd_query
    raise get_mysql_exception(
mysql.connector.errors.IntegrityError: 1451 (23000): Cannot delete or update a parent row: a foreign key constraint fails (`mysqldb1`.`deck_attributes`, CONSTRAINT `deck_attributes_ibfk_1` FOREIGN KEY (`deck_id`) REFERENCES `deck` (`id`))

The above exception was the direct cause of the following exception:

Traceback (most recent call last):
  File "C:\Users\kevin\Documents\Cephadex\cards\models\helpers\log_decorators.py", line 17, in wrapper
    result = f(*args, **kwargs)
             ^^^^^^^^^^^^^^^^^^
  File "C:\Users\kevin\Documents\Cephadex\cards\views\deck_bp.py", line 106, in delete
    db.session.commit()
  File "<string>", line 2, in commit
  File "C:\Users\kevin\Documents\Cephadex\.venv\Lib\site-packages\sqlalchemy\orm\session.py", line 1451, in commit
    self._transaction.commit(_to_root=self.future)
  File "C:\Users\kevin\Documents\Cephadex\.venv\Lib\site-packages\sqlalchemy\orm\session.py", line 829, in commit
    self._prepare_impl()
  File "C:\Users\kevin\Documents\Cephadex\.venv\Lib\site-packages\sqlalchemy\orm\session.py", line 808, in _prepare_impl
    self.session.flush()
  File "C:\Users\kevin\Documents\Cephadex\.venv\Lib\site-packages\sqlalchemy\orm\session.py", line 3444, in flush
    self._flush(objects)
  File "C:\Users\kevin\Documents\Cephadex\.venv\Lib\site-packages\sqlalchemy\orm\session.py", line 3583, in _flush
    with util.safe_reraise():
  File "C:\Users\kevin\Documents\Cephadex\.venv\Lib\site-packages\sqlalchemy\util\langhelpers.py", line 70, in __exit__
    compat.raise_(
  File "C:\Users\kevin\Documents\Cephadex\.venv\Lib\site-packages\sqlalchemy\util\compat.py", line 211, in raise_
    raise exception
  File "C:\Users\kevin\Documents\Cephadex\.venv\Lib\site-packages\sqlalchemy\orm\session.py", line 3544, in _flush
    flush_context.execute()
  File "C:\Users\kevin\Documents\Cephadex\.venv\Lib\site-packages\sqlalchemy\orm\unitofwork.py", line 456, in execute
    rec.execute(self)
  File "C:\Users\kevin\Documents\Cephadex\.venv\Lib\site-packages\sqlalchemy\orm\unitofwork.py", line 667, in execute
    util.preloaded.orm_persistence.delete_obj(
  File "C:\Users\kevin\Documents\Cephadex\.venv\Lib\site-packages\sqlalchemy\orm\persistence.py", line 343, in delete_obj
    _emit_delete_statements(
  File "C:\Users\kevin\Documents\Cephadex\.venv\Lib\site-packages\sqlalchemy\orm\persistence.py", line 1468, in _emit_delete_statements
    c = connection._execute_20(
        ^^^^^^^^^^^^^^^^^^^^^^^
  File "C:\Users\kevin\Documents\Cephadex\.venv\Lib\site-packages\sqlalchemy\engine\base.py", line 1705, in _execute_20
    return meth(self, args_10style, kwargs_10style, execution_options)
           ^^^^^^^^^^^^^^^^^^^^^^^^^^^^^^^^^^^^^^^^^^^^^^^^^^^^^^^^^^^
  File "C:\Users\kevin\Documents\Cephadex\.venv\Lib\site-packages\sqlalchemy\sql\elements.py", line 334, in _execute_on_connection
    return connection._execute_clauseelement(
           ^^^^^^^^^^^^^^^^^^^^^^^^^^^^^^^^^^
  File "C:\Users\kevin\Documents\Cephadex\.venv\Lib\site-packages\sqlalchemy\engine\base.py", line 1572, in _execute_clauseelement
    ret = self._execute_context(
          ^^^^^^^^^^^^^^^^^^^^^^
  File "C:\Users\kevin\Documents\Cephadex\.venv\Lib\site-packages\sqlalchemy\engine\base.py", line 1943, in _execute_context
    self._handle_dbapi_exception(
  File "C:\Users\kevin\Documents\Cephadex\.venv\Lib\site-packages\sqlalchemy\engine\base.py", line 2124, in _handle_dbapi_exception
    util.raise_(
  File "C:\Users\kevin\Documents\Cephadex\.venv\Lib\site-packages\sqlalchemy\util\compat.py", line 211, in raise_
    raise exception
  File "C:\Users\kevin\Documents\Cephadex\.venv\Lib\site-packages\sqlalchemy\engine\base.py", line 1900, in _execute_context
    self.dialect.do_execute(
  File "C:\Users\kevin\Documents\Cephadex\.venv\Lib\site-packages\sqlalchemy\engine\default.py", line 736, in do_execute
    cursor.execute(statement, parameters)
  File "C:\Users\kevin\Documents\Cephadex\.venv\Lib\site-packages\mysql\connector\cursor_cext.py", line 330, in execute
    result = self._cnx.cmd_query(
             ^^^^^^^^^^^^^^^^^^^^
  File "C:\Users\kevin\Documents\Cephadex\.venv\Lib\site-packages\mysql\connector\connection_cext.py", line 616, in cmd_query
    raise get_mysql_exception(
sqlalchemy.exc.IntegrityError: (mysql.connector.errors.IntegrityError) 1451 (23000): Cannot delete or update a parent row: a foreign key constraint fails (`mysqldb1`.`deck_attributes`, CONSTRAINT `deck_attributes_ibfk_1` FOREIGN KEY (`deck_id`) REFERENCES `deck` (`id`))
[SQL: DELETE FROM deck WHERE deck.id = %(id)s]
[parameters: {'id': 771}]
(Background on this error at: https://sqlalche.me/e/14/gkpj)
2023-08-26 16:11:30,949 - flask_app - ERROR - Exception occurred in function delete. Extra info: No extra info provided.
Traceback (most recent call last):
  File "C:\Users\kevin\Documents\Cephadex\.venv\Lib\site-packages\mysql\connector\connection_cext.py", line 608, in cmd_query
    self._cmysql.query(
_mysql_connector.MySQLInterfaceError: Cannot delete or update a parent row: a foreign key constraint fails (`mysqldb1`.`deck_attributes`, CONSTRAINT `deck_attributes_ibfk_1` FOREIGN KEY (`deck_id`) REFERENCES `deck` (`id`))

The above exception was the direct cause of the following exception:

Traceback (most recent call last):
  File "C:\Users\kevin\Documents\Cephadex\.venv\Lib\site-packages\sqlalchemy\engine\base.py", line 1900, in _execute_context
    self.dialect.do_execute(
  File "C:\Users\kevin\Documents\Cephadex\.venv\Lib\site-packages\sqlalchemy\engine\default.py", line 736, in do_execute
    cursor.execute(statement, parameters)
  File "C:\Users\kevin\Documents\Cephadex\.venv\Lib\site-packages\mysql\connector\cursor_cext.py", line 330, in execute
    result = self._cnx.cmd_query(
             ^^^^^^^^^^^^^^^^^^^^
  File "C:\Users\kevin\Documents\Cephadex\.venv\Lib\site-packages\mysql\connector\connection_cext.py", line 616, in cmd_query
    raise get_mysql_exception(
mysql.connector.errors.IntegrityError: 1451 (23000): Cannot delete or update a parent row: a foreign key constraint fails (`mysqldb1`.`deck_attributes`, CONSTRAINT `deck_attributes_ibfk_1` FOREIGN KEY (`deck_id`) REFERENCES `deck` (`id`))

The above exception was the direct cause of the following exception:

Traceback (most recent call last):
  File "C:\Users\kevin\Documents\Cephadex\cards\models\helpers\log_decorators.py", line 17, in wrapper
    result = f(*args, **kwargs)
             ^^^^^^^^^^^^^^^^^^
  File "C:\Users\kevin\Documents\Cephadex\cards\views\deck_bp.py", line 106, in delete
    db.session.commit()
  File "<string>", line 2, in commit
  File "C:\Users\kevin\Documents\Cephadex\.venv\Lib\site-packages\sqlalchemy\orm\session.py", line 1451, in commit
    self._transaction.commit(_to_root=self.future)
  File "C:\Users\kevin\Documents\Cephadex\.venv\Lib\site-packages\sqlalchemy\orm\session.py", line 829, in commit
    self._prepare_impl()
  File "C:\Users\kevin\Documents\Cephadex\.venv\Lib\site-packages\sqlalchemy\orm\session.py", line 808, in _prepare_impl
    self.session.flush()
  File "C:\Users\kevin\Documents\Cephadex\.venv\Lib\site-packages\sqlalchemy\orm\session.py", line 3444, in flush
    self._flush(objects)
  File "C:\Users\kevin\Documents\Cephadex\.venv\Lib\site-packages\sqlalchemy\orm\session.py", line 3583, in _flush
    with util.safe_reraise():
  File "C:\Users\kevin\Documents\Cephadex\.venv\Lib\site-packages\sqlalchemy\util\langhelpers.py", line 70, in __exit__
    compat.raise_(
  File "C:\Users\kevin\Documents\Cephadex\.venv\Lib\site-packages\sqlalchemy\util\compat.py", line 211, in raise_
    raise exception
  File "C:\Users\kevin\Documents\Cephadex\.venv\Lib\site-packages\sqlalchemy\orm\session.py", line 3544, in _flush
    flush_context.execute()
  File "C:\Users\kevin\Documents\Cephadex\.venv\Lib\site-packages\sqlalchemy\orm\unitofwork.py", line 456, in execute
    rec.execute(self)
  File "C:\Users\kevin\Documents\Cephadex\.venv\Lib\site-packages\sqlalchemy\orm\unitofwork.py", line 667, in execute
    util.preloaded.orm_persistence.delete_obj(
  File "C:\Users\kevin\Documents\Cephadex\.venv\Lib\site-packages\sqlalchemy\orm\persistence.py", line 343, in delete_obj
    _emit_delete_statements(
  File "C:\Users\kevin\Documents\Cephadex\.venv\Lib\site-packages\sqlalchemy\orm\persistence.py", line 1468, in _emit_delete_statements
    c = connection._execute_20(
        ^^^^^^^^^^^^^^^^^^^^^^^
  File "C:\Users\kevin\Documents\Cephadex\.venv\Lib\site-packages\sqlalchemy\engine\base.py", line 1705, in _execute_20
    return meth(self, args_10style, kwargs_10style, execution_options)
           ^^^^^^^^^^^^^^^^^^^^^^^^^^^^^^^^^^^^^^^^^^^^^^^^^^^^^^^^^^^
  File "C:\Users\kevin\Documents\Cephadex\.venv\Lib\site-packages\sqlalchemy\sql\elements.py", line 334, in _execute_on_connection
    return connection._execute_clauseelement(
           ^^^^^^^^^^^^^^^^^^^^^^^^^^^^^^^^^^
  File "C:\Users\kevin\Documents\Cephadex\.venv\Lib\site-packages\sqlalchemy\engine\base.py", line 1572, in _execute_clauseelement
    ret = self._execute_context(
          ^^^^^^^^^^^^^^^^^^^^^^
  File "C:\Users\kevin\Documents\Cephadex\.venv\Lib\site-packages\sqlalchemy\engine\base.py", line 1943, in _execute_context
    self._handle_dbapi_exception(
  File "C:\Users\kevin\Documents\Cephadex\.venv\Lib\site-packages\sqlalchemy\engine\base.py", line 2124, in _handle_dbapi_exception
    util.raise_(
  File "C:\Users\kevin\Documents\Cephadex\.venv\Lib\site-packages\sqlalchemy\util\compat.py", line 211, in raise_
    raise exception
  File "C:\Users\kevin\Documents\Cephadex\.venv\Lib\site-packages\sqlalchemy\engine\base.py", line 1900, in _execute_context
    self.dialect.do_execute(
  File "C:\Users\kevin\Documents\Cephadex\.venv\Lib\site-packages\sqlalchemy\engine\default.py", line 736, in do_execute
    cursor.execute(statement, parameters)
  File "C:\Users\kevin\Documents\Cephadex\.venv\Lib\site-packages\mysql\connector\cursor_cext.py", line 330, in execute
    result = self._cnx.cmd_query(
             ^^^^^^^^^^^^^^^^^^^^
  File "C:\Users\kevin\Documents\Cephadex\.venv\Lib\site-packages\mysql\connector\connection_cext.py", line 616, in cmd_query
    raise get_mysql_exception(
sqlalchemy.exc.IntegrityError: (mysql.connector.errors.IntegrityError) 1451 (23000): Cannot delete or update a parent row: a foreign key constraint fails (`mysqldb1`.`deck_attributes`, CONSTRAINT `deck_attributes_ibfk_1` FOREIGN KEY (`deck_id`) REFERENCES `deck` (`id`))
[SQL: DELETE FROM deck WHERE deck.id = %(id)s]
[parameters: {'id': 767}]
(Background on this error at: https://sqlalche.me/e/14/gkpj)
2023-08-26 16:11:33,371 - flask_app - ERROR - Exception occurred in function delete. Extra info: No extra info provided.
Traceback (most recent call last):
  File "C:\Users\kevin\Documents\Cephadex\.venv\Lib\site-packages\mysql\connector\connection_cext.py", line 608, in cmd_query
    self._cmysql.query(
_mysql_connector.MySQLInterfaceError: Cannot delete or update a parent row: a foreign key constraint fails (`mysqldb1`.`deck_attributes`, CONSTRAINT `deck_attributes_ibfk_1` FOREIGN KEY (`deck_id`) REFERENCES `deck` (`id`))

The above exception was the direct cause of the following exception:

Traceback (most recent call last):
  File "C:\Users\kevin\Documents\Cephadex\.venv\Lib\site-packages\sqlalchemy\engine\base.py", line 1900, in _execute_context
    self.dialect.do_execute(
  File "C:\Users\kevin\Documents\Cephadex\.venv\Lib\site-packages\sqlalchemy\engine\default.py", line 736, in do_execute
    cursor.execute(statement, parameters)
  File "C:\Users\kevin\Documents\Cephadex\.venv\Lib\site-packages\mysql\connector\cursor_cext.py", line 330, in execute
    result = self._cnx.cmd_query(
             ^^^^^^^^^^^^^^^^^^^^
  File "C:\Users\kevin\Documents\Cephadex\.venv\Lib\site-packages\mysql\connector\connection_cext.py", line 616, in cmd_query
    raise get_mysql_exception(
mysql.connector.errors.IntegrityError: 1451 (23000): Cannot delete or update a parent row: a foreign key constraint fails (`mysqldb1`.`deck_attributes`, CONSTRAINT `deck_attributes_ibfk_1` FOREIGN KEY (`deck_id`) REFERENCES `deck` (`id`))

The above exception was the direct cause of the following exception:

Traceback (most recent call last):
  File "C:\Users\kevin\Documents\Cephadex\cards\models\helpers\log_decorators.py", line 17, in wrapper
    result = f(*args, **kwargs)
             ^^^^^^^^^^^^^^^^^^
  File "C:\Users\kevin\Documents\Cephadex\cards\views\deck_bp.py", line 106, in delete
    db.session.commit()
  File "<string>", line 2, in commit
  File "C:\Users\kevin\Documents\Cephadex\.venv\Lib\site-packages\sqlalchemy\orm\session.py", line 1451, in commit
    self._transaction.commit(_to_root=self.future)
  File "C:\Users\kevin\Documents\Cephadex\.venv\Lib\site-packages\sqlalchemy\orm\session.py", line 829, in commit
    self._prepare_impl()
  File "C:\Users\kevin\Documents\Cephadex\.venv\Lib\site-packages\sqlalchemy\orm\session.py", line 808, in _prepare_impl
    self.session.flush()
  File "C:\Users\kevin\Documents\Cephadex\.venv\Lib\site-packages\sqlalchemy\orm\session.py", line 3444, in flush
    self._flush(objects)
  File "C:\Users\kevin\Documents\Cephadex\.venv\Lib\site-packages\sqlalchemy\orm\session.py", line 3583, in _flush
    with util.safe_reraise():
  File "C:\Users\kevin\Documents\Cephadex\.venv\Lib\site-packages\sqlalchemy\util\langhelpers.py", line 70, in __exit__
    compat.raise_(
  File "C:\Users\kevin\Documents\Cephadex\.venv\Lib\site-packages\sqlalchemy\util\compat.py", line 211, in raise_
    raise exception
  File "C:\Users\kevin\Documents\Cephadex\.venv\Lib\site-packages\sqlalchemy\orm\session.py", line 3544, in _flush
    flush_context.execute()
  File "C:\Users\kevin\Documents\Cephadex\.venv\Lib\site-packages\sqlalchemy\orm\unitofwork.py", line 456, in execute
    rec.execute(self)
  File "C:\Users\kevin\Documents\Cephadex\.venv\Lib\site-packages\sqlalchemy\orm\unitofwork.py", line 667, in execute
    util.preloaded.orm_persistence.delete_obj(
  File "C:\Users\kevin\Documents\Cephadex\.venv\Lib\site-packages\sqlalchemy\orm\persistence.py", line 343, in delete_obj
    _emit_delete_statements(
  File "C:\Users\kevin\Documents\Cephadex\.venv\Lib\site-packages\sqlalchemy\orm\persistence.py", line 1468, in _emit_delete_statements
    c = connection._execute_20(
        ^^^^^^^^^^^^^^^^^^^^^^^
  File "C:\Users\kevin\Documents\Cephadex\.venv\Lib\site-packages\sqlalchemy\engine\base.py", line 1705, in _execute_20
    return meth(self, args_10style, kwargs_10style, execution_options)
           ^^^^^^^^^^^^^^^^^^^^^^^^^^^^^^^^^^^^^^^^^^^^^^^^^^^^^^^^^^^
  File "C:\Users\kevin\Documents\Cephadex\.venv\Lib\site-packages\sqlalchemy\sql\elements.py", line 334, in _execute_on_connection
    return connection._execute_clauseelement(
           ^^^^^^^^^^^^^^^^^^^^^^^^^^^^^^^^^^
  File "C:\Users\kevin\Documents\Cephadex\.venv\Lib\site-packages\sqlalchemy\engine\base.py", line 1572, in _execute_clauseelement
    ret = self._execute_context(
          ^^^^^^^^^^^^^^^^^^^^^^
  File "C:\Users\kevin\Documents\Cephadex\.venv\Lib\site-packages\sqlalchemy\engine\base.py", line 1943, in _execute_context
    self._handle_dbapi_exception(
  File "C:\Users\kevin\Documents\Cephadex\.venv\Lib\site-packages\sqlalchemy\engine\base.py", line 2124, in _handle_dbapi_exception
    util.raise_(
  File "C:\Users\kevin\Documents\Cephadex\.venv\Lib\site-packages\sqlalchemy\util\compat.py", line 211, in raise_
    raise exception
  File "C:\Users\kevin\Documents\Cephadex\.venv\Lib\site-packages\sqlalchemy\engine\base.py", line 1900, in _execute_context
    self.dialect.do_execute(
  File "C:\Users\kevin\Documents\Cephadex\.venv\Lib\site-packages\sqlalchemy\engine\default.py", line 736, in do_execute
    cursor.execute(statement, parameters)
  File "C:\Users\kevin\Documents\Cephadex\.venv\Lib\site-packages\mysql\connector\cursor_cext.py", line 330, in execute
    result = self._cnx.cmd_query(
             ^^^^^^^^^^^^^^^^^^^^
  File "C:\Users\kevin\Documents\Cephadex\.venv\Lib\site-packages\mysql\connector\connection_cext.py", line 616, in cmd_query
    raise get_mysql_exception(
sqlalchemy.exc.IntegrityError: (mysql.connector.errors.IntegrityError) 1451 (23000): Cannot delete or update a parent row: a foreign key constraint fails (`mysqldb1`.`deck_attributes`, CONSTRAINT `deck_attributes_ibfk_1` FOREIGN KEY (`deck_id`) REFERENCES `deck` (`id`))
[SQL: DELETE FROM deck WHERE deck.id = %(id)s]
[parameters: {'id': 763}]
(Background on this error at: https://sqlalche.me/e/14/gkpj)
2023-08-26 16:11:35,179 - flask_app - ERROR - Exception occurred in function delete. Extra info: No extra info provided.
Traceback (most recent call last):
  File "C:\Users\kevin\Documents\Cephadex\.venv\Lib\site-packages\mysql\connector\connection_cext.py", line 608, in cmd_query
    self._cmysql.query(
_mysql_connector.MySQLInterfaceError: Cannot delete or update a parent row: a foreign key constraint fails (`mysqldb1`.`deck_attributes`, CONSTRAINT `deck_attributes_ibfk_1` FOREIGN KEY (`deck_id`) REFERENCES `deck` (`id`))

The above exception was the direct cause of the following exception:

Traceback (most recent call last):
  File "C:\Users\kevin\Documents\Cephadex\.venv\Lib\site-packages\sqlalchemy\engine\base.py", line 1900, in _execute_context
    self.dialect.do_execute(
  File "C:\Users\kevin\Documents\Cephadex\.venv\Lib\site-packages\sqlalchemy\engine\default.py", line 736, in do_execute
    cursor.execute(statement, parameters)
  File "C:\Users\kevin\Documents\Cephadex\.venv\Lib\site-packages\mysql\connector\cursor_cext.py", line 330, in execute
    result = self._cnx.cmd_query(
             ^^^^^^^^^^^^^^^^^^^^
  File "C:\Users\kevin\Documents\Cephadex\.venv\Lib\site-packages\mysql\connector\connection_cext.py", line 616, in cmd_query
    raise get_mysql_exception(
mysql.connector.errors.IntegrityError: 1451 (23000): Cannot delete or update a parent row: a foreign key constraint fails (`mysqldb1`.`deck_attributes`, CONSTRAINT `deck_attributes_ibfk_1` FOREIGN KEY (`deck_id`) REFERENCES `deck` (`id`))

The above exception was the direct cause of the following exception:

Traceback (most recent call last):
  File "C:\Users\kevin\Documents\Cephadex\cards\models\helpers\log_decorators.py", line 17, in wrapper
    result = f(*args, **kwargs)
             ^^^^^^^^^^^^^^^^^^
  File "C:\Users\kevin\Documents\Cephadex\cards\views\deck_bp.py", line 106, in delete
    db.session.commit()
  File "<string>", line 2, in commit
  File "C:\Users\kevin\Documents\Cephadex\.venv\Lib\site-packages\sqlalchemy\orm\session.py", line 1451, in commit
    self._transaction.commit(_to_root=self.future)
  File "C:\Users\kevin\Documents\Cephadex\.venv\Lib\site-packages\sqlalchemy\orm\session.py", line 829, in commit
    self._prepare_impl()
  File "C:\Users\kevin\Documents\Cephadex\.venv\Lib\site-packages\sqlalchemy\orm\session.py", line 808, in _prepare_impl
    self.session.flush()
  File "C:\Users\kevin\Documents\Cephadex\.venv\Lib\site-packages\sqlalchemy\orm\session.py", line 3444, in flush
    self._flush(objects)
  File "C:\Users\kevin\Documents\Cephadex\.venv\Lib\site-packages\sqlalchemy\orm\session.py", line 3583, in _flush
    with util.safe_reraise():
  File "C:\Users\kevin\Documents\Cephadex\.venv\Lib\site-packages\sqlalchemy\util\langhelpers.py", line 70, in __exit__
    compat.raise_(
  File "C:\Users\kevin\Documents\Cephadex\.venv\Lib\site-packages\sqlalchemy\util\compat.py", line 211, in raise_
    raise exception
  File "C:\Users\kevin\Documents\Cephadex\.venv\Lib\site-packages\sqlalchemy\orm\session.py", line 3544, in _flush
    flush_context.execute()
  File "C:\Users\kevin\Documents\Cephadex\.venv\Lib\site-packages\sqlalchemy\orm\unitofwork.py", line 456, in execute
    rec.execute(self)
  File "C:\Users\kevin\Documents\Cephadex\.venv\Lib\site-packages\sqlalchemy\orm\unitofwork.py", line 667, in execute
    util.preloaded.orm_persistence.delete_obj(
  File "C:\Users\kevin\Documents\Cephadex\.venv\Lib\site-packages\sqlalchemy\orm\persistence.py", line 343, in delete_obj
    _emit_delete_statements(
  File "C:\Users\kevin\Documents\Cephadex\.venv\Lib\site-packages\sqlalchemy\orm\persistence.py", line 1468, in _emit_delete_statements
    c = connection._execute_20(
        ^^^^^^^^^^^^^^^^^^^^^^^
  File "C:\Users\kevin\Documents\Cephadex\.venv\Lib\site-packages\sqlalchemy\engine\base.py", line 1705, in _execute_20
    return meth(self, args_10style, kwargs_10style, execution_options)
           ^^^^^^^^^^^^^^^^^^^^^^^^^^^^^^^^^^^^^^^^^^^^^^^^^^^^^^^^^^^
  File "C:\Users\kevin\Documents\Cephadex\.venv\Lib\site-packages\sqlalchemy\sql\elements.py", line 334, in _execute_on_connection
    return connection._execute_clauseelement(
           ^^^^^^^^^^^^^^^^^^^^^^^^^^^^^^^^^^
  File "C:\Users\kevin\Documents\Cephadex\.venv\Lib\site-packages\sqlalchemy\engine\base.py", line 1572, in _execute_clauseelement
    ret = self._execute_context(
          ^^^^^^^^^^^^^^^^^^^^^^
  File "C:\Users\kevin\Documents\Cephadex\.venv\Lib\site-packages\sqlalchemy\engine\base.py", line 1943, in _execute_context
    self._handle_dbapi_exception(
  File "C:\Users\kevin\Documents\Cephadex\.venv\Lib\site-packages\sqlalchemy\engine\base.py", line 2124, in _handle_dbapi_exception
    util.raise_(
  File "C:\Users\kevin\Documents\Cephadex\.venv\Lib\site-packages\sqlalchemy\util\compat.py", line 211, in raise_
    raise exception
  File "C:\Users\kevin\Documents\Cephadex\.venv\Lib\site-packages\sqlalchemy\engine\base.py", line 1900, in _execute_context
    self.dialect.do_execute(
  File "C:\Users\kevin\Documents\Cephadex\.venv\Lib\site-packages\sqlalchemy\engine\default.py", line 736, in do_execute
    cursor.execute(statement, parameters)
  File "C:\Users\kevin\Documents\Cephadex\.venv\Lib\site-packages\mysql\connector\cursor_cext.py", line 330, in execute
    result = self._cnx.cmd_query(
             ^^^^^^^^^^^^^^^^^^^^
  File "C:\Users\kevin\Documents\Cephadex\.venv\Lib\site-packages\mysql\connector\connection_cext.py", line 616, in cmd_query
    raise get_mysql_exception(
sqlalchemy.exc.IntegrityError: (mysql.connector.errors.IntegrityError) 1451 (23000): Cannot delete or update a parent row: a foreign key constraint fails (`mysqldb1`.`deck_attributes`, CONSTRAINT `deck_attributes_ibfk_1` FOREIGN KEY (`deck_id`) REFERENCES `deck` (`id`))
[SQL: DELETE FROM deck WHERE deck.id = %(id)s]
[parameters: {'id': 759}]
(Background on this error at: https://sqlalche.me/e/14/gkpj)
2023-08-26 16:11:38,260 - flask_app - ERROR - Exception occurred in function delete. Extra info: No extra info provided.
Traceback (most recent call last):
  File "C:\Users\kevin\Documents\Cephadex\.venv\Lib\site-packages\mysql\connector\connection_cext.py", line 608, in cmd_query
    self._cmysql.query(
_mysql_connector.MySQLInterfaceError: Cannot delete or update a parent row: a foreign key constraint fails (`mysqldb1`.`deck_attributes`, CONSTRAINT `deck_attributes_ibfk_1` FOREIGN KEY (`deck_id`) REFERENCES `deck` (`id`))

The above exception was the direct cause of the following exception:

Traceback (most recent call last):
  File "C:\Users\kevin\Documents\Cephadex\.venv\Lib\site-packages\sqlalchemy\engine\base.py", line 1900, in _execute_context
    self.dialect.do_execute(
  File "C:\Users\kevin\Documents\Cephadex\.venv\Lib\site-packages\sqlalchemy\engine\default.py", line 736, in do_execute
    cursor.execute(statement, parameters)
  File "C:\Users\kevin\Documents\Cephadex\.venv\Lib\site-packages\mysql\connector\cursor_cext.py", line 330, in execute
    result = self._cnx.cmd_query(
             ^^^^^^^^^^^^^^^^^^^^
  File "C:\Users\kevin\Documents\Cephadex\.venv\Lib\site-packages\mysql\connector\connection_cext.py", line 616, in cmd_query
    raise get_mysql_exception(
mysql.connector.errors.IntegrityError: 1451 (23000): Cannot delete or update a parent row: a foreign key constraint fails (`mysqldb1`.`deck_attributes`, CONSTRAINT `deck_attributes_ibfk_1` FOREIGN KEY (`deck_id`) REFERENCES `deck` (`id`))

The above exception was the direct cause of the following exception:

Traceback (most recent call last):
  File "C:\Users\kevin\Documents\Cephadex\cards\models\helpers\log_decorators.py", line 17, in wrapper
    result = f(*args, **kwargs)
             ^^^^^^^^^^^^^^^^^^
  File "C:\Users\kevin\Documents\Cephadex\cards\views\deck_bp.py", line 106, in delete
    db.session.commit()
  File "<string>", line 2, in commit
  File "C:\Users\kevin\Documents\Cephadex\.venv\Lib\site-packages\sqlalchemy\orm\session.py", line 1451, in commit
    self._transaction.commit(_to_root=self.future)
  File "C:\Users\kevin\Documents\Cephadex\.venv\Lib\site-packages\sqlalchemy\orm\session.py", line 829, in commit
    self._prepare_impl()
  File "C:\Users\kevin\Documents\Cephadex\.venv\Lib\site-packages\sqlalchemy\orm\session.py", line 808, in _prepare_impl
    self.session.flush()
  File "C:\Users\kevin\Documents\Cephadex\.venv\Lib\site-packages\sqlalchemy\orm\session.py", line 3444, in flush
    self._flush(objects)
  File "C:\Users\kevin\Documents\Cephadex\.venv\Lib\site-packages\sqlalchemy\orm\session.py", line 3583, in _flush
    with util.safe_reraise():
  File "C:\Users\kevin\Documents\Cephadex\.venv\Lib\site-packages\sqlalchemy\util\langhelpers.py", line 70, in __exit__
    compat.raise_(
  File "C:\Users\kevin\Documents\Cephadex\.venv\Lib\site-packages\sqlalchemy\util\compat.py", line 211, in raise_
    raise exception
  File "C:\Users\kevin\Documents\Cephadex\.venv\Lib\site-packages\sqlalchemy\orm\session.py", line 3544, in _flush
    flush_context.execute()
  File "C:\Users\kevin\Documents\Cephadex\.venv\Lib\site-packages\sqlalchemy\orm\unitofwork.py", line 456, in execute
    rec.execute(self)
  File "C:\Users\kevin\Documents\Cephadex\.venv\Lib\site-packages\sqlalchemy\orm\unitofwork.py", line 667, in execute
    util.preloaded.orm_persistence.delete_obj(
  File "C:\Users\kevin\Documents\Cephadex\.venv\Lib\site-packages\sqlalchemy\orm\persistence.py", line 343, in delete_obj
    _emit_delete_statements(
  File "C:\Users\kevin\Documents\Cephadex\.venv\Lib\site-packages\sqlalchemy\orm\persistence.py", line 1468, in _emit_delete_statements
    c = connection._execute_20(
        ^^^^^^^^^^^^^^^^^^^^^^^
  File "C:\Users\kevin\Documents\Cephadex\.venv\Lib\site-packages\sqlalchemy\engine\base.py", line 1705, in _execute_20
    return meth(self, args_10style, kwargs_10style, execution_options)
           ^^^^^^^^^^^^^^^^^^^^^^^^^^^^^^^^^^^^^^^^^^^^^^^^^^^^^^^^^^^
  File "C:\Users\kevin\Documents\Cephadex\.venv\Lib\site-packages\sqlalchemy\sql\elements.py", line 334, in _execute_on_connection
    return connection._execute_clauseelement(
           ^^^^^^^^^^^^^^^^^^^^^^^^^^^^^^^^^^
  File "C:\Users\kevin\Documents\Cephadex\.venv\Lib\site-packages\sqlalchemy\engine\base.py", line 1572, in _execute_clauseelement
    ret = self._execute_context(
          ^^^^^^^^^^^^^^^^^^^^^^
  File "C:\Users\kevin\Documents\Cephadex\.venv\Lib\site-packages\sqlalchemy\engine\base.py", line 1943, in _execute_context
    self._handle_dbapi_exception(
  File "C:\Users\kevin\Documents\Cephadex\.venv\Lib\site-packages\sqlalchemy\engine\base.py", line 2124, in _handle_dbapi_exception
    util.raise_(
  File "C:\Users\kevin\Documents\Cephadex\.venv\Lib\site-packages\sqlalchemy\util\compat.py", line 211, in raise_
    raise exception
  File "C:\Users\kevin\Documents\Cephadex\.venv\Lib\site-packages\sqlalchemy\engine\base.py", line 1900, in _execute_context
    self.dialect.do_execute(
  File "C:\Users\kevin\Documents\Cephadex\.venv\Lib\site-packages\sqlalchemy\engine\default.py", line 736, in do_execute
    cursor.execute(statement, parameters)
  File "C:\Users\kevin\Documents\Cephadex\.venv\Lib\site-packages\mysql\connector\cursor_cext.py", line 330, in execute
    result = self._cnx.cmd_query(
             ^^^^^^^^^^^^^^^^^^^^
  File "C:\Users\kevin\Documents\Cephadex\.venv\Lib\site-packages\mysql\connector\connection_cext.py", line 616, in cmd_query
    raise get_mysql_exception(
sqlalchemy.exc.IntegrityError: (mysql.connector.errors.IntegrityError) 1451 (23000): Cannot delete or update a parent row: a foreign key constraint fails (`mysqldb1`.`deck_attributes`, CONSTRAINT `deck_attributes_ibfk_1` FOREIGN KEY (`deck_id`) REFERENCES `deck` (`id`))
[SQL: DELETE FROM deck WHERE deck.id = %(id)s]
[parameters: {'id': 755}]
(Background on this error at: https://sqlalche.me/e/14/gkpj)
2023-08-26 16:11:39,911 - flask_app - ERROR - Exception occurred in function delete. Extra info: No extra info provided.
Traceback (most recent call last):
  File "C:\Users\kevin\Documents\Cephadex\.venv\Lib\site-packages\mysql\connector\connection_cext.py", line 608, in cmd_query
    self._cmysql.query(
_mysql_connector.MySQLInterfaceError: Cannot delete or update a parent row: a foreign key constraint fails (`mysqldb1`.`deck_attributes`, CONSTRAINT `deck_attributes_ibfk_1` FOREIGN KEY (`deck_id`) REFERENCES `deck` (`id`))

The above exception was the direct cause of the following exception:

Traceback (most recent call last):
  File "C:\Users\kevin\Documents\Cephadex\.venv\Lib\site-packages\sqlalchemy\engine\base.py", line 1900, in _execute_context
    self.dialect.do_execute(
  File "C:\Users\kevin\Documents\Cephadex\.venv\Lib\site-packages\sqlalchemy\engine\default.py", line 736, in do_execute
    cursor.execute(statement, parameters)
  File "C:\Users\kevin\Documents\Cephadex\.venv\Lib\site-packages\mysql\connector\cursor_cext.py", line 330, in execute
    result = self._cnx.cmd_query(
             ^^^^^^^^^^^^^^^^^^^^
  File "C:\Users\kevin\Documents\Cephadex\.venv\Lib\site-packages\mysql\connector\connection_cext.py", line 616, in cmd_query
    raise get_mysql_exception(
mysql.connector.errors.IntegrityError: 1451 (23000): Cannot delete or update a parent row: a foreign key constraint fails (`mysqldb1`.`deck_attributes`, CONSTRAINT `deck_attributes_ibfk_1` FOREIGN KEY (`deck_id`) REFERENCES `deck` (`id`))

The above exception was the direct cause of the following exception:

Traceback (most recent call last):
  File "C:\Users\kevin\Documents\Cephadex\cards\models\helpers\log_decorators.py", line 17, in wrapper
    result = f(*args, **kwargs)
             ^^^^^^^^^^^^^^^^^^
  File "C:\Users\kevin\Documents\Cephadex\cards\views\deck_bp.py", line 106, in delete
    db.session.commit()
  File "<string>", line 2, in commit
  File "C:\Users\kevin\Documents\Cephadex\.venv\Lib\site-packages\sqlalchemy\orm\session.py", line 1451, in commit
    self._transaction.commit(_to_root=self.future)
  File "C:\Users\kevin\Documents\Cephadex\.venv\Lib\site-packages\sqlalchemy\orm\session.py", line 829, in commit
    self._prepare_impl()
  File "C:\Users\kevin\Documents\Cephadex\.venv\Lib\site-packages\sqlalchemy\orm\session.py", line 808, in _prepare_impl
    self.session.flush()
  File "C:\Users\kevin\Documents\Cephadex\.venv\Lib\site-packages\sqlalchemy\orm\session.py", line 3444, in flush
    self._flush(objects)
  File "C:\Users\kevin\Documents\Cephadex\.venv\Lib\site-packages\sqlalchemy\orm\session.py", line 3583, in _flush
    with util.safe_reraise():
  File "C:\Users\kevin\Documents\Cephadex\.venv\Lib\site-packages\sqlalchemy\util\langhelpers.py", line 70, in __exit__
    compat.raise_(
  File "C:\Users\kevin\Documents\Cephadex\.venv\Lib\site-packages\sqlalchemy\util\compat.py", line 211, in raise_
    raise exception
  File "C:\Users\kevin\Documents\Cephadex\.venv\Lib\site-packages\sqlalchemy\orm\session.py", line 3544, in _flush
    flush_context.execute()
  File "C:\Users\kevin\Documents\Cephadex\.venv\Lib\site-packages\sqlalchemy\orm\unitofwork.py", line 456, in execute
    rec.execute(self)
  File "C:\Users\kevin\Documents\Cephadex\.venv\Lib\site-packages\sqlalchemy\orm\unitofwork.py", line 667, in execute
    util.preloaded.orm_persistence.delete_obj(
  File "C:\Users\kevin\Documents\Cephadex\.venv\Lib\site-packages\sqlalchemy\orm\persistence.py", line 343, in delete_obj
    _emit_delete_statements(
  File "C:\Users\kevin\Documents\Cephadex\.venv\Lib\site-packages\sqlalchemy\orm\persistence.py", line 1468, in _emit_delete_statements
    c = connection._execute_20(
        ^^^^^^^^^^^^^^^^^^^^^^^
  File "C:\Users\kevin\Documents\Cephadex\.venv\Lib\site-packages\sqlalchemy\engine\base.py", line 1705, in _execute_20
    return meth(self, args_10style, kwargs_10style, execution_options)
           ^^^^^^^^^^^^^^^^^^^^^^^^^^^^^^^^^^^^^^^^^^^^^^^^^^^^^^^^^^^
  File "C:\Users\kevin\Documents\Cephadex\.venv\Lib\site-packages\sqlalchemy\sql\elements.py", line 334, in _execute_on_connection
    return connection._execute_clauseelement(
           ^^^^^^^^^^^^^^^^^^^^^^^^^^^^^^^^^^
  File "C:\Users\kevin\Documents\Cephadex\.venv\Lib\site-packages\sqlalchemy\engine\base.py", line 1572, in _execute_clauseelement
    ret = self._execute_context(
          ^^^^^^^^^^^^^^^^^^^^^^
  File "C:\Users\kevin\Documents\Cephadex\.venv\Lib\site-packages\sqlalchemy\engine\base.py", line 1943, in _execute_context
    self._handle_dbapi_exception(
  File "C:\Users\kevin\Documents\Cephadex\.venv\Lib\site-packages\sqlalchemy\engine\base.py", line 2124, in _handle_dbapi_exception
    util.raise_(
  File "C:\Users\kevin\Documents\Cephadex\.venv\Lib\site-packages\sqlalchemy\util\compat.py", line 211, in raise_
    raise exception
  File "C:\Users\kevin\Documents\Cephadex\.venv\Lib\site-packages\sqlalchemy\engine\base.py", line 1900, in _execute_context
    self.dialect.do_execute(
  File "C:\Users\kevin\Documents\Cephadex\.venv\Lib\site-packages\sqlalchemy\engine\default.py", line 736, in do_execute
    cursor.execute(statement, parameters)
  File "C:\Users\kevin\Documents\Cephadex\.venv\Lib\site-packages\mysql\connector\cursor_cext.py", line 330, in execute
    result = self._cnx.cmd_query(
             ^^^^^^^^^^^^^^^^^^^^
  File "C:\Users\kevin\Documents\Cephadex\.venv\Lib\site-packages\mysql\connector\connection_cext.py", line 616, in cmd_query
    raise get_mysql_exception(
sqlalchemy.exc.IntegrityError: (mysql.connector.errors.IntegrityError) 1451 (23000): Cannot delete or update a parent row: a foreign key constraint fails (`mysqldb1`.`deck_attributes`, CONSTRAINT `deck_attributes_ibfk_1` FOREIGN KEY (`deck_id`) REFERENCES `deck` (`id`))
[SQL: DELETE FROM deck WHERE deck.id = %(id)s]
[parameters: {'id': 753}]
(Background on this error at: https://sqlalche.me/e/14/gkpj)
2023-08-26 16:11:42,654 - flask_app - ERROR - Exception occurred in function delete. Extra info: No extra info provided.
Traceback (most recent call last):
  File "C:\Users\kevin\Documents\Cephadex\.venv\Lib\site-packages\mysql\connector\connection_cext.py", line 608, in cmd_query
    self._cmysql.query(
_mysql_connector.MySQLInterfaceError: Cannot delete or update a parent row: a foreign key constraint fails (`mysqldb1`.`deck_attributes`, CONSTRAINT `deck_attributes_ibfk_1` FOREIGN KEY (`deck_id`) REFERENCES `deck` (`id`))

The above exception was the direct cause of the following exception:

Traceback (most recent call last):
  File "C:\Users\kevin\Documents\Cephadex\.venv\Lib\site-packages\sqlalchemy\engine\base.py", line 1900, in _execute_context
    self.dialect.do_execute(
  File "C:\Users\kevin\Documents\Cephadex\.venv\Lib\site-packages\sqlalchemy\engine\default.py", line 736, in do_execute
    cursor.execute(statement, parameters)
  File "C:\Users\kevin\Documents\Cephadex\.venv\Lib\site-packages\mysql\connector\cursor_cext.py", line 330, in execute
    result = self._cnx.cmd_query(
             ^^^^^^^^^^^^^^^^^^^^
  File "C:\Users\kevin\Documents\Cephadex\.venv\Lib\site-packages\mysql\connector\connection_cext.py", line 616, in cmd_query
    raise get_mysql_exception(
mysql.connector.errors.IntegrityError: 1451 (23000): Cannot delete or update a parent row: a foreign key constraint fails (`mysqldb1`.`deck_attributes`, CONSTRAINT `deck_attributes_ibfk_1` FOREIGN KEY (`deck_id`) REFERENCES `deck` (`id`))

The above exception was the direct cause of the following exception:

Traceback (most recent call last):
  File "C:\Users\kevin\Documents\Cephadex\cards\models\helpers\log_decorators.py", line 17, in wrapper
    result = f(*args, **kwargs)
             ^^^^^^^^^^^^^^^^^^
  File "C:\Users\kevin\Documents\Cephadex\cards\views\deck_bp.py", line 106, in delete
    db.session.commit()
  File "<string>", line 2, in commit
  File "C:\Users\kevin\Documents\Cephadex\.venv\Lib\site-packages\sqlalchemy\orm\session.py", line 1451, in commit
    self._transaction.commit(_to_root=self.future)
  File "C:\Users\kevin\Documents\Cephadex\.venv\Lib\site-packages\sqlalchemy\orm\session.py", line 829, in commit
    self._prepare_impl()
  File "C:\Users\kevin\Documents\Cephadex\.venv\Lib\site-packages\sqlalchemy\orm\session.py", line 808, in _prepare_impl
    self.session.flush()
  File "C:\Users\kevin\Documents\Cephadex\.venv\Lib\site-packages\sqlalchemy\orm\session.py", line 3444, in flush
    self._flush(objects)
  File "C:\Users\kevin\Documents\Cephadex\.venv\Lib\site-packages\sqlalchemy\orm\session.py", line 3583, in _flush
    with util.safe_reraise():
  File "C:\Users\kevin\Documents\Cephadex\.venv\Lib\site-packages\sqlalchemy\util\langhelpers.py", line 70, in __exit__
    compat.raise_(
  File "C:\Users\kevin\Documents\Cephadex\.venv\Lib\site-packages\sqlalchemy\util\compat.py", line 211, in raise_
    raise exception
  File "C:\Users\kevin\Documents\Cephadex\.venv\Lib\site-packages\sqlalchemy\orm\session.py", line 3544, in _flush
    flush_context.execute()
  File "C:\Users\kevin\Documents\Cephadex\.venv\Lib\site-packages\sqlalchemy\orm\unitofwork.py", line 456, in execute
    rec.execute(self)
  File "C:\Users\kevin\Documents\Cephadex\.venv\Lib\site-packages\sqlalchemy\orm\unitofwork.py", line 667, in execute
    util.preloaded.orm_persistence.delete_obj(
  File "C:\Users\kevin\Documents\Cephadex\.venv\Lib\site-packages\sqlalchemy\orm\persistence.py", line 343, in delete_obj
    _emit_delete_statements(
  File "C:\Users\kevin\Documents\Cephadex\.venv\Lib\site-packages\sqlalchemy\orm\persistence.py", line 1468, in _emit_delete_statements
    c = connection._execute_20(
        ^^^^^^^^^^^^^^^^^^^^^^^
  File "C:\Users\kevin\Documents\Cephadex\.venv\Lib\site-packages\sqlalchemy\engine\base.py", line 1705, in _execute_20
    return meth(self, args_10style, kwargs_10style, execution_options)
           ^^^^^^^^^^^^^^^^^^^^^^^^^^^^^^^^^^^^^^^^^^^^^^^^^^^^^^^^^^^
  File "C:\Users\kevin\Documents\Cephadex\.venv\Lib\site-packages\sqlalchemy\sql\elements.py", line 334, in _execute_on_connection
    return connection._execute_clauseelement(
           ^^^^^^^^^^^^^^^^^^^^^^^^^^^^^^^^^^
  File "C:\Users\kevin\Documents\Cephadex\.venv\Lib\site-packages\sqlalchemy\engine\base.py", line 1572, in _execute_clauseelement
    ret = self._execute_context(
          ^^^^^^^^^^^^^^^^^^^^^^
  File "C:\Users\kevin\Documents\Cephadex\.venv\Lib\site-packages\sqlalchemy\engine\base.py", line 1943, in _execute_context
    self._handle_dbapi_exception(
  File "C:\Users\kevin\Documents\Cephadex\.venv\Lib\site-packages\sqlalchemy\engine\base.py", line 2124, in _handle_dbapi_exception
    util.raise_(
  File "C:\Users\kevin\Documents\Cephadex\.venv\Lib\site-packages\sqlalchemy\util\compat.py", line 211, in raise_
    raise exception
  File "C:\Users\kevin\Documents\Cephadex\.venv\Lib\site-packages\sqlalchemy\engine\base.py", line 1900, in _execute_context
    self.dialect.do_execute(
  File "C:\Users\kevin\Documents\Cephadex\.venv\Lib\site-packages\sqlalchemy\engine\default.py", line 736, in do_execute
    cursor.execute(statement, parameters)
  File "C:\Users\kevin\Documents\Cephadex\.venv\Lib\site-packages\mysql\connector\cursor_cext.py", line 330, in execute
    result = self._cnx.cmd_query(
             ^^^^^^^^^^^^^^^^^^^^
  File "C:\Users\kevin\Documents\Cephadex\.venv\Lib\site-packages\mysql\connector\connection_cext.py", line 616, in cmd_query
    raise get_mysql_exception(
sqlalchemy.exc.IntegrityError: (mysql.connector.errors.IntegrityError) 1451 (23000): Cannot delete or update a parent row: a foreign key constraint fails (`mysqldb1`.`deck_attributes`, CONSTRAINT `deck_attributes_ibfk_1` FOREIGN KEY (`deck_id`) REFERENCES `deck` (`id`))
[SQL: DELETE FROM deck WHERE deck.id = %(id)s]
[parameters: {'id': 769}]
(Background on this error at: https://sqlalche.me/e/14/gkpj)
2023-08-26 16:11:44,515 - flask_app - ERROR - Exception occurred in function delete. Extra info: No extra info provided.
Traceback (most recent call last):
  File "C:\Users\kevin\Documents\Cephadex\.venv\Lib\site-packages\mysql\connector\connection_cext.py", line 608, in cmd_query
    self._cmysql.query(
_mysql_connector.MySQLInterfaceError: Cannot delete or update a parent row: a foreign key constraint fails (`mysqldb1`.`deck_attributes`, CONSTRAINT `deck_attributes_ibfk_1` FOREIGN KEY (`deck_id`) REFERENCES `deck` (`id`))

The above exception was the direct cause of the following exception:

Traceback (most recent call last):
  File "C:\Users\kevin\Documents\Cephadex\.venv\Lib\site-packages\sqlalchemy\engine\base.py", line 1900, in _execute_context
    self.dialect.do_execute(
  File "C:\Users\kevin\Documents\Cephadex\.venv\Lib\site-packages\sqlalchemy\engine\default.py", line 736, in do_execute
    cursor.execute(statement, parameters)
  File "C:\Users\kevin\Documents\Cephadex\.venv\Lib\site-packages\mysql\connector\cursor_cext.py", line 330, in execute
    result = self._cnx.cmd_query(
             ^^^^^^^^^^^^^^^^^^^^
  File "C:\Users\kevin\Documents\Cephadex\.venv\Lib\site-packages\mysql\connector\connection_cext.py", line 616, in cmd_query
    raise get_mysql_exception(
mysql.connector.errors.IntegrityError: 1451 (23000): Cannot delete or update a parent row: a foreign key constraint fails (`mysqldb1`.`deck_attributes`, CONSTRAINT `deck_attributes_ibfk_1` FOREIGN KEY (`deck_id`) REFERENCES `deck` (`id`))

The above exception was the direct cause of the following exception:

Traceback (most recent call last):
  File "C:\Users\kevin\Documents\Cephadex\cards\models\helpers\log_decorators.py", line 17, in wrapper
    result = f(*args, **kwargs)
             ^^^^^^^^^^^^^^^^^^
  File "C:\Users\kevin\Documents\Cephadex\cards\views\deck_bp.py", line 106, in delete
    db.session.commit()
  File "<string>", line 2, in commit
  File "C:\Users\kevin\Documents\Cephadex\.venv\Lib\site-packages\sqlalchemy\orm\session.py", line 1451, in commit
    self._transaction.commit(_to_root=self.future)
  File "C:\Users\kevin\Documents\Cephadex\.venv\Lib\site-packages\sqlalchemy\orm\session.py", line 829, in commit
    self._prepare_impl()
  File "C:\Users\kevin\Documents\Cephadex\.venv\Lib\site-packages\sqlalchemy\orm\session.py", line 808, in _prepare_impl
    self.session.flush()
  File "C:\Users\kevin\Documents\Cephadex\.venv\Lib\site-packages\sqlalchemy\orm\session.py", line 3444, in flush
    self._flush(objects)
  File "C:\Users\kevin\Documents\Cephadex\.venv\Lib\site-packages\sqlalchemy\orm\session.py", line 3583, in _flush
    with util.safe_reraise():
  File "C:\Users\kevin\Documents\Cephadex\.venv\Lib\site-packages\sqlalchemy\util\langhelpers.py", line 70, in __exit__
    compat.raise_(
  File "C:\Users\kevin\Documents\Cephadex\.venv\Lib\site-packages\sqlalchemy\util\compat.py", line 211, in raise_
    raise exception
  File "C:\Users\kevin\Documents\Cephadex\.venv\Lib\site-packages\sqlalchemy\orm\session.py", line 3544, in _flush
    flush_context.execute()
  File "C:\Users\kevin\Documents\Cephadex\.venv\Lib\site-packages\sqlalchemy\orm\unitofwork.py", line 456, in execute
    rec.execute(self)
  File "C:\Users\kevin\Documents\Cephadex\.venv\Lib\site-packages\sqlalchemy\orm\unitofwork.py", line 667, in execute
    util.preloaded.orm_persistence.delete_obj(
  File "C:\Users\kevin\Documents\Cephadex\.venv\Lib\site-packages\sqlalchemy\orm\persistence.py", line 343, in delete_obj
    _emit_delete_statements(
  File "C:\Users\kevin\Documents\Cephadex\.venv\Lib\site-packages\sqlalchemy\orm\persistence.py", line 1468, in _emit_delete_statements
    c = connection._execute_20(
        ^^^^^^^^^^^^^^^^^^^^^^^
  File "C:\Users\kevin\Documents\Cephadex\.venv\Lib\site-packages\sqlalchemy\engine\base.py", line 1705, in _execute_20
    return meth(self, args_10style, kwargs_10style, execution_options)
           ^^^^^^^^^^^^^^^^^^^^^^^^^^^^^^^^^^^^^^^^^^^^^^^^^^^^^^^^^^^
  File "C:\Users\kevin\Documents\Cephadex\.venv\Lib\site-packages\sqlalchemy\sql\elements.py", line 334, in _execute_on_connection
    return connection._execute_clauseelement(
           ^^^^^^^^^^^^^^^^^^^^^^^^^^^^^^^^^^
  File "C:\Users\kevin\Documents\Cephadex\.venv\Lib\site-packages\sqlalchemy\engine\base.py", line 1572, in _execute_clauseelement
    ret = self._execute_context(
          ^^^^^^^^^^^^^^^^^^^^^^
  File "C:\Users\kevin\Documents\Cephadex\.venv\Lib\site-packages\sqlalchemy\engine\base.py", line 1943, in _execute_context
    self._handle_dbapi_exception(
  File "C:\Users\kevin\Documents\Cephadex\.venv\Lib\site-packages\sqlalchemy\engine\base.py", line 2124, in _handle_dbapi_exception
    util.raise_(
  File "C:\Users\kevin\Documents\Cephadex\.venv\Lib\site-packages\sqlalchemy\util\compat.py", line 211, in raise_
    raise exception
  File "C:\Users\kevin\Documents\Cephadex\.venv\Lib\site-packages\sqlalchemy\engine\base.py", line 1900, in _execute_context
    self.dialect.do_execute(
  File "C:\Users\kevin\Documents\Cephadex\.venv\Lib\site-packages\sqlalchemy\engine\default.py", line 736, in do_execute
    cursor.execute(statement, parameters)
  File "C:\Users\kevin\Documents\Cephadex\.venv\Lib\site-packages\mysql\connector\cursor_cext.py", line 330, in execute
    result = self._cnx.cmd_query(
             ^^^^^^^^^^^^^^^^^^^^
  File "C:\Users\kevin\Documents\Cephadex\.venv\Lib\site-packages\mysql\connector\connection_cext.py", line 616, in cmd_query
    raise get_mysql_exception(
sqlalchemy.exc.IntegrityError: (mysql.connector.errors.IntegrityError) 1451 (23000): Cannot delete or update a parent row: a foreign key constraint fails (`mysqldb1`.`deck_attributes`, CONSTRAINT `deck_attributes_ibfk_1` FOREIGN KEY (`deck_id`) REFERENCES `deck` (`id`))
[SQL: DELETE FROM deck WHERE deck.id = %(id)s]
[parameters: {'id': 765}]
(Background on this error at: https://sqlalche.me/e/14/gkpj)
2023-08-26 16:11:46,961 - flask_app - ERROR - Exception occurred in function delete. Extra info: No extra info provided.
Traceback (most recent call last):
  File "C:\Users\kevin\Documents\Cephadex\.venv\Lib\site-packages\mysql\connector\connection_cext.py", line 608, in cmd_query
    self._cmysql.query(
_mysql_connector.MySQLInterfaceError: Cannot delete or update a parent row: a foreign key constraint fails (`mysqldb1`.`deck_attributes`, CONSTRAINT `deck_attributes_ibfk_1` FOREIGN KEY (`deck_id`) REFERENCES `deck` (`id`))

The above exception was the direct cause of the following exception:

Traceback (most recent call last):
  File "C:\Users\kevin\Documents\Cephadex\.venv\Lib\site-packages\sqlalchemy\engine\base.py", line 1900, in _execute_context
    self.dialect.do_execute(
  File "C:\Users\kevin\Documents\Cephadex\.venv\Lib\site-packages\sqlalchemy\engine\default.py", line 736, in do_execute
    cursor.execute(statement, parameters)
  File "C:\Users\kevin\Documents\Cephadex\.venv\Lib\site-packages\mysql\connector\cursor_cext.py", line 330, in execute
    result = self._cnx.cmd_query(
             ^^^^^^^^^^^^^^^^^^^^
  File "C:\Users\kevin\Documents\Cephadex\.venv\Lib\site-packages\mysql\connector\connection_cext.py", line 616, in cmd_query
    raise get_mysql_exception(
mysql.connector.errors.IntegrityError: 1451 (23000): Cannot delete or update a parent row: a foreign key constraint fails (`mysqldb1`.`deck_attributes`, CONSTRAINT `deck_attributes_ibfk_1` FOREIGN KEY (`deck_id`) REFERENCES `deck` (`id`))

The above exception was the direct cause of the following exception:

Traceback (most recent call last):
  File "C:\Users\kevin\Documents\Cephadex\cards\models\helpers\log_decorators.py", line 17, in wrapper
    result = f(*args, **kwargs)
             ^^^^^^^^^^^^^^^^^^
  File "C:\Users\kevin\Documents\Cephadex\cards\views\deck_bp.py", line 106, in delete
    db.session.commit()
  File "<string>", line 2, in commit
  File "C:\Users\kevin\Documents\Cephadex\.venv\Lib\site-packages\sqlalchemy\orm\session.py", line 1451, in commit
    self._transaction.commit(_to_root=self.future)
  File "C:\Users\kevin\Documents\Cephadex\.venv\Lib\site-packages\sqlalchemy\orm\session.py", line 829, in commit
    self._prepare_impl()
  File "C:\Users\kevin\Documents\Cephadex\.venv\Lib\site-packages\sqlalchemy\orm\session.py", line 808, in _prepare_impl
    self.session.flush()
  File "C:\Users\kevin\Documents\Cephadex\.venv\Lib\site-packages\sqlalchemy\orm\session.py", line 3444, in flush
    self._flush(objects)
  File "C:\Users\kevin\Documents\Cephadex\.venv\Lib\site-packages\sqlalchemy\orm\session.py", line 3583, in _flush
    with util.safe_reraise():
  File "C:\Users\kevin\Documents\Cephadex\.venv\Lib\site-packages\sqlalchemy\util\langhelpers.py", line 70, in __exit__
    compat.raise_(
  File "C:\Users\kevin\Documents\Cephadex\.venv\Lib\site-packages\sqlalchemy\util\compat.py", line 211, in raise_
    raise exception
  File "C:\Users\kevin\Documents\Cephadex\.venv\Lib\site-packages\sqlalchemy\orm\session.py", line 3544, in _flush
    flush_context.execute()
  File "C:\Users\kevin\Documents\Cephadex\.venv\Lib\site-packages\sqlalchemy\orm\unitofwork.py", line 456, in execute
    rec.execute(self)
  File "C:\Users\kevin\Documents\Cephadex\.venv\Lib\site-packages\sqlalchemy\orm\unitofwork.py", line 667, in execute
    util.preloaded.orm_persistence.delete_obj(
  File "C:\Users\kevin\Documents\Cephadex\.venv\Lib\site-packages\sqlalchemy\orm\persistence.py", line 343, in delete_obj
    _emit_delete_statements(
  File "C:\Users\kevin\Documents\Cephadex\.venv\Lib\site-packages\sqlalchemy\orm\persistence.py", line 1468, in _emit_delete_statements
    c = connection._execute_20(
        ^^^^^^^^^^^^^^^^^^^^^^^
  File "C:\Users\kevin\Documents\Cephadex\.venv\Lib\site-packages\sqlalchemy\engine\base.py", line 1705, in _execute_20
    return meth(self, args_10style, kwargs_10style, execution_options)
           ^^^^^^^^^^^^^^^^^^^^^^^^^^^^^^^^^^^^^^^^^^^^^^^^^^^^^^^^^^^
  File "C:\Users\kevin\Documents\Cephadex\.venv\Lib\site-packages\sqlalchemy\sql\elements.py", line 334, in _execute_on_connection
    return connection._execute_clauseelement(
           ^^^^^^^^^^^^^^^^^^^^^^^^^^^^^^^^^^
  File "C:\Users\kevin\Documents\Cephadex\.venv\Lib\site-packages\sqlalchemy\engine\base.py", line 1572, in _execute_clauseelement
    ret = self._execute_context(
          ^^^^^^^^^^^^^^^^^^^^^^
  File "C:\Users\kevin\Documents\Cephadex\.venv\Lib\site-packages\sqlalchemy\engine\base.py", line 1943, in _execute_context
    self._handle_dbapi_exception(
  File "C:\Users\kevin\Documents\Cephadex\.venv\Lib\site-packages\sqlalchemy\engine\base.py", line 2124, in _handle_dbapi_exception
    util.raise_(
  File "C:\Users\kevin\Documents\Cephadex\.venv\Lib\site-packages\sqlalchemy\util\compat.py", line 211, in raise_
    raise exception
  File "C:\Users\kevin\Documents\Cephadex\.venv\Lib\site-packages\sqlalchemy\engine\base.py", line 1900, in _execute_context
    self.dialect.do_execute(
  File "C:\Users\kevin\Documents\Cephadex\.venv\Lib\site-packages\sqlalchemy\engine\default.py", line 736, in do_execute
    cursor.execute(statement, parameters)
  File "C:\Users\kevin\Documents\Cephadex\.venv\Lib\site-packages\mysql\connector\cursor_cext.py", line 330, in execute
    result = self._cnx.cmd_query(
             ^^^^^^^^^^^^^^^^^^^^
  File "C:\Users\kevin\Documents\Cephadex\.venv\Lib\site-packages\mysql\connector\connection_cext.py", line 616, in cmd_query
    raise get_mysql_exception(
sqlalchemy.exc.IntegrityError: (mysql.connector.errors.IntegrityError) 1451 (23000): Cannot delete or update a parent row: a foreign key constraint fails (`mysqldb1`.`deck_attributes`, CONSTRAINT `deck_attributes_ibfk_1` FOREIGN KEY (`deck_id`) REFERENCES `deck` (`id`))
[SQL: DELETE FROM deck WHERE deck.id = %(id)s]
[parameters: {'id': 761}]
(Background on this error at: https://sqlalche.me/e/14/gkpj)
2023-08-26 16:11:48,917 - flask_app - ERROR - Exception occurred in function delete. Extra info: No extra info provided.
Traceback (most recent call last):
  File "C:\Users\kevin\Documents\Cephadex\.venv\Lib\site-packages\mysql\connector\connection_cext.py", line 608, in cmd_query
    self._cmysql.query(
_mysql_connector.MySQLInterfaceError: Cannot delete or update a parent row: a foreign key constraint fails (`mysqldb1`.`deck_attributes`, CONSTRAINT `deck_attributes_ibfk_1` FOREIGN KEY (`deck_id`) REFERENCES `deck` (`id`))

The above exception was the direct cause of the following exception:

Traceback (most recent call last):
  File "C:\Users\kevin\Documents\Cephadex\.venv\Lib\site-packages\sqlalchemy\engine\base.py", line 1900, in _execute_context
    self.dialect.do_execute(
  File "C:\Users\kevin\Documents\Cephadex\.venv\Lib\site-packages\sqlalchemy\engine\default.py", line 736, in do_execute
    cursor.execute(statement, parameters)
  File "C:\Users\kevin\Documents\Cephadex\.venv\Lib\site-packages\mysql\connector\cursor_cext.py", line 330, in execute
    result = self._cnx.cmd_query(
             ^^^^^^^^^^^^^^^^^^^^
  File "C:\Users\kevin\Documents\Cephadex\.venv\Lib\site-packages\mysql\connector\connection_cext.py", line 616, in cmd_query
    raise get_mysql_exception(
mysql.connector.errors.IntegrityError: 1451 (23000): Cannot delete or update a parent row: a foreign key constraint fails (`mysqldb1`.`deck_attributes`, CONSTRAINT `deck_attributes_ibfk_1` FOREIGN KEY (`deck_id`) REFERENCES `deck` (`id`))

The above exception was the direct cause of the following exception:

Traceback (most recent call last):
  File "C:\Users\kevin\Documents\Cephadex\cards\models\helpers\log_decorators.py", line 17, in wrapper
    result = f(*args, **kwargs)
             ^^^^^^^^^^^^^^^^^^
  File "C:\Users\kevin\Documents\Cephadex\cards\views\deck_bp.py", line 106, in delete
    db.session.commit()
  File "<string>", line 2, in commit
  File "C:\Users\kevin\Documents\Cephadex\.venv\Lib\site-packages\sqlalchemy\orm\session.py", line 1451, in commit
    self._transaction.commit(_to_root=self.future)
  File "C:\Users\kevin\Documents\Cephadex\.venv\Lib\site-packages\sqlalchemy\orm\session.py", line 829, in commit
    self._prepare_impl()
  File "C:\Users\kevin\Documents\Cephadex\.venv\Lib\site-packages\sqlalchemy\orm\session.py", line 808, in _prepare_impl
    self.session.flush()
  File "C:\Users\kevin\Documents\Cephadex\.venv\Lib\site-packages\sqlalchemy\orm\session.py", line 3444, in flush
    self._flush(objects)
  File "C:\Users\kevin\Documents\Cephadex\.venv\Lib\site-packages\sqlalchemy\orm\session.py", line 3583, in _flush
    with util.safe_reraise():
  File "C:\Users\kevin\Documents\Cephadex\.venv\Lib\site-packages\sqlalchemy\util\langhelpers.py", line 70, in __exit__
    compat.raise_(
  File "C:\Users\kevin\Documents\Cephadex\.venv\Lib\site-packages\sqlalchemy\util\compat.py", line 211, in raise_
    raise exception
  File "C:\Users\kevin\Documents\Cephadex\.venv\Lib\site-packages\sqlalchemy\orm\session.py", line 3544, in _flush
    flush_context.execute()
  File "C:\Users\kevin\Documents\Cephadex\.venv\Lib\site-packages\sqlalchemy\orm\unitofwork.py", line 456, in execute
    rec.execute(self)
  File "C:\Users\kevin\Documents\Cephadex\.venv\Lib\site-packages\sqlalchemy\orm\unitofwork.py", line 667, in execute
    util.preloaded.orm_persistence.delete_obj(
  File "C:\Users\kevin\Documents\Cephadex\.venv\Lib\site-packages\sqlalchemy\orm\persistence.py", line 343, in delete_obj
    _emit_delete_statements(
  File "C:\Users\kevin\Documents\Cephadex\.venv\Lib\site-packages\sqlalchemy\orm\persistence.py", line 1468, in _emit_delete_statements
    c = connection._execute_20(
        ^^^^^^^^^^^^^^^^^^^^^^^
  File "C:\Users\kevin\Documents\Cephadex\.venv\Lib\site-packages\sqlalchemy\engine\base.py", line 1705, in _execute_20
    return meth(self, args_10style, kwargs_10style, execution_options)
           ^^^^^^^^^^^^^^^^^^^^^^^^^^^^^^^^^^^^^^^^^^^^^^^^^^^^^^^^^^^
  File "C:\Users\kevin\Documents\Cephadex\.venv\Lib\site-packages\sqlalchemy\sql\elements.py", line 334, in _execute_on_connection
    return connection._execute_clauseelement(
           ^^^^^^^^^^^^^^^^^^^^^^^^^^^^^^^^^^
  File "C:\Users\kevin\Documents\Cephadex\.venv\Lib\site-packages\sqlalchemy\engine\base.py", line 1572, in _execute_clauseelement
    ret = self._execute_context(
          ^^^^^^^^^^^^^^^^^^^^^^
  File "C:\Users\kevin\Documents\Cephadex\.venv\Lib\site-packages\sqlalchemy\engine\base.py", line 1943, in _execute_context
    self._handle_dbapi_exception(
  File "C:\Users\kevin\Documents\Cephadex\.venv\Lib\site-packages\sqlalchemy\engine\base.py", line 2124, in _handle_dbapi_exception
    util.raise_(
  File "C:\Users\kevin\Documents\Cephadex\.venv\Lib\site-packages\sqlalchemy\util\compat.py", line 211, in raise_
    raise exception
  File "C:\Users\kevin\Documents\Cephadex\.venv\Lib\site-packages\sqlalchemy\engine\base.py", line 1900, in _execute_context
    self.dialect.do_execute(
  File "C:\Users\kevin\Documents\Cephadex\.venv\Lib\site-packages\sqlalchemy\engine\default.py", line 736, in do_execute
    cursor.execute(statement, parameters)
  File "C:\Users\kevin\Documents\Cephadex\.venv\Lib\site-packages\mysql\connector\cursor_cext.py", line 330, in execute
    result = self._cnx.cmd_query(
             ^^^^^^^^^^^^^^^^^^^^
  File "C:\Users\kevin\Documents\Cephadex\.venv\Lib\site-packages\mysql\connector\connection_cext.py", line 616, in cmd_query
    raise get_mysql_exception(
sqlalchemy.exc.IntegrityError: (mysql.connector.errors.IntegrityError) 1451 (23000): Cannot delete or update a parent row: a foreign key constraint fails (`mysqldb1`.`deck_attributes`, CONSTRAINT `deck_attributes_ibfk_1` FOREIGN KEY (`deck_id`) REFERENCES `deck` (`id`))
[SQL: DELETE FROM deck WHERE deck.id = %(id)s]
[parameters: {'id': 757}]
(Background on this error at: https://sqlalche.me/e/14/gkpj)
2023-08-26 16:11:52,280 - flask_app - ERROR - Exception occurred in function delete. Extra info: No extra info provided.
Traceback (most recent call last):
  File "C:\Users\kevin\Documents\Cephadex\.venv\Lib\site-packages\mysql\connector\connection_cext.py", line 608, in cmd_query
    self._cmysql.query(
_mysql_connector.MySQLInterfaceError: Cannot delete or update a parent row: a foreign key constraint fails (`mysqldb1`.`deck_attributes`, CONSTRAINT `deck_attributes_ibfk_1` FOREIGN KEY (`deck_id`) REFERENCES `deck` (`id`))

The above exception was the direct cause of the following exception:

Traceback (most recent call last):
  File "C:\Users\kevin\Documents\Cephadex\.venv\Lib\site-packages\sqlalchemy\engine\base.py", line 1900, in _execute_context
    self.dialect.do_execute(
  File "C:\Users\kevin\Documents\Cephadex\.venv\Lib\site-packages\sqlalchemy\engine\default.py", line 736, in do_execute
    cursor.execute(statement, parameters)
  File "C:\Users\kevin\Documents\Cephadex\.venv\Lib\site-packages\mysql\connector\cursor_cext.py", line 330, in execute
    result = self._cnx.cmd_query(
             ^^^^^^^^^^^^^^^^^^^^
  File "C:\Users\kevin\Documents\Cephadex\.venv\Lib\site-packages\mysql\connector\connection_cext.py", line 616, in cmd_query
    raise get_mysql_exception(
mysql.connector.errors.IntegrityError: 1451 (23000): Cannot delete or update a parent row: a foreign key constraint fails (`mysqldb1`.`deck_attributes`, CONSTRAINT `deck_attributes_ibfk_1` FOREIGN KEY (`deck_id`) REFERENCES `deck` (`id`))

The above exception was the direct cause of the following exception:

Traceback (most recent call last):
  File "C:\Users\kevin\Documents\Cephadex\cards\models\helpers\log_decorators.py", line 17, in wrapper
    result = f(*args, **kwargs)
             ^^^^^^^^^^^^^^^^^^
  File "C:\Users\kevin\Documents\Cephadex\cards\views\deck_bp.py", line 106, in delete
    db.session.commit()
  File "<string>", line 2, in commit
  File "C:\Users\kevin\Documents\Cephadex\.venv\Lib\site-packages\sqlalchemy\orm\session.py", line 1451, in commit
    self._transaction.commit(_to_root=self.future)
  File "C:\Users\kevin\Documents\Cephadex\.venv\Lib\site-packages\sqlalchemy\orm\session.py", line 829, in commit
    self._prepare_impl()
  File "C:\Users\kevin\Documents\Cephadex\.venv\Lib\site-packages\sqlalchemy\orm\session.py", line 808, in _prepare_impl
    self.session.flush()
  File "C:\Users\kevin\Documents\Cephadex\.venv\Lib\site-packages\sqlalchemy\orm\session.py", line 3444, in flush
    self._flush(objects)
  File "C:\Users\kevin\Documents\Cephadex\.venv\Lib\site-packages\sqlalchemy\orm\session.py", line 3583, in _flush
    with util.safe_reraise():
  File "C:\Users\kevin\Documents\Cephadex\.venv\Lib\site-packages\sqlalchemy\util\langhelpers.py", line 70, in __exit__
    compat.raise_(
  File "C:\Users\kevin\Documents\Cephadex\.venv\Lib\site-packages\sqlalchemy\util\compat.py", line 211, in raise_
    raise exception
  File "C:\Users\kevin\Documents\Cephadex\.venv\Lib\site-packages\sqlalchemy\orm\session.py", line 3544, in _flush
    flush_context.execute()
  File "C:\Users\kevin\Documents\Cephadex\.venv\Lib\site-packages\sqlalchemy\orm\unitofwork.py", line 456, in execute
    rec.execute(self)
  File "C:\Users\kevin\Documents\Cephadex\.venv\Lib\site-packages\sqlalchemy\orm\unitofwork.py", line 667, in execute
    util.preloaded.orm_persistence.delete_obj(
  File "C:\Users\kevin\Documents\Cephadex\.venv\Lib\site-packages\sqlalchemy\orm\persistence.py", line 343, in delete_obj
    _emit_delete_statements(
  File "C:\Users\kevin\Documents\Cephadex\.venv\Lib\site-packages\sqlalchemy\orm\persistence.py", line 1468, in _emit_delete_statements
    c = connection._execute_20(
        ^^^^^^^^^^^^^^^^^^^^^^^
  File "C:\Users\kevin\Documents\Cephadex\.venv\Lib\site-packages\sqlalchemy\engine\base.py", line 1705, in _execute_20
    return meth(self, args_10style, kwargs_10style, execution_options)
           ^^^^^^^^^^^^^^^^^^^^^^^^^^^^^^^^^^^^^^^^^^^^^^^^^^^^^^^^^^^
  File "C:\Users\kevin\Documents\Cephadex\.venv\Lib\site-packages\sqlalchemy\sql\elements.py", line 334, in _execute_on_connection
    return connection._execute_clauseelement(
           ^^^^^^^^^^^^^^^^^^^^^^^^^^^^^^^^^^
  File "C:\Users\kevin\Documents\Cephadex\.venv\Lib\site-packages\sqlalchemy\engine\base.py", line 1572, in _execute_clauseelement
    ret = self._execute_context(
          ^^^^^^^^^^^^^^^^^^^^^^
  File "C:\Users\kevin\Documents\Cephadex\.venv\Lib\site-packages\sqlalchemy\engine\base.py", line 1943, in _execute_context
    self._handle_dbapi_exception(
  File "C:\Users\kevin\Documents\Cephadex\.venv\Lib\site-packages\sqlalchemy\engine\base.py", line 2124, in _handle_dbapi_exception
    util.raise_(
  File "C:\Users\kevin\Documents\Cephadex\.venv\Lib\site-packages\sqlalchemy\util\compat.py", line 211, in raise_
    raise exception
  File "C:\Users\kevin\Documents\Cephadex\.venv\Lib\site-packages\sqlalchemy\engine\base.py", line 1900, in _execute_context
    self.dialect.do_execute(
  File "C:\Users\kevin\Documents\Cephadex\.venv\Lib\site-packages\sqlalchemy\engine\default.py", line 736, in do_execute
    cursor.execute(statement, parameters)
  File "C:\Users\kevin\Documents\Cephadex\.venv\Lib\site-packages\mysql\connector\cursor_cext.py", line 330, in execute
    result = self._cnx.cmd_query(
             ^^^^^^^^^^^^^^^^^^^^
  File "C:\Users\kevin\Documents\Cephadex\.venv\Lib\site-packages\mysql\connector\connection_cext.py", line 616, in cmd_query
    raise get_mysql_exception(
sqlalchemy.exc.IntegrityError: (mysql.connector.errors.IntegrityError) 1451 (23000): Cannot delete or update a parent row: a foreign key constraint fails (`mysqldb1`.`deck_attributes`, CONSTRAINT `deck_attributes_ibfk_1` FOREIGN KEY (`deck_id`) REFERENCES `deck` (`id`))
[SQL: DELETE FROM deck WHERE deck.id = %(id)s]
[parameters: {'id': 751}]
(Background on this error at: https://sqlalche.me/e/14/gkpj)
2023-08-26 16:11:55,074 - flask_app - ERROR - Exception occurred in function delete. Extra info: No extra info provided.
Traceback (most recent call last):
  File "C:\Users\kevin\Documents\Cephadex\.venv\Lib\site-packages\mysql\connector\connection_cext.py", line 608, in cmd_query
    self._cmysql.query(
_mysql_connector.MySQLInterfaceError: Cannot delete or update a parent row: a foreign key constraint fails (`mysqldb1`.`deck_attributes`, CONSTRAINT `deck_attributes_ibfk_1` FOREIGN KEY (`deck_id`) REFERENCES `deck` (`id`))

The above exception was the direct cause of the following exception:

Traceback (most recent call last):
  File "C:\Users\kevin\Documents\Cephadex\.venv\Lib\site-packages\sqlalchemy\engine\base.py", line 1900, in _execute_context
    self.dialect.do_execute(
  File "C:\Users\kevin\Documents\Cephadex\.venv\Lib\site-packages\sqlalchemy\engine\default.py", line 736, in do_execute
    cursor.execute(statement, parameters)
  File "C:\Users\kevin\Documents\Cephadex\.venv\Lib\site-packages\mysql\connector\cursor_cext.py", line 330, in execute
    result = self._cnx.cmd_query(
             ^^^^^^^^^^^^^^^^^^^^
  File "C:\Users\kevin\Documents\Cephadex\.venv\Lib\site-packages\mysql\connector\connection_cext.py", line 616, in cmd_query
    raise get_mysql_exception(
mysql.connector.errors.IntegrityError: 1451 (23000): Cannot delete or update a parent row: a foreign key constraint fails (`mysqldb1`.`deck_attributes`, CONSTRAINT `deck_attributes_ibfk_1` FOREIGN KEY (`deck_id`) REFERENCES `deck` (`id`))

The above exception was the direct cause of the following exception:

Traceback (most recent call last):
  File "C:\Users\kevin\Documents\Cephadex\cards\models\helpers\log_decorators.py", line 17, in wrapper
    result = f(*args, **kwargs)
             ^^^^^^^^^^^^^^^^^^
  File "C:\Users\kevin\Documents\Cephadex\cards\views\deck_bp.py", line 106, in delete
    db.session.commit()
  File "<string>", line 2, in commit
  File "C:\Users\kevin\Documents\Cephadex\.venv\Lib\site-packages\sqlalchemy\orm\session.py", line 1451, in commit
    self._transaction.commit(_to_root=self.future)
  File "C:\Users\kevin\Documents\Cephadex\.venv\Lib\site-packages\sqlalchemy\orm\session.py", line 829, in commit
    self._prepare_impl()
  File "C:\Users\kevin\Documents\Cephadex\.venv\Lib\site-packages\sqlalchemy\orm\session.py", line 808, in _prepare_impl
    self.session.flush()
  File "C:\Users\kevin\Documents\Cephadex\.venv\Lib\site-packages\sqlalchemy\orm\session.py", line 3444, in flush
    self._flush(objects)
  File "C:\Users\kevin\Documents\Cephadex\.venv\Lib\site-packages\sqlalchemy\orm\session.py", line 3583, in _flush
    with util.safe_reraise():
  File "C:\Users\kevin\Documents\Cephadex\.venv\Lib\site-packages\sqlalchemy\util\langhelpers.py", line 70, in __exit__
    compat.raise_(
  File "C:\Users\kevin\Documents\Cephadex\.venv\Lib\site-packages\sqlalchemy\util\compat.py", line 211, in raise_
    raise exception
  File "C:\Users\kevin\Documents\Cephadex\.venv\Lib\site-packages\sqlalchemy\orm\session.py", line 3544, in _flush
    flush_context.execute()
  File "C:\Users\kevin\Documents\Cephadex\.venv\Lib\site-packages\sqlalchemy\orm\unitofwork.py", line 456, in execute
    rec.execute(self)
  File "C:\Users\kevin\Documents\Cephadex\.venv\Lib\site-packages\sqlalchemy\orm\unitofwork.py", line 667, in execute
    util.preloaded.orm_persistence.delete_obj(
  File "C:\Users\kevin\Documents\Cephadex\.venv\Lib\site-packages\sqlalchemy\orm\persistence.py", line 343, in delete_obj
    _emit_delete_statements(
  File "C:\Users\kevin\Documents\Cephadex\.venv\Lib\site-packages\sqlalchemy\orm\persistence.py", line 1468, in _emit_delete_statements
    c = connection._execute_20(
        ^^^^^^^^^^^^^^^^^^^^^^^
  File "C:\Users\kevin\Documents\Cephadex\.venv\Lib\site-packages\sqlalchemy\engine\base.py", line 1705, in _execute_20
    return meth(self, args_10style, kwargs_10style, execution_options)
           ^^^^^^^^^^^^^^^^^^^^^^^^^^^^^^^^^^^^^^^^^^^^^^^^^^^^^^^^^^^
  File "C:\Users\kevin\Documents\Cephadex\.venv\Lib\site-packages\sqlalchemy\sql\elements.py", line 334, in _execute_on_connection
    return connection._execute_clauseelement(
           ^^^^^^^^^^^^^^^^^^^^^^^^^^^^^^^^^^
  File "C:\Users\kevin\Documents\Cephadex\.venv\Lib\site-packages\sqlalchemy\engine\base.py", line 1572, in _execute_clauseelement
    ret = self._execute_context(
          ^^^^^^^^^^^^^^^^^^^^^^
  File "C:\Users\kevin\Documents\Cephadex\.venv\Lib\site-packages\sqlalchemy\engine\base.py", line 1943, in _execute_context
    self._handle_dbapi_exception(
  File "C:\Users\kevin\Documents\Cephadex\.venv\Lib\site-packages\sqlalchemy\engine\base.py", line 2124, in _handle_dbapi_exception
    util.raise_(
  File "C:\Users\kevin\Documents\Cephadex\.venv\Lib\site-packages\sqlalchemy\util\compat.py", line 211, in raise_
    raise exception
  File "C:\Users\kevin\Documents\Cephadex\.venv\Lib\site-packages\sqlalchemy\engine\base.py", line 1900, in _execute_context
    self.dialect.do_execute(
  File "C:\Users\kevin\Documents\Cephadex\.venv\Lib\site-packages\sqlalchemy\engine\default.py", line 736, in do_execute
    cursor.execute(statement, parameters)
  File "C:\Users\kevin\Documents\Cephadex\.venv\Lib\site-packages\mysql\connector\cursor_cext.py", line 330, in execute
    result = self._cnx.cmd_query(
             ^^^^^^^^^^^^^^^^^^^^
  File "C:\Users\kevin\Documents\Cephadex\.venv\Lib\site-packages\mysql\connector\connection_cext.py", line 616, in cmd_query
    raise get_mysql_exception(
sqlalchemy.exc.IntegrityError: (mysql.connector.errors.IntegrityError) 1451 (23000): Cannot delete or update a parent row: a foreign key constraint fails (`mysqldb1`.`deck_attributes`, CONSTRAINT `deck_attributes_ibfk_1` FOREIGN KEY (`deck_id`) REFERENCES `deck` (`id`))
[SQL: DELETE FROM deck WHERE deck.id = %(id)s]
[parameters: {'id': 749}]
(Background on this error at: https://sqlalche.me/e/14/gkpj)
2023-08-26 16:11:56,706 - flask_app - ERROR - Exception occurred in function delete. Extra info: No extra info provided.
Traceback (most recent call last):
  File "C:\Users\kevin\Documents\Cephadex\.venv\Lib\site-packages\mysql\connector\connection_cext.py", line 608, in cmd_query
    self._cmysql.query(
_mysql_connector.MySQLInterfaceError: Cannot delete or update a parent row: a foreign key constraint fails (`mysqldb1`.`deck_attributes`, CONSTRAINT `deck_attributes_ibfk_1` FOREIGN KEY (`deck_id`) REFERENCES `deck` (`id`))

The above exception was the direct cause of the following exception:

Traceback (most recent call last):
  File "C:\Users\kevin\Documents\Cephadex\.venv\Lib\site-packages\sqlalchemy\engine\base.py", line 1900, in _execute_context
    self.dialect.do_execute(
  File "C:\Users\kevin\Documents\Cephadex\.venv\Lib\site-packages\sqlalchemy\engine\default.py", line 736, in do_execute
    cursor.execute(statement, parameters)
  File "C:\Users\kevin\Documents\Cephadex\.venv\Lib\site-packages\mysql\connector\cursor_cext.py", line 330, in execute
    result = self._cnx.cmd_query(
             ^^^^^^^^^^^^^^^^^^^^
  File "C:\Users\kevin\Documents\Cephadex\.venv\Lib\site-packages\mysql\connector\connection_cext.py", line 616, in cmd_query
    raise get_mysql_exception(
mysql.connector.errors.IntegrityError: 1451 (23000): Cannot delete or update a parent row: a foreign key constraint fails (`mysqldb1`.`deck_attributes`, CONSTRAINT `deck_attributes_ibfk_1` FOREIGN KEY (`deck_id`) REFERENCES `deck` (`id`))

The above exception was the direct cause of the following exception:

Traceback (most recent call last):
  File "C:\Users\kevin\Documents\Cephadex\cards\models\helpers\log_decorators.py", line 17, in wrapper
    result = f(*args, **kwargs)
             ^^^^^^^^^^^^^^^^^^
  File "C:\Users\kevin\Documents\Cephadex\cards\views\deck_bp.py", line 106, in delete
    db.session.commit()
  File "<string>", line 2, in commit
  File "C:\Users\kevin\Documents\Cephadex\.venv\Lib\site-packages\sqlalchemy\orm\session.py", line 1451, in commit
    self._transaction.commit(_to_root=self.future)
  File "C:\Users\kevin\Documents\Cephadex\.venv\Lib\site-packages\sqlalchemy\orm\session.py", line 829, in commit
    self._prepare_impl()
  File "C:\Users\kevin\Documents\Cephadex\.venv\Lib\site-packages\sqlalchemy\orm\session.py", line 808, in _prepare_impl
    self.session.flush()
  File "C:\Users\kevin\Documents\Cephadex\.venv\Lib\site-packages\sqlalchemy\orm\session.py", line 3444, in flush
    self._flush(objects)
  File "C:\Users\kevin\Documents\Cephadex\.venv\Lib\site-packages\sqlalchemy\orm\session.py", line 3583, in _flush
    with util.safe_reraise():
  File "C:\Users\kevin\Documents\Cephadex\.venv\Lib\site-packages\sqlalchemy\util\langhelpers.py", line 70, in __exit__
    compat.raise_(
  File "C:\Users\kevin\Documents\Cephadex\.venv\Lib\site-packages\sqlalchemy\util\compat.py", line 211, in raise_
    raise exception
  File "C:\Users\kevin\Documents\Cephadex\.venv\Lib\site-packages\sqlalchemy\orm\session.py", line 3544, in _flush
    flush_context.execute()
  File "C:\Users\kevin\Documents\Cephadex\.venv\Lib\site-packages\sqlalchemy\orm\unitofwork.py", line 456, in execute
    rec.execute(self)
  File "C:\Users\kevin\Documents\Cephadex\.venv\Lib\site-packages\sqlalchemy\orm\unitofwork.py", line 667, in execute
    util.preloaded.orm_persistence.delete_obj(
  File "C:\Users\kevin\Documents\Cephadex\.venv\Lib\site-packages\sqlalchemy\orm\persistence.py", line 343, in delete_obj
    _emit_delete_statements(
  File "C:\Users\kevin\Documents\Cephadex\.venv\Lib\site-packages\sqlalchemy\orm\persistence.py", line 1468, in _emit_delete_statements
    c = connection._execute_20(
        ^^^^^^^^^^^^^^^^^^^^^^^
  File "C:\Users\kevin\Documents\Cephadex\.venv\Lib\site-packages\sqlalchemy\engine\base.py", line 1705, in _execute_20
    return meth(self, args_10style, kwargs_10style, execution_options)
           ^^^^^^^^^^^^^^^^^^^^^^^^^^^^^^^^^^^^^^^^^^^^^^^^^^^^^^^^^^^
  File "C:\Users\kevin\Documents\Cephadex\.venv\Lib\site-packages\sqlalchemy\sql\elements.py", line 334, in _execute_on_connection
    return connection._execute_clauseelement(
           ^^^^^^^^^^^^^^^^^^^^^^^^^^^^^^^^^^
  File "C:\Users\kevin\Documents\Cephadex\.venv\Lib\site-packages\sqlalchemy\engine\base.py", line 1572, in _execute_clauseelement
    ret = self._execute_context(
          ^^^^^^^^^^^^^^^^^^^^^^
  File "C:\Users\kevin\Documents\Cephadex\.venv\Lib\site-packages\sqlalchemy\engine\base.py", line 1943, in _execute_context
    self._handle_dbapi_exception(
  File "C:\Users\kevin\Documents\Cephadex\.venv\Lib\site-packages\sqlalchemy\engine\base.py", line 2124, in _handle_dbapi_exception
    util.raise_(
  File "C:\Users\kevin\Documents\Cephadex\.venv\Lib\site-packages\sqlalchemy\util\compat.py", line 211, in raise_
    raise exception
  File "C:\Users\kevin\Documents\Cephadex\.venv\Lib\site-packages\sqlalchemy\engine\base.py", line 1900, in _execute_context
    self.dialect.do_execute(
  File "C:\Users\kevin\Documents\Cephadex\.venv\Lib\site-packages\sqlalchemy\engine\default.py", line 736, in do_execute
    cursor.execute(statement, parameters)
  File "C:\Users\kevin\Documents\Cephadex\.venv\Lib\site-packages\mysql\connector\cursor_cext.py", line 330, in execute
    result = self._cnx.cmd_query(
             ^^^^^^^^^^^^^^^^^^^^
  File "C:\Users\kevin\Documents\Cephadex\.venv\Lib\site-packages\mysql\connector\connection_cext.py", line 616, in cmd_query
    raise get_mysql_exception(
sqlalchemy.exc.IntegrityError: (mysql.connector.errors.IntegrityError) 1451 (23000): Cannot delete or update a parent row: a foreign key constraint fails (`mysqldb1`.`deck_attributes`, CONSTRAINT `deck_attributes_ibfk_1` FOREIGN KEY (`deck_id`) REFERENCES `deck` (`id`))
[SQL: DELETE FROM deck WHERE deck.id = %(id)s]
[parameters: {'id': 747}]
(Background on this error at: https://sqlalche.me/e/14/gkpj)
2023-08-26 16:11:58,537 - flask_app - ERROR - Exception occurred in function delete. Extra info: No extra info provided.
Traceback (most recent call last):
  File "C:\Users\kevin\Documents\Cephadex\.venv\Lib\site-packages\mysql\connector\connection_cext.py", line 608, in cmd_query
    self._cmysql.query(
_mysql_connector.MySQLInterfaceError: Cannot delete or update a parent row: a foreign key constraint fails (`mysqldb1`.`deck_attributes`, CONSTRAINT `deck_attributes_ibfk_1` FOREIGN KEY (`deck_id`) REFERENCES `deck` (`id`))

The above exception was the direct cause of the following exception:

Traceback (most recent call last):
  File "C:\Users\kevin\Documents\Cephadex\.venv\Lib\site-packages\sqlalchemy\engine\base.py", line 1900, in _execute_context
    self.dialect.do_execute(
  File "C:\Users\kevin\Documents\Cephadex\.venv\Lib\site-packages\sqlalchemy\engine\default.py", line 736, in do_execute
    cursor.execute(statement, parameters)
  File "C:\Users\kevin\Documents\Cephadex\.venv\Lib\site-packages\mysql\connector\cursor_cext.py", line 330, in execute
    result = self._cnx.cmd_query(
             ^^^^^^^^^^^^^^^^^^^^
  File "C:\Users\kevin\Documents\Cephadex\.venv\Lib\site-packages\mysql\connector\connection_cext.py", line 616, in cmd_query
    raise get_mysql_exception(
mysql.connector.errors.IntegrityError: 1451 (23000): Cannot delete or update a parent row: a foreign key constraint fails (`mysqldb1`.`deck_attributes`, CONSTRAINT `deck_attributes_ibfk_1` FOREIGN KEY (`deck_id`) REFERENCES `deck` (`id`))

The above exception was the direct cause of the following exception:

Traceback (most recent call last):
  File "C:\Users\kevin\Documents\Cephadex\cards\models\helpers\log_decorators.py", line 17, in wrapper
    result = f(*args, **kwargs)
             ^^^^^^^^^^^^^^^^^^
  File "C:\Users\kevin\Documents\Cephadex\cards\views\deck_bp.py", line 106, in delete
    db.session.commit()
  File "<string>", line 2, in commit
  File "C:\Users\kevin\Documents\Cephadex\.venv\Lib\site-packages\sqlalchemy\orm\session.py", line 1451, in commit
    self._transaction.commit(_to_root=self.future)
  File "C:\Users\kevin\Documents\Cephadex\.venv\Lib\site-packages\sqlalchemy\orm\session.py", line 829, in commit
    self._prepare_impl()
  File "C:\Users\kevin\Documents\Cephadex\.venv\Lib\site-packages\sqlalchemy\orm\session.py", line 808, in _prepare_impl
    self.session.flush()
  File "C:\Users\kevin\Documents\Cephadex\.venv\Lib\site-packages\sqlalchemy\orm\session.py", line 3444, in flush
    self._flush(objects)
  File "C:\Users\kevin\Documents\Cephadex\.venv\Lib\site-packages\sqlalchemy\orm\session.py", line 3583, in _flush
    with util.safe_reraise():
  File "C:\Users\kevin\Documents\Cephadex\.venv\Lib\site-packages\sqlalchemy\util\langhelpers.py", line 70, in __exit__
    compat.raise_(
  File "C:\Users\kevin\Documents\Cephadex\.venv\Lib\site-packages\sqlalchemy\util\compat.py", line 211, in raise_
    raise exception
  File "C:\Users\kevin\Documents\Cephadex\.venv\Lib\site-packages\sqlalchemy\orm\session.py", line 3544, in _flush
    flush_context.execute()
  File "C:\Users\kevin\Documents\Cephadex\.venv\Lib\site-packages\sqlalchemy\orm\unitofwork.py", line 456, in execute
    rec.execute(self)
  File "C:\Users\kevin\Documents\Cephadex\.venv\Lib\site-packages\sqlalchemy\orm\unitofwork.py", line 667, in execute
    util.preloaded.orm_persistence.delete_obj(
  File "C:\Users\kevin\Documents\Cephadex\.venv\Lib\site-packages\sqlalchemy\orm\persistence.py", line 343, in delete_obj
    _emit_delete_statements(
  File "C:\Users\kevin\Documents\Cephadex\.venv\Lib\site-packages\sqlalchemy\orm\persistence.py", line 1468, in _emit_delete_statements
    c = connection._execute_20(
        ^^^^^^^^^^^^^^^^^^^^^^^
  File "C:\Users\kevin\Documents\Cephadex\.venv\Lib\site-packages\sqlalchemy\engine\base.py", line 1705, in _execute_20
    return meth(self, args_10style, kwargs_10style, execution_options)
           ^^^^^^^^^^^^^^^^^^^^^^^^^^^^^^^^^^^^^^^^^^^^^^^^^^^^^^^^^^^
  File "C:\Users\kevin\Documents\Cephadex\.venv\Lib\site-packages\sqlalchemy\sql\elements.py", line 334, in _execute_on_connection
    return connection._execute_clauseelement(
           ^^^^^^^^^^^^^^^^^^^^^^^^^^^^^^^^^^
  File "C:\Users\kevin\Documents\Cephadex\.venv\Lib\site-packages\sqlalchemy\engine\base.py", line 1572, in _execute_clauseelement
    ret = self._execute_context(
          ^^^^^^^^^^^^^^^^^^^^^^
  File "C:\Users\kevin\Documents\Cephadex\.venv\Lib\site-packages\sqlalchemy\engine\base.py", line 1943, in _execute_context
    self._handle_dbapi_exception(
  File "C:\Users\kevin\Documents\Cephadex\.venv\Lib\site-packages\sqlalchemy\engine\base.py", line 2124, in _handle_dbapi_exception
    util.raise_(
  File "C:\Users\kevin\Documents\Cephadex\.venv\Lib\site-packages\sqlalchemy\util\compat.py", line 211, in raise_
    raise exception
  File "C:\Users\kevin\Documents\Cephadex\.venv\Lib\site-packages\sqlalchemy\engine\base.py", line 1900, in _execute_context
    self.dialect.do_execute(
  File "C:\Users\kevin\Documents\Cephadex\.venv\Lib\site-packages\sqlalchemy\engine\default.py", line 736, in do_execute
    cursor.execute(statement, parameters)
  File "C:\Users\kevin\Documents\Cephadex\.venv\Lib\site-packages\mysql\connector\cursor_cext.py", line 330, in execute
    result = self._cnx.cmd_query(
             ^^^^^^^^^^^^^^^^^^^^
  File "C:\Users\kevin\Documents\Cephadex\.venv\Lib\site-packages\mysql\connector\connection_cext.py", line 616, in cmd_query
    raise get_mysql_exception(
sqlalchemy.exc.IntegrityError: (mysql.connector.errors.IntegrityError) 1451 (23000): Cannot delete or update a parent row: a foreign key constraint fails (`mysqldb1`.`deck_attributes`, CONSTRAINT `deck_attributes_ibfk_1` FOREIGN KEY (`deck_id`) REFERENCES `deck` (`id`))
[SQL: DELETE FROM deck WHERE deck.id = %(id)s]
[parameters: {'id': 743}]
(Background on this error at: https://sqlalche.me/e/14/gkpj)
2023-08-26 16:11:59,878 - flask_app - ERROR - Exception occurred in function delete. Extra info: No extra info provided.
Traceback (most recent call last):
  File "C:\Users\kevin\Documents\Cephadex\.venv\Lib\site-packages\mysql\connector\connection_cext.py", line 608, in cmd_query
    self._cmysql.query(
_mysql_connector.MySQLInterfaceError: Cannot delete or update a parent row: a foreign key constraint fails (`mysqldb1`.`deck_attributes`, CONSTRAINT `deck_attributes_ibfk_1` FOREIGN KEY (`deck_id`) REFERENCES `deck` (`id`))

The above exception was the direct cause of the following exception:

Traceback (most recent call last):
  File "C:\Users\kevin\Documents\Cephadex\.venv\Lib\site-packages\sqlalchemy\engine\base.py", line 1900, in _execute_context
    self.dialect.do_execute(
  File "C:\Users\kevin\Documents\Cephadex\.venv\Lib\site-packages\sqlalchemy\engine\default.py", line 736, in do_execute
    cursor.execute(statement, parameters)
  File "C:\Users\kevin\Documents\Cephadex\.venv\Lib\site-packages\mysql\connector\cursor_cext.py", line 330, in execute
    result = self._cnx.cmd_query(
             ^^^^^^^^^^^^^^^^^^^^
  File "C:\Users\kevin\Documents\Cephadex\.venv\Lib\site-packages\mysql\connector\connection_cext.py", line 616, in cmd_query
    raise get_mysql_exception(
mysql.connector.errors.IntegrityError: 1451 (23000): Cannot delete or update a parent row: a foreign key constraint fails (`mysqldb1`.`deck_attributes`, CONSTRAINT `deck_attributes_ibfk_1` FOREIGN KEY (`deck_id`) REFERENCES `deck` (`id`))

The above exception was the direct cause of the following exception:

Traceback (most recent call last):
  File "C:\Users\kevin\Documents\Cephadex\cards\models\helpers\log_decorators.py", line 17, in wrapper
    result = f(*args, **kwargs)
             ^^^^^^^^^^^^^^^^^^
  File "C:\Users\kevin\Documents\Cephadex\cards\views\deck_bp.py", line 106, in delete
    db.session.commit()
  File "<string>", line 2, in commit
  File "C:\Users\kevin\Documents\Cephadex\.venv\Lib\site-packages\sqlalchemy\orm\session.py", line 1451, in commit
    self._transaction.commit(_to_root=self.future)
  File "C:\Users\kevin\Documents\Cephadex\.venv\Lib\site-packages\sqlalchemy\orm\session.py", line 829, in commit
    self._prepare_impl()
  File "C:\Users\kevin\Documents\Cephadex\.venv\Lib\site-packages\sqlalchemy\orm\session.py", line 808, in _prepare_impl
    self.session.flush()
  File "C:\Users\kevin\Documents\Cephadex\.venv\Lib\site-packages\sqlalchemy\orm\session.py", line 3444, in flush
    self._flush(objects)
  File "C:\Users\kevin\Documents\Cephadex\.venv\Lib\site-packages\sqlalchemy\orm\session.py", line 3583, in _flush
    with util.safe_reraise():
  File "C:\Users\kevin\Documents\Cephadex\.venv\Lib\site-packages\sqlalchemy\util\langhelpers.py", line 70, in __exit__
    compat.raise_(
  File "C:\Users\kevin\Documents\Cephadex\.venv\Lib\site-packages\sqlalchemy\util\compat.py", line 211, in raise_
    raise exception
  File "C:\Users\kevin\Documents\Cephadex\.venv\Lib\site-packages\sqlalchemy\orm\session.py", line 3544, in _flush
    flush_context.execute()
  File "C:\Users\kevin\Documents\Cephadex\.venv\Lib\site-packages\sqlalchemy\orm\unitofwork.py", line 456, in execute
    rec.execute(self)
  File "C:\Users\kevin\Documents\Cephadex\.venv\Lib\site-packages\sqlalchemy\orm\unitofwork.py", line 667, in execute
    util.preloaded.orm_persistence.delete_obj(
  File "C:\Users\kevin\Documents\Cephadex\.venv\Lib\site-packages\sqlalchemy\orm\persistence.py", line 343, in delete_obj
    _emit_delete_statements(
  File "C:\Users\kevin\Documents\Cephadex\.venv\Lib\site-packages\sqlalchemy\orm\persistence.py", line 1468, in _emit_delete_statements
    c = connection._execute_20(
        ^^^^^^^^^^^^^^^^^^^^^^^
  File "C:\Users\kevin\Documents\Cephadex\.venv\Lib\site-packages\sqlalchemy\engine\base.py", line 1705, in _execute_20
    return meth(self, args_10style, kwargs_10style, execution_options)
           ^^^^^^^^^^^^^^^^^^^^^^^^^^^^^^^^^^^^^^^^^^^^^^^^^^^^^^^^^^^
  File "C:\Users\kevin\Documents\Cephadex\.venv\Lib\site-packages\sqlalchemy\sql\elements.py", line 334, in _execute_on_connection
    return connection._execute_clauseelement(
           ^^^^^^^^^^^^^^^^^^^^^^^^^^^^^^^^^^
  File "C:\Users\kevin\Documents\Cephadex\.venv\Lib\site-packages\sqlalchemy\engine\base.py", line 1572, in _execute_clauseelement
    ret = self._execute_context(
          ^^^^^^^^^^^^^^^^^^^^^^
  File "C:\Users\kevin\Documents\Cephadex\.venv\Lib\site-packages\sqlalchemy\engine\base.py", line 1943, in _execute_context
    self._handle_dbapi_exception(
  File "C:\Users\kevin\Documents\Cephadex\.venv\Lib\site-packages\sqlalchemy\engine\base.py", line 2124, in _handle_dbapi_exception
    util.raise_(
  File "C:\Users\kevin\Documents\Cephadex\.venv\Lib\site-packages\sqlalchemy\util\compat.py", line 211, in raise_
    raise exception
  File "C:\Users\kevin\Documents\Cephadex\.venv\Lib\site-packages\sqlalchemy\engine\base.py", line 1900, in _execute_context
    self.dialect.do_execute(
  File "C:\Users\kevin\Documents\Cephadex\.venv\Lib\site-packages\sqlalchemy\engine\default.py", line 736, in do_execute
    cursor.execute(statement, parameters)
  File "C:\Users\kevin\Documents\Cephadex\.venv\Lib\site-packages\mysql\connector\cursor_cext.py", line 330, in execute
    result = self._cnx.cmd_query(
             ^^^^^^^^^^^^^^^^^^^^
  File "C:\Users\kevin\Documents\Cephadex\.venv\Lib\site-packages\mysql\connector\connection_cext.py", line 616, in cmd_query
    raise get_mysql_exception(
sqlalchemy.exc.IntegrityError: (mysql.connector.errors.IntegrityError) 1451 (23000): Cannot delete or update a parent row: a foreign key constraint fails (`mysqldb1`.`deck_attributes`, CONSTRAINT `deck_attributes_ibfk_1` FOREIGN KEY (`deck_id`) REFERENCES `deck` (`id`))
[SQL: DELETE FROM deck WHERE deck.id = %(id)s]
[parameters: {'id': 741}]
(Background on this error at: https://sqlalche.me/e/14/gkpj)
2023-08-26 16:12:00,788 - flask_app - ERROR - Exception occurred in function delete. Extra info: No extra info provided.
Traceback (most recent call last):
  File "C:\Users\kevin\Documents\Cephadex\.venv\Lib\site-packages\mysql\connector\connection_cext.py", line 608, in cmd_query
    self._cmysql.query(
_mysql_connector.MySQLInterfaceError: Cannot delete or update a parent row: a foreign key constraint fails (`mysqldb1`.`deck_attributes`, CONSTRAINT `deck_attributes_ibfk_1` FOREIGN KEY (`deck_id`) REFERENCES `deck` (`id`))

The above exception was the direct cause of the following exception:

Traceback (most recent call last):
  File "C:\Users\kevin\Documents\Cephadex\.venv\Lib\site-packages\sqlalchemy\engine\base.py", line 1900, in _execute_context
    self.dialect.do_execute(
  File "C:\Users\kevin\Documents\Cephadex\.venv\Lib\site-packages\sqlalchemy\engine\default.py", line 736, in do_execute
    cursor.execute(statement, parameters)
  File "C:\Users\kevin\Documents\Cephadex\.venv\Lib\site-packages\mysql\connector\cursor_cext.py", line 330, in execute
    result = self._cnx.cmd_query(
             ^^^^^^^^^^^^^^^^^^^^
  File "C:\Users\kevin\Documents\Cephadex\.venv\Lib\site-packages\mysql\connector\connection_cext.py", line 616, in cmd_query
    raise get_mysql_exception(
mysql.connector.errors.IntegrityError: 1451 (23000): Cannot delete or update a parent row: a foreign key constraint fails (`mysqldb1`.`deck_attributes`, CONSTRAINT `deck_attributes_ibfk_1` FOREIGN KEY (`deck_id`) REFERENCES `deck` (`id`))

The above exception was the direct cause of the following exception:

Traceback (most recent call last):
  File "C:\Users\kevin\Documents\Cephadex\cards\models\helpers\log_decorators.py", line 17, in wrapper
    result = f(*args, **kwargs)
             ^^^^^^^^^^^^^^^^^^
  File "C:\Users\kevin\Documents\Cephadex\cards\views\deck_bp.py", line 106, in delete
    db.session.commit()
  File "<string>", line 2, in commit
  File "C:\Users\kevin\Documents\Cephadex\.venv\Lib\site-packages\sqlalchemy\orm\session.py", line 1451, in commit
    self._transaction.commit(_to_root=self.future)
  File "C:\Users\kevin\Documents\Cephadex\.venv\Lib\site-packages\sqlalchemy\orm\session.py", line 829, in commit
    self._prepare_impl()
  File "C:\Users\kevin\Documents\Cephadex\.venv\Lib\site-packages\sqlalchemy\orm\session.py", line 808, in _prepare_impl
    self.session.flush()
  File "C:\Users\kevin\Documents\Cephadex\.venv\Lib\site-packages\sqlalchemy\orm\session.py", line 3444, in flush
    self._flush(objects)
  File "C:\Users\kevin\Documents\Cephadex\.venv\Lib\site-packages\sqlalchemy\orm\session.py", line 3583, in _flush
    with util.safe_reraise():
  File "C:\Users\kevin\Documents\Cephadex\.venv\Lib\site-packages\sqlalchemy\util\langhelpers.py", line 70, in __exit__
    compat.raise_(
  File "C:\Users\kevin\Documents\Cephadex\.venv\Lib\site-packages\sqlalchemy\util\compat.py", line 211, in raise_
    raise exception
  File "C:\Users\kevin\Documents\Cephadex\.venv\Lib\site-packages\sqlalchemy\orm\session.py", line 3544, in _flush
    flush_context.execute()
  File "C:\Users\kevin\Documents\Cephadex\.venv\Lib\site-packages\sqlalchemy\orm\unitofwork.py", line 456, in execute
    rec.execute(self)
  File "C:\Users\kevin\Documents\Cephadex\.venv\Lib\site-packages\sqlalchemy\orm\unitofwork.py", line 667, in execute
    util.preloaded.orm_persistence.delete_obj(
  File "C:\Users\kevin\Documents\Cephadex\.venv\Lib\site-packages\sqlalchemy\orm\persistence.py", line 343, in delete_obj
    _emit_delete_statements(
  File "C:\Users\kevin\Documents\Cephadex\.venv\Lib\site-packages\sqlalchemy\orm\persistence.py", line 1468, in _emit_delete_statements
    c = connection._execute_20(
        ^^^^^^^^^^^^^^^^^^^^^^^
  File "C:\Users\kevin\Documents\Cephadex\.venv\Lib\site-packages\sqlalchemy\engine\base.py", line 1705, in _execute_20
    return meth(self, args_10style, kwargs_10style, execution_options)
           ^^^^^^^^^^^^^^^^^^^^^^^^^^^^^^^^^^^^^^^^^^^^^^^^^^^^^^^^^^^
  File "C:\Users\kevin\Documents\Cephadex\.venv\Lib\site-packages\sqlalchemy\sql\elements.py", line 334, in _execute_on_connection
    return connection._execute_clauseelement(
           ^^^^^^^^^^^^^^^^^^^^^^^^^^^^^^^^^^
  File "C:\Users\kevin\Documents\Cephadex\.venv\Lib\site-packages\sqlalchemy\engine\base.py", line 1572, in _execute_clauseelement
    ret = self._execute_context(
          ^^^^^^^^^^^^^^^^^^^^^^
  File "C:\Users\kevin\Documents\Cephadex\.venv\Lib\site-packages\sqlalchemy\engine\base.py", line 1943, in _execute_context
    self._handle_dbapi_exception(
  File "C:\Users\kevin\Documents\Cephadex\.venv\Lib\site-packages\sqlalchemy\engine\base.py", line 2124, in _handle_dbapi_exception
    util.raise_(
  File "C:\Users\kevin\Documents\Cephadex\.venv\Lib\site-packages\sqlalchemy\util\compat.py", line 211, in raise_
    raise exception
  File "C:\Users\kevin\Documents\Cephadex\.venv\Lib\site-packages\sqlalchemy\engine\base.py", line 1900, in _execute_context
    self.dialect.do_execute(
  File "C:\Users\kevin\Documents\Cephadex\.venv\Lib\site-packages\sqlalchemy\engine\default.py", line 736, in do_execute
    cursor.execute(statement, parameters)
  File "C:\Users\kevin\Documents\Cephadex\.venv\Lib\site-packages\mysql\connector\cursor_cext.py", line 330, in execute
    result = self._cnx.cmd_query(
             ^^^^^^^^^^^^^^^^^^^^
  File "C:\Users\kevin\Documents\Cephadex\.venv\Lib\site-packages\mysql\connector\connection_cext.py", line 616, in cmd_query
    raise get_mysql_exception(
sqlalchemy.exc.IntegrityError: (mysql.connector.errors.IntegrityError) 1451 (23000): Cannot delete or update a parent row: a foreign key constraint fails (`mysqldb1`.`deck_attributes`, CONSTRAINT `deck_attributes_ibfk_1` FOREIGN KEY (`deck_id`) REFERENCES `deck` (`id`))
[SQL: DELETE FROM deck WHERE deck.id = %(id)s]
[parameters: {'id': 735}]
(Background on this error at: https://sqlalche.me/e/14/gkpj)
2023-08-26 16:12:02,624 - flask_app - ERROR - Exception occurred in function delete. Extra info: No extra info provided.
Traceback (most recent call last):
  File "C:\Users\kevin\Documents\Cephadex\.venv\Lib\site-packages\mysql\connector\connection_cext.py", line 608, in cmd_query
    self._cmysql.query(
_mysql_connector.MySQLInterfaceError: Cannot delete or update a parent row: a foreign key constraint fails (`mysqldb1`.`deck_attributes`, CONSTRAINT `deck_attributes_ibfk_1` FOREIGN KEY (`deck_id`) REFERENCES `deck` (`id`))

The above exception was the direct cause of the following exception:

Traceback (most recent call last):
  File "C:\Users\kevin\Documents\Cephadex\.venv\Lib\site-packages\sqlalchemy\engine\base.py", line 1900, in _execute_context
    self.dialect.do_execute(
  File "C:\Users\kevin\Documents\Cephadex\.venv\Lib\site-packages\sqlalchemy\engine\default.py", line 736, in do_execute
    cursor.execute(statement, parameters)
  File "C:\Users\kevin\Documents\Cephadex\.venv\Lib\site-packages\mysql\connector\cursor_cext.py", line 330, in execute
    result = self._cnx.cmd_query(
             ^^^^^^^^^^^^^^^^^^^^
  File "C:\Users\kevin\Documents\Cephadex\.venv\Lib\site-packages\mysql\connector\connection_cext.py", line 616, in cmd_query
    raise get_mysql_exception(
mysql.connector.errors.IntegrityError: 1451 (23000): Cannot delete or update a parent row: a foreign key constraint fails (`mysqldb1`.`deck_attributes`, CONSTRAINT `deck_attributes_ibfk_1` FOREIGN KEY (`deck_id`) REFERENCES `deck` (`id`))

The above exception was the direct cause of the following exception:

Traceback (most recent call last):
  File "C:\Users\kevin\Documents\Cephadex\cards\models\helpers\log_decorators.py", line 17, in wrapper
    result = f(*args, **kwargs)
             ^^^^^^^^^^^^^^^^^^
  File "C:\Users\kevin\Documents\Cephadex\cards\views\deck_bp.py", line 106, in delete
    db.session.commit()
  File "<string>", line 2, in commit
  File "C:\Users\kevin\Documents\Cephadex\.venv\Lib\site-packages\sqlalchemy\orm\session.py", line 1451, in commit
    self._transaction.commit(_to_root=self.future)
  File "C:\Users\kevin\Documents\Cephadex\.venv\Lib\site-packages\sqlalchemy\orm\session.py", line 829, in commit
    self._prepare_impl()
  File "C:\Users\kevin\Documents\Cephadex\.venv\Lib\site-packages\sqlalchemy\orm\session.py", line 808, in _prepare_impl
    self.session.flush()
  File "C:\Users\kevin\Documents\Cephadex\.venv\Lib\site-packages\sqlalchemy\orm\session.py", line 3444, in flush
    self._flush(objects)
  File "C:\Users\kevin\Documents\Cephadex\.venv\Lib\site-packages\sqlalchemy\orm\session.py", line 3583, in _flush
    with util.safe_reraise():
  File "C:\Users\kevin\Documents\Cephadex\.venv\Lib\site-packages\sqlalchemy\util\langhelpers.py", line 70, in __exit__
    compat.raise_(
  File "C:\Users\kevin\Documents\Cephadex\.venv\Lib\site-packages\sqlalchemy\util\compat.py", line 211, in raise_
    raise exception
  File "C:\Users\kevin\Documents\Cephadex\.venv\Lib\site-packages\sqlalchemy\orm\session.py", line 3544, in _flush
    flush_context.execute()
  File "C:\Users\kevin\Documents\Cephadex\.venv\Lib\site-packages\sqlalchemy\orm\unitofwork.py", line 456, in execute
    rec.execute(self)
  File "C:\Users\kevin\Documents\Cephadex\.venv\Lib\site-packages\sqlalchemy\orm\unitofwork.py", line 667, in execute
    util.preloaded.orm_persistence.delete_obj(
  File "C:\Users\kevin\Documents\Cephadex\.venv\Lib\site-packages\sqlalchemy\orm\persistence.py", line 343, in delete_obj
    _emit_delete_statements(
  File "C:\Users\kevin\Documents\Cephadex\.venv\Lib\site-packages\sqlalchemy\orm\persistence.py", line 1468, in _emit_delete_statements
    c = connection._execute_20(
        ^^^^^^^^^^^^^^^^^^^^^^^
  File "C:\Users\kevin\Documents\Cephadex\.venv\Lib\site-packages\sqlalchemy\engine\base.py", line 1705, in _execute_20
    return meth(self, args_10style, kwargs_10style, execution_options)
           ^^^^^^^^^^^^^^^^^^^^^^^^^^^^^^^^^^^^^^^^^^^^^^^^^^^^^^^^^^^
  File "C:\Users\kevin\Documents\Cephadex\.venv\Lib\site-packages\sqlalchemy\sql\elements.py", line 334, in _execute_on_connection
    return connection._execute_clauseelement(
           ^^^^^^^^^^^^^^^^^^^^^^^^^^^^^^^^^^
  File "C:\Users\kevin\Documents\Cephadex\.venv\Lib\site-packages\sqlalchemy\engine\base.py", line 1572, in _execute_clauseelement
    ret = self._execute_context(
          ^^^^^^^^^^^^^^^^^^^^^^
  File "C:\Users\kevin\Documents\Cephadex\.venv\Lib\site-packages\sqlalchemy\engine\base.py", line 1943, in _execute_context
    self._handle_dbapi_exception(
  File "C:\Users\kevin\Documents\Cephadex\.venv\Lib\site-packages\sqlalchemy\engine\base.py", line 2124, in _handle_dbapi_exception
    util.raise_(
  File "C:\Users\kevin\Documents\Cephadex\.venv\Lib\site-packages\sqlalchemy\util\compat.py", line 211, in raise_
    raise exception
  File "C:\Users\kevin\Documents\Cephadex\.venv\Lib\site-packages\sqlalchemy\engine\base.py", line 1900, in _execute_context
    self.dialect.do_execute(
  File "C:\Users\kevin\Documents\Cephadex\.venv\Lib\site-packages\sqlalchemy\engine\default.py", line 736, in do_execute
    cursor.execute(statement, parameters)
  File "C:\Users\kevin\Documents\Cephadex\.venv\Lib\site-packages\mysql\connector\cursor_cext.py", line 330, in execute
    result = self._cnx.cmd_query(
             ^^^^^^^^^^^^^^^^^^^^
  File "C:\Users\kevin\Documents\Cephadex\.venv\Lib\site-packages\mysql\connector\connection_cext.py", line 616, in cmd_query
    raise get_mysql_exception(
sqlalchemy.exc.IntegrityError: (mysql.connector.errors.IntegrityError) 1451 (23000): Cannot delete or update a parent row: a foreign key constraint fails (`mysqldb1`.`deck_attributes`, CONSTRAINT `deck_attributes_ibfk_1` FOREIGN KEY (`deck_id`) REFERENCES `deck` (`id`))
[SQL: DELETE FROM deck WHERE deck.id = %(id)s]
[parameters: {'id': 733}]
(Background on this error at: https://sqlalche.me/e/14/gkpj)
2023-08-26 16:12:11,392 - flask_app - ERROR - Exception occurred in function delete. Extra info: No extra info provided.
Traceback (most recent call last):
  File "C:\Users\kevin\Documents\Cephadex\.venv\Lib\site-packages\mysql\connector\connection_cext.py", line 608, in cmd_query
    self._cmysql.query(
_mysql_connector.MySQLInterfaceError: Cannot delete or update a parent row: a foreign key constraint fails (`mysqldb1`.`deck_attributes`, CONSTRAINT `deck_attributes_ibfk_1` FOREIGN KEY (`deck_id`) REFERENCES `deck` (`id`))

The above exception was the direct cause of the following exception:

Traceback (most recent call last):
  File "C:\Users\kevin\Documents\Cephadex\.venv\Lib\site-packages\sqlalchemy\engine\base.py", line 1900, in _execute_context
    self.dialect.do_execute(
  File "C:\Users\kevin\Documents\Cephadex\.venv\Lib\site-packages\sqlalchemy\engine\default.py", line 736, in do_execute
    cursor.execute(statement, parameters)
  File "C:\Users\kevin\Documents\Cephadex\.venv\Lib\site-packages\mysql\connector\cursor_cext.py", line 330, in execute
    result = self._cnx.cmd_query(
             ^^^^^^^^^^^^^^^^^^^^
  File "C:\Users\kevin\Documents\Cephadex\.venv\Lib\site-packages\mysql\connector\connection_cext.py", line 616, in cmd_query
    raise get_mysql_exception(
mysql.connector.errors.IntegrityError: 1451 (23000): Cannot delete or update a parent row: a foreign key constraint fails (`mysqldb1`.`deck_attributes`, CONSTRAINT `deck_attributes_ibfk_1` FOREIGN KEY (`deck_id`) REFERENCES `deck` (`id`))

The above exception was the direct cause of the following exception:

Traceback (most recent call last):
  File "C:\Users\kevin\Documents\Cephadex\cards\models\helpers\log_decorators.py", line 17, in wrapper
    result = f(*args, **kwargs)
             ^^^^^^^^^^^^^^^^^^
  File "C:\Users\kevin\Documents\Cephadex\cards\views\deck_bp.py", line 106, in delete
    db.session.commit()
  File "<string>", line 2, in commit
  File "C:\Users\kevin\Documents\Cephadex\.venv\Lib\site-packages\sqlalchemy\orm\session.py", line 1451, in commit
    self._transaction.commit(_to_root=self.future)
  File "C:\Users\kevin\Documents\Cephadex\.venv\Lib\site-packages\sqlalchemy\orm\session.py", line 829, in commit
    self._prepare_impl()
  File "C:\Users\kevin\Documents\Cephadex\.venv\Lib\site-packages\sqlalchemy\orm\session.py", line 808, in _prepare_impl
    self.session.flush()
  File "C:\Users\kevin\Documents\Cephadex\.venv\Lib\site-packages\sqlalchemy\orm\session.py", line 3444, in flush
    self._flush(objects)
  File "C:\Users\kevin\Documents\Cephadex\.venv\Lib\site-packages\sqlalchemy\orm\session.py", line 3583, in _flush
    with util.safe_reraise():
  File "C:\Users\kevin\Documents\Cephadex\.venv\Lib\site-packages\sqlalchemy\util\langhelpers.py", line 70, in __exit__
    compat.raise_(
  File "C:\Users\kevin\Documents\Cephadex\.venv\Lib\site-packages\sqlalchemy\util\compat.py", line 211, in raise_
    raise exception
  File "C:\Users\kevin\Documents\Cephadex\.venv\Lib\site-packages\sqlalchemy\orm\session.py", line 3544, in _flush
    flush_context.execute()
  File "C:\Users\kevin\Documents\Cephadex\.venv\Lib\site-packages\sqlalchemy\orm\unitofwork.py", line 456, in execute
    rec.execute(self)
  File "C:\Users\kevin\Documents\Cephadex\.venv\Lib\site-packages\sqlalchemy\orm\unitofwork.py", line 667, in execute
    util.preloaded.orm_persistence.delete_obj(
  File "C:\Users\kevin\Documents\Cephadex\.venv\Lib\site-packages\sqlalchemy\orm\persistence.py", line 343, in delete_obj
    _emit_delete_statements(
  File "C:\Users\kevin\Documents\Cephadex\.venv\Lib\site-packages\sqlalchemy\orm\persistence.py", line 1468, in _emit_delete_statements
    c = connection._execute_20(
        ^^^^^^^^^^^^^^^^^^^^^^^
  File "C:\Users\kevin\Documents\Cephadex\.venv\Lib\site-packages\sqlalchemy\engine\base.py", line 1705, in _execute_20
    return meth(self, args_10style, kwargs_10style, execution_options)
           ^^^^^^^^^^^^^^^^^^^^^^^^^^^^^^^^^^^^^^^^^^^^^^^^^^^^^^^^^^^
  File "C:\Users\kevin\Documents\Cephadex\.venv\Lib\site-packages\sqlalchemy\sql\elements.py", line 334, in _execute_on_connection
    return connection._execute_clauseelement(
           ^^^^^^^^^^^^^^^^^^^^^^^^^^^^^^^^^^
  File "C:\Users\kevin\Documents\Cephadex\.venv\Lib\site-packages\sqlalchemy\engine\base.py", line 1572, in _execute_clauseelement
    ret = self._execute_context(
          ^^^^^^^^^^^^^^^^^^^^^^
  File "C:\Users\kevin\Documents\Cephadex\.venv\Lib\site-packages\sqlalchemy\engine\base.py", line 1943, in _execute_context
    self._handle_dbapi_exception(
  File "C:\Users\kevin\Documents\Cephadex\.venv\Lib\site-packages\sqlalchemy\engine\base.py", line 2124, in _handle_dbapi_exception
    util.raise_(
  File "C:\Users\kevin\Documents\Cephadex\.venv\Lib\site-packages\sqlalchemy\util\compat.py", line 211, in raise_
    raise exception
  File "C:\Users\kevin\Documents\Cephadex\.venv\Lib\site-packages\sqlalchemy\engine\base.py", line 1900, in _execute_context
    self.dialect.do_execute(
  File "C:\Users\kevin\Documents\Cephadex\.venv\Lib\site-packages\sqlalchemy\engine\default.py", line 736, in do_execute
    cursor.execute(statement, parameters)
  File "C:\Users\kevin\Documents\Cephadex\.venv\Lib\site-packages\mysql\connector\cursor_cext.py", line 330, in execute
    result = self._cnx.cmd_query(
             ^^^^^^^^^^^^^^^^^^^^
  File "C:\Users\kevin\Documents\Cephadex\.venv\Lib\site-packages\mysql\connector\connection_cext.py", line 616, in cmd_query
    raise get_mysql_exception(
sqlalchemy.exc.IntegrityError: (mysql.connector.errors.IntegrityError) 1451 (23000): Cannot delete or update a parent row: a foreign key constraint fails (`mysqldb1`.`deck_attributes`, CONSTRAINT `deck_attributes_ibfk_1` FOREIGN KEY (`deck_id`) REFERENCES `deck` (`id`))
[SQL: DELETE FROM deck WHERE deck.id = %(id)s]
[parameters: {'id': 741}]
(Background on this error at: https://sqlalche.me/e/14/gkpj)
2023-08-26 16:12:13,245 - flask_app - ERROR - Exception occurred in function delete. Extra info: No extra info provided.
Traceback (most recent call last):
  File "C:\Users\kevin\Documents\Cephadex\.venv\Lib\site-packages\mysql\connector\connection_cext.py", line 608, in cmd_query
    self._cmysql.query(
_mysql_connector.MySQLInterfaceError: Cannot delete or update a parent row: a foreign key constraint fails (`mysqldb1`.`deck_attributes`, CONSTRAINT `deck_attributes_ibfk_1` FOREIGN KEY (`deck_id`) REFERENCES `deck` (`id`))

The above exception was the direct cause of the following exception:

Traceback (most recent call last):
  File "C:\Users\kevin\Documents\Cephadex\.venv\Lib\site-packages\sqlalchemy\engine\base.py", line 1900, in _execute_context
    self.dialect.do_execute(
  File "C:\Users\kevin\Documents\Cephadex\.venv\Lib\site-packages\sqlalchemy\engine\default.py", line 736, in do_execute
    cursor.execute(statement, parameters)
  File "C:\Users\kevin\Documents\Cephadex\.venv\Lib\site-packages\mysql\connector\cursor_cext.py", line 330, in execute
    result = self._cnx.cmd_query(
             ^^^^^^^^^^^^^^^^^^^^
  File "C:\Users\kevin\Documents\Cephadex\.venv\Lib\site-packages\mysql\connector\connection_cext.py", line 616, in cmd_query
    raise get_mysql_exception(
mysql.connector.errors.IntegrityError: 1451 (23000): Cannot delete or update a parent row: a foreign key constraint fails (`mysqldb1`.`deck_attributes`, CONSTRAINT `deck_attributes_ibfk_1` FOREIGN KEY (`deck_id`) REFERENCES `deck` (`id`))

The above exception was the direct cause of the following exception:

Traceback (most recent call last):
  File "C:\Users\kevin\Documents\Cephadex\cards\models\helpers\log_decorators.py", line 17, in wrapper
    result = f(*args, **kwargs)
             ^^^^^^^^^^^^^^^^^^
  File "C:\Users\kevin\Documents\Cephadex\cards\views\deck_bp.py", line 106, in delete
    db.session.commit()
  File "<string>", line 2, in commit
  File "C:\Users\kevin\Documents\Cephadex\.venv\Lib\site-packages\sqlalchemy\orm\session.py", line 1451, in commit
    self._transaction.commit(_to_root=self.future)
  File "C:\Users\kevin\Documents\Cephadex\.venv\Lib\site-packages\sqlalchemy\orm\session.py", line 829, in commit
    self._prepare_impl()
  File "C:\Users\kevin\Documents\Cephadex\.venv\Lib\site-packages\sqlalchemy\orm\session.py", line 808, in _prepare_impl
    self.session.flush()
  File "C:\Users\kevin\Documents\Cephadex\.venv\Lib\site-packages\sqlalchemy\orm\session.py", line 3444, in flush
    self._flush(objects)
  File "C:\Users\kevin\Documents\Cephadex\.venv\Lib\site-packages\sqlalchemy\orm\session.py", line 3583, in _flush
    with util.safe_reraise():
  File "C:\Users\kevin\Documents\Cephadex\.venv\Lib\site-packages\sqlalchemy\util\langhelpers.py", line 70, in __exit__
    compat.raise_(
  File "C:\Users\kevin\Documents\Cephadex\.venv\Lib\site-packages\sqlalchemy\util\compat.py", line 211, in raise_
    raise exception
  File "C:\Users\kevin\Documents\Cephadex\.venv\Lib\site-packages\sqlalchemy\orm\session.py", line 3544, in _flush
    flush_context.execute()
  File "C:\Users\kevin\Documents\Cephadex\.venv\Lib\site-packages\sqlalchemy\orm\unitofwork.py", line 456, in execute
    rec.execute(self)
  File "C:\Users\kevin\Documents\Cephadex\.venv\Lib\site-packages\sqlalchemy\orm\unitofwork.py", line 667, in execute
    util.preloaded.orm_persistence.delete_obj(
  File "C:\Users\kevin\Documents\Cephadex\.venv\Lib\site-packages\sqlalchemy\orm\persistence.py", line 343, in delete_obj
    _emit_delete_statements(
  File "C:\Users\kevin\Documents\Cephadex\.venv\Lib\site-packages\sqlalchemy\orm\persistence.py", line 1468, in _emit_delete_statements
    c = connection._execute_20(
        ^^^^^^^^^^^^^^^^^^^^^^^
  File "C:\Users\kevin\Documents\Cephadex\.venv\Lib\site-packages\sqlalchemy\engine\base.py", line 1705, in _execute_20
    return meth(self, args_10style, kwargs_10style, execution_options)
           ^^^^^^^^^^^^^^^^^^^^^^^^^^^^^^^^^^^^^^^^^^^^^^^^^^^^^^^^^^^
  File "C:\Users\kevin\Documents\Cephadex\.venv\Lib\site-packages\sqlalchemy\sql\elements.py", line 334, in _execute_on_connection
    return connection._execute_clauseelement(
           ^^^^^^^^^^^^^^^^^^^^^^^^^^^^^^^^^^
  File "C:\Users\kevin\Documents\Cephadex\.venv\Lib\site-packages\sqlalchemy\engine\base.py", line 1572, in _execute_clauseelement
    ret = self._execute_context(
          ^^^^^^^^^^^^^^^^^^^^^^
  File "C:\Users\kevin\Documents\Cephadex\.venv\Lib\site-packages\sqlalchemy\engine\base.py", line 1943, in _execute_context
    self._handle_dbapi_exception(
  File "C:\Users\kevin\Documents\Cephadex\.venv\Lib\site-packages\sqlalchemy\engine\base.py", line 2124, in _handle_dbapi_exception
    util.raise_(
  File "C:\Users\kevin\Documents\Cephadex\.venv\Lib\site-packages\sqlalchemy\util\compat.py", line 211, in raise_
    raise exception
  File "C:\Users\kevin\Documents\Cephadex\.venv\Lib\site-packages\sqlalchemy\engine\base.py", line 1900, in _execute_context
    self.dialect.do_execute(
  File "C:\Users\kevin\Documents\Cephadex\.venv\Lib\site-packages\sqlalchemy\engine\default.py", line 736, in do_execute
    cursor.execute(statement, parameters)
  File "C:\Users\kevin\Documents\Cephadex\.venv\Lib\site-packages\mysql\connector\cursor_cext.py", line 330, in execute
    result = self._cnx.cmd_query(
             ^^^^^^^^^^^^^^^^^^^^
  File "C:\Users\kevin\Documents\Cephadex\.venv\Lib\site-packages\mysql\connector\connection_cext.py", line 616, in cmd_query
    raise get_mysql_exception(
sqlalchemy.exc.IntegrityError: (mysql.connector.errors.IntegrityError) 1451 (23000): Cannot delete or update a parent row: a foreign key constraint fails (`mysqldb1`.`deck_attributes`, CONSTRAINT `deck_attributes_ibfk_1` FOREIGN KEY (`deck_id`) REFERENCES `deck` (`id`))
[SQL: DELETE FROM deck WHERE deck.id = %(id)s]
[parameters: {'id': 735}]
(Background on this error at: https://sqlalche.me/e/14/gkpj)
2023-08-26 16:12:14,921 - flask_app - ERROR - Exception occurred in function delete. Extra info: No extra info provided.
Traceback (most recent call last):
  File "C:\Users\kevin\Documents\Cephadex\.venv\Lib\site-packages\mysql\connector\connection_cext.py", line 608, in cmd_query
    self._cmysql.query(
_mysql_connector.MySQLInterfaceError: Cannot delete or update a parent row: a foreign key constraint fails (`mysqldb1`.`deck_attributes`, CONSTRAINT `deck_attributes_ibfk_1` FOREIGN KEY (`deck_id`) REFERENCES `deck` (`id`))

The above exception was the direct cause of the following exception:

Traceback (most recent call last):
  File "C:\Users\kevin\Documents\Cephadex\.venv\Lib\site-packages\sqlalchemy\engine\base.py", line 1900, in _execute_context
    self.dialect.do_execute(
  File "C:\Users\kevin\Documents\Cephadex\.venv\Lib\site-packages\sqlalchemy\engine\default.py", line 736, in do_execute
    cursor.execute(statement, parameters)
  File "C:\Users\kevin\Documents\Cephadex\.venv\Lib\site-packages\mysql\connector\cursor_cext.py", line 330, in execute
    result = self._cnx.cmd_query(
             ^^^^^^^^^^^^^^^^^^^^
  File "C:\Users\kevin\Documents\Cephadex\.venv\Lib\site-packages\mysql\connector\connection_cext.py", line 616, in cmd_query
    raise get_mysql_exception(
mysql.connector.errors.IntegrityError: 1451 (23000): Cannot delete or update a parent row: a foreign key constraint fails (`mysqldb1`.`deck_attributes`, CONSTRAINT `deck_attributes_ibfk_1` FOREIGN KEY (`deck_id`) REFERENCES `deck` (`id`))

The above exception was the direct cause of the following exception:

Traceback (most recent call last):
  File "C:\Users\kevin\Documents\Cephadex\cards\models\helpers\log_decorators.py", line 17, in wrapper
    result = f(*args, **kwargs)
             ^^^^^^^^^^^^^^^^^^
  File "C:\Users\kevin\Documents\Cephadex\cards\views\deck_bp.py", line 106, in delete
    db.session.commit()
  File "<string>", line 2, in commit
  File "C:\Users\kevin\Documents\Cephadex\.venv\Lib\site-packages\sqlalchemy\orm\session.py", line 1451, in commit
    self._transaction.commit(_to_root=self.future)
  File "C:\Users\kevin\Documents\Cephadex\.venv\Lib\site-packages\sqlalchemy\orm\session.py", line 829, in commit
    self._prepare_impl()
  File "C:\Users\kevin\Documents\Cephadex\.venv\Lib\site-packages\sqlalchemy\orm\session.py", line 808, in _prepare_impl
    self.session.flush()
  File "C:\Users\kevin\Documents\Cephadex\.venv\Lib\site-packages\sqlalchemy\orm\session.py", line 3444, in flush
    self._flush(objects)
  File "C:\Users\kevin\Documents\Cephadex\.venv\Lib\site-packages\sqlalchemy\orm\session.py", line 3583, in _flush
    with util.safe_reraise():
  File "C:\Users\kevin\Documents\Cephadex\.venv\Lib\site-packages\sqlalchemy\util\langhelpers.py", line 70, in __exit__
    compat.raise_(
  File "C:\Users\kevin\Documents\Cephadex\.venv\Lib\site-packages\sqlalchemy\util\compat.py", line 211, in raise_
    raise exception
  File "C:\Users\kevin\Documents\Cephadex\.venv\Lib\site-packages\sqlalchemy\orm\session.py", line 3544, in _flush
    flush_context.execute()
  File "C:\Users\kevin\Documents\Cephadex\.venv\Lib\site-packages\sqlalchemy\orm\unitofwork.py", line 456, in execute
    rec.execute(self)
  File "C:\Users\kevin\Documents\Cephadex\.venv\Lib\site-packages\sqlalchemy\orm\unitofwork.py", line 667, in execute
    util.preloaded.orm_persistence.delete_obj(
  File "C:\Users\kevin\Documents\Cephadex\.venv\Lib\site-packages\sqlalchemy\orm\persistence.py", line 343, in delete_obj
    _emit_delete_statements(
  File "C:\Users\kevin\Documents\Cephadex\.venv\Lib\site-packages\sqlalchemy\orm\persistence.py", line 1468, in _emit_delete_statements
    c = connection._execute_20(
        ^^^^^^^^^^^^^^^^^^^^^^^
  File "C:\Users\kevin\Documents\Cephadex\.venv\Lib\site-packages\sqlalchemy\engine\base.py", line 1705, in _execute_20
    return meth(self, args_10style, kwargs_10style, execution_options)
           ^^^^^^^^^^^^^^^^^^^^^^^^^^^^^^^^^^^^^^^^^^^^^^^^^^^^^^^^^^^
  File "C:\Users\kevin\Documents\Cephadex\.venv\Lib\site-packages\sqlalchemy\sql\elements.py", line 334, in _execute_on_connection
    return connection._execute_clauseelement(
           ^^^^^^^^^^^^^^^^^^^^^^^^^^^^^^^^^^
  File "C:\Users\kevin\Documents\Cephadex\.venv\Lib\site-packages\sqlalchemy\engine\base.py", line 1572, in _execute_clauseelement
    ret = self._execute_context(
          ^^^^^^^^^^^^^^^^^^^^^^
  File "C:\Users\kevin\Documents\Cephadex\.venv\Lib\site-packages\sqlalchemy\engine\base.py", line 1943, in _execute_context
    self._handle_dbapi_exception(
  File "C:\Users\kevin\Documents\Cephadex\.venv\Lib\site-packages\sqlalchemy\engine\base.py", line 2124, in _handle_dbapi_exception
    util.raise_(
  File "C:\Users\kevin\Documents\Cephadex\.venv\Lib\site-packages\sqlalchemy\util\compat.py", line 211, in raise_
    raise exception
  File "C:\Users\kevin\Documents\Cephadex\.venv\Lib\site-packages\sqlalchemy\engine\base.py", line 1900, in _execute_context
    self.dialect.do_execute(
  File "C:\Users\kevin\Documents\Cephadex\.venv\Lib\site-packages\sqlalchemy\engine\default.py", line 736, in do_execute
    cursor.execute(statement, parameters)
  File "C:\Users\kevin\Documents\Cephadex\.venv\Lib\site-packages\mysql\connector\cursor_cext.py", line 330, in execute
    result = self._cnx.cmd_query(
             ^^^^^^^^^^^^^^^^^^^^
  File "C:\Users\kevin\Documents\Cephadex\.venv\Lib\site-packages\mysql\connector\connection_cext.py", line 616, in cmd_query
    raise get_mysql_exception(
sqlalchemy.exc.IntegrityError: (mysql.connector.errors.IntegrityError) 1451 (23000): Cannot delete or update a parent row: a foreign key constraint fails (`mysqldb1`.`deck_attributes`, CONSTRAINT `deck_attributes_ibfk_1` FOREIGN KEY (`deck_id`) REFERENCES `deck` (`id`))
[SQL: DELETE FROM deck WHERE deck.id = %(id)s]
[parameters: {'id': 733}]
(Background on this error at: https://sqlalche.me/e/14/gkpj)
2023-08-26 16:12:18,151 - flask_app - ERROR - Exception occurred in function delete. Extra info: No extra info provided.
Traceback (most recent call last):
  File "C:\Users\kevin\Documents\Cephadex\.venv\Lib\site-packages\mysql\connector\connection_cext.py", line 608, in cmd_query
    self._cmysql.query(
_mysql_connector.MySQLInterfaceError: Cannot delete or update a parent row: a foreign key constraint fails (`mysqldb1`.`deck_attributes`, CONSTRAINT `deck_attributes_ibfk_1` FOREIGN KEY (`deck_id`) REFERENCES `deck` (`id`))

The above exception was the direct cause of the following exception:

Traceback (most recent call last):
  File "C:\Users\kevin\Documents\Cephadex\.venv\Lib\site-packages\sqlalchemy\engine\base.py", line 1900, in _execute_context
    self.dialect.do_execute(
  File "C:\Users\kevin\Documents\Cephadex\.venv\Lib\site-packages\sqlalchemy\engine\default.py", line 736, in do_execute
    cursor.execute(statement, parameters)
  File "C:\Users\kevin\Documents\Cephadex\.venv\Lib\site-packages\mysql\connector\cursor_cext.py", line 330, in execute
    result = self._cnx.cmd_query(
             ^^^^^^^^^^^^^^^^^^^^
  File "C:\Users\kevin\Documents\Cephadex\.venv\Lib\site-packages\mysql\connector\connection_cext.py", line 616, in cmd_query
    raise get_mysql_exception(
mysql.connector.errors.IntegrityError: 1451 (23000): Cannot delete or update a parent row: a foreign key constraint fails (`mysqldb1`.`deck_attributes`, CONSTRAINT `deck_attributes_ibfk_1` FOREIGN KEY (`deck_id`) REFERENCES `deck` (`id`))

The above exception was the direct cause of the following exception:

Traceback (most recent call last):
  File "C:\Users\kevin\Documents\Cephadex\cards\models\helpers\log_decorators.py", line 17, in wrapper
    result = f(*args, **kwargs)
             ^^^^^^^^^^^^^^^^^^
  File "C:\Users\kevin\Documents\Cephadex\cards\views\deck_bp.py", line 106, in delete
    db.session.commit()
  File "<string>", line 2, in commit
  File "C:\Users\kevin\Documents\Cephadex\.venv\Lib\site-packages\sqlalchemy\orm\session.py", line 1451, in commit
    self._transaction.commit(_to_root=self.future)
  File "C:\Users\kevin\Documents\Cephadex\.venv\Lib\site-packages\sqlalchemy\orm\session.py", line 829, in commit
    self._prepare_impl()
  File "C:\Users\kevin\Documents\Cephadex\.venv\Lib\site-packages\sqlalchemy\orm\session.py", line 808, in _prepare_impl
    self.session.flush()
  File "C:\Users\kevin\Documents\Cephadex\.venv\Lib\site-packages\sqlalchemy\orm\session.py", line 3444, in flush
    self._flush(objects)
  File "C:\Users\kevin\Documents\Cephadex\.venv\Lib\site-packages\sqlalchemy\orm\session.py", line 3583, in _flush
    with util.safe_reraise():
  File "C:\Users\kevin\Documents\Cephadex\.venv\Lib\site-packages\sqlalchemy\util\langhelpers.py", line 70, in __exit__
    compat.raise_(
  File "C:\Users\kevin\Documents\Cephadex\.venv\Lib\site-packages\sqlalchemy\util\compat.py", line 211, in raise_
    raise exception
  File "C:\Users\kevin\Documents\Cephadex\.venv\Lib\site-packages\sqlalchemy\orm\session.py", line 3544, in _flush
    flush_context.execute()
  File "C:\Users\kevin\Documents\Cephadex\.venv\Lib\site-packages\sqlalchemy\orm\unitofwork.py", line 456, in execute
    rec.execute(self)
  File "C:\Users\kevin\Documents\Cephadex\.venv\Lib\site-packages\sqlalchemy\orm\unitofwork.py", line 667, in execute
    util.preloaded.orm_persistence.delete_obj(
  File "C:\Users\kevin\Documents\Cephadex\.venv\Lib\site-packages\sqlalchemy\orm\persistence.py", line 343, in delete_obj
    _emit_delete_statements(
  File "C:\Users\kevin\Documents\Cephadex\.venv\Lib\site-packages\sqlalchemy\orm\persistence.py", line 1468, in _emit_delete_statements
    c = connection._execute_20(
        ^^^^^^^^^^^^^^^^^^^^^^^
  File "C:\Users\kevin\Documents\Cephadex\.venv\Lib\site-packages\sqlalchemy\engine\base.py", line 1705, in _execute_20
    return meth(self, args_10style, kwargs_10style, execution_options)
           ^^^^^^^^^^^^^^^^^^^^^^^^^^^^^^^^^^^^^^^^^^^^^^^^^^^^^^^^^^^
  File "C:\Users\kevin\Documents\Cephadex\.venv\Lib\site-packages\sqlalchemy\sql\elements.py", line 334, in _execute_on_connection
    return connection._execute_clauseelement(
           ^^^^^^^^^^^^^^^^^^^^^^^^^^^^^^^^^^
  File "C:\Users\kevin\Documents\Cephadex\.venv\Lib\site-packages\sqlalchemy\engine\base.py", line 1572, in _execute_clauseelement
    ret = self._execute_context(
          ^^^^^^^^^^^^^^^^^^^^^^
  File "C:\Users\kevin\Documents\Cephadex\.venv\Lib\site-packages\sqlalchemy\engine\base.py", line 1943, in _execute_context
    self._handle_dbapi_exception(
  File "C:\Users\kevin\Documents\Cephadex\.venv\Lib\site-packages\sqlalchemy\engine\base.py", line 2124, in _handle_dbapi_exception
    util.raise_(
  File "C:\Users\kevin\Documents\Cephadex\.venv\Lib\site-packages\sqlalchemy\util\compat.py", line 211, in raise_
    raise exception
  File "C:\Users\kevin\Documents\Cephadex\.venv\Lib\site-packages\sqlalchemy\engine\base.py", line 1900, in _execute_context
    self.dialect.do_execute(
  File "C:\Users\kevin\Documents\Cephadex\.venv\Lib\site-packages\sqlalchemy\engine\default.py", line 736, in do_execute
    cursor.execute(statement, parameters)
  File "C:\Users\kevin\Documents\Cephadex\.venv\Lib\site-packages\mysql\connector\cursor_cext.py", line 330, in execute
    result = self._cnx.cmd_query(
             ^^^^^^^^^^^^^^^^^^^^
  File "C:\Users\kevin\Documents\Cephadex\.venv\Lib\site-packages\mysql\connector\connection_cext.py", line 616, in cmd_query
    raise get_mysql_exception(
sqlalchemy.exc.IntegrityError: (mysql.connector.errors.IntegrityError) 1451 (23000): Cannot delete or update a parent row: a foreign key constraint fails (`mysqldb1`.`deck_attributes`, CONSTRAINT `deck_attributes_ibfk_1` FOREIGN KEY (`deck_id`) REFERENCES `deck` (`id`))
[SQL: DELETE FROM deck WHERE deck.id = %(id)s]
[parameters: {'id': 727}]
(Background on this error at: https://sqlalche.me/e/14/gkpj)
2023-08-26 16:12:20,664 - flask_app - ERROR - Exception occurred in function delete. Extra info: No extra info provided.
Traceback (most recent call last):
  File "C:\Users\kevin\Documents\Cephadex\.venv\Lib\site-packages\mysql\connector\connection_cext.py", line 608, in cmd_query
    self._cmysql.query(
_mysql_connector.MySQLInterfaceError: Cannot delete or update a parent row: a foreign key constraint fails (`mysqldb1`.`deck_attributes`, CONSTRAINT `deck_attributes_ibfk_1` FOREIGN KEY (`deck_id`) REFERENCES `deck` (`id`))

The above exception was the direct cause of the following exception:

Traceback (most recent call last):
  File "C:\Users\kevin\Documents\Cephadex\.venv\Lib\site-packages\sqlalchemy\engine\base.py", line 1900, in _execute_context
    self.dialect.do_execute(
  File "C:\Users\kevin\Documents\Cephadex\.venv\Lib\site-packages\sqlalchemy\engine\default.py", line 736, in do_execute
    cursor.execute(statement, parameters)
  File "C:\Users\kevin\Documents\Cephadex\.venv\Lib\site-packages\mysql\connector\cursor_cext.py", line 330, in execute
    result = self._cnx.cmd_query(
             ^^^^^^^^^^^^^^^^^^^^
  File "C:\Users\kevin\Documents\Cephadex\.venv\Lib\site-packages\mysql\connector\connection_cext.py", line 616, in cmd_query
    raise get_mysql_exception(
mysql.connector.errors.IntegrityError: 1451 (23000): Cannot delete or update a parent row: a foreign key constraint fails (`mysqldb1`.`deck_attributes`, CONSTRAINT `deck_attributes_ibfk_1` FOREIGN KEY (`deck_id`) REFERENCES `deck` (`id`))

The above exception was the direct cause of the following exception:

Traceback (most recent call last):
  File "C:\Users\kevin\Documents\Cephadex\cards\models\helpers\log_decorators.py", line 17, in wrapper
    result = f(*args, **kwargs)
             ^^^^^^^^^^^^^^^^^^
  File "C:\Users\kevin\Documents\Cephadex\cards\views\deck_bp.py", line 106, in delete
    db.session.commit()
  File "<string>", line 2, in commit
  File "C:\Users\kevin\Documents\Cephadex\.venv\Lib\site-packages\sqlalchemy\orm\session.py", line 1451, in commit
    self._transaction.commit(_to_root=self.future)
  File "C:\Users\kevin\Documents\Cephadex\.venv\Lib\site-packages\sqlalchemy\orm\session.py", line 829, in commit
    self._prepare_impl()
  File "C:\Users\kevin\Documents\Cephadex\.venv\Lib\site-packages\sqlalchemy\orm\session.py", line 808, in _prepare_impl
    self.session.flush()
  File "C:\Users\kevin\Documents\Cephadex\.venv\Lib\site-packages\sqlalchemy\orm\session.py", line 3444, in flush
    self._flush(objects)
  File "C:\Users\kevin\Documents\Cephadex\.venv\Lib\site-packages\sqlalchemy\orm\session.py", line 3583, in _flush
    with util.safe_reraise():
  File "C:\Users\kevin\Documents\Cephadex\.venv\Lib\site-packages\sqlalchemy\util\langhelpers.py", line 70, in __exit__
    compat.raise_(
  File "C:\Users\kevin\Documents\Cephadex\.venv\Lib\site-packages\sqlalchemy\util\compat.py", line 211, in raise_
    raise exception
  File "C:\Users\kevin\Documents\Cephadex\.venv\Lib\site-packages\sqlalchemy\orm\session.py", line 3544, in _flush
    flush_context.execute()
  File "C:\Users\kevin\Documents\Cephadex\.venv\Lib\site-packages\sqlalchemy\orm\unitofwork.py", line 456, in execute
    rec.execute(self)
  File "C:\Users\kevin\Documents\Cephadex\.venv\Lib\site-packages\sqlalchemy\orm\unitofwork.py", line 667, in execute
    util.preloaded.orm_persistence.delete_obj(
  File "C:\Users\kevin\Documents\Cephadex\.venv\Lib\site-packages\sqlalchemy\orm\persistence.py", line 343, in delete_obj
    _emit_delete_statements(
  File "C:\Users\kevin\Documents\Cephadex\.venv\Lib\site-packages\sqlalchemy\orm\persistence.py", line 1468, in _emit_delete_statements
    c = connection._execute_20(
        ^^^^^^^^^^^^^^^^^^^^^^^
  File "C:\Users\kevin\Documents\Cephadex\.venv\Lib\site-packages\sqlalchemy\engine\base.py", line 1705, in _execute_20
    return meth(self, args_10style, kwargs_10style, execution_options)
           ^^^^^^^^^^^^^^^^^^^^^^^^^^^^^^^^^^^^^^^^^^^^^^^^^^^^^^^^^^^
  File "C:\Users\kevin\Documents\Cephadex\.venv\Lib\site-packages\sqlalchemy\sql\elements.py", line 334, in _execute_on_connection
    return connection._execute_clauseelement(
           ^^^^^^^^^^^^^^^^^^^^^^^^^^^^^^^^^^
  File "C:\Users\kevin\Documents\Cephadex\.venv\Lib\site-packages\sqlalchemy\engine\base.py", line 1572, in _execute_clauseelement
    ret = self._execute_context(
          ^^^^^^^^^^^^^^^^^^^^^^
  File "C:\Users\kevin\Documents\Cephadex\.venv\Lib\site-packages\sqlalchemy\engine\base.py", line 1943, in _execute_context
    self._handle_dbapi_exception(
  File "C:\Users\kevin\Documents\Cephadex\.venv\Lib\site-packages\sqlalchemy\engine\base.py", line 2124, in _handle_dbapi_exception
    util.raise_(
  File "C:\Users\kevin\Documents\Cephadex\.venv\Lib\site-packages\sqlalchemy\util\compat.py", line 211, in raise_
    raise exception
  File "C:\Users\kevin\Documents\Cephadex\.venv\Lib\site-packages\sqlalchemy\engine\base.py", line 1900, in _execute_context
    self.dialect.do_execute(
  File "C:\Users\kevin\Documents\Cephadex\.venv\Lib\site-packages\sqlalchemy\engine\default.py", line 736, in do_execute
    cursor.execute(statement, parameters)
  File "C:\Users\kevin\Documents\Cephadex\.venv\Lib\site-packages\mysql\connector\cursor_cext.py", line 330, in execute
    result = self._cnx.cmd_query(
             ^^^^^^^^^^^^^^^^^^^^
  File "C:\Users\kevin\Documents\Cephadex\.venv\Lib\site-packages\mysql\connector\connection_cext.py", line 616, in cmd_query
    raise get_mysql_exception(
sqlalchemy.exc.IntegrityError: (mysql.connector.errors.IntegrityError) 1451 (23000): Cannot delete or update a parent row: a foreign key constraint fails (`mysqldb1`.`deck_attributes`, CONSTRAINT `deck_attributes_ibfk_1` FOREIGN KEY (`deck_id`) REFERENCES `deck` (`id`))
[SQL: DELETE FROM deck WHERE deck.id = %(id)s]
[parameters: {'id': 725}]
(Background on this error at: https://sqlalche.me/e/14/gkpj)
2023-08-26 16:12:22,506 - flask_app - ERROR - Exception occurred in function delete. Extra info: No extra info provided.
Traceback (most recent call last):
  File "C:\Users\kevin\Documents\Cephadex\.venv\Lib\site-packages\mysql\connector\connection_cext.py", line 608, in cmd_query
    self._cmysql.query(
_mysql_connector.MySQLInterfaceError: Cannot delete or update a parent row: a foreign key constraint fails (`mysqldb1`.`deck_attributes`, CONSTRAINT `deck_attributes_ibfk_1` FOREIGN KEY (`deck_id`) REFERENCES `deck` (`id`))

The above exception was the direct cause of the following exception:

Traceback (most recent call last):
  File "C:\Users\kevin\Documents\Cephadex\.venv\Lib\site-packages\sqlalchemy\engine\base.py", line 1900, in _execute_context
    self.dialect.do_execute(
  File "C:\Users\kevin\Documents\Cephadex\.venv\Lib\site-packages\sqlalchemy\engine\default.py", line 736, in do_execute
    cursor.execute(statement, parameters)
  File "C:\Users\kevin\Documents\Cephadex\.venv\Lib\site-packages\mysql\connector\cursor_cext.py", line 330, in execute
    result = self._cnx.cmd_query(
             ^^^^^^^^^^^^^^^^^^^^
  File "C:\Users\kevin\Documents\Cephadex\.venv\Lib\site-packages\mysql\connector\connection_cext.py", line 616, in cmd_query
    raise get_mysql_exception(
mysql.connector.errors.IntegrityError: 1451 (23000): Cannot delete or update a parent row: a foreign key constraint fails (`mysqldb1`.`deck_attributes`, CONSTRAINT `deck_attributes_ibfk_1` FOREIGN KEY (`deck_id`) REFERENCES `deck` (`id`))

The above exception was the direct cause of the following exception:

Traceback (most recent call last):
  File "C:\Users\kevin\Documents\Cephadex\cards\models\helpers\log_decorators.py", line 17, in wrapper
    result = f(*args, **kwargs)
             ^^^^^^^^^^^^^^^^^^
  File "C:\Users\kevin\Documents\Cephadex\cards\views\deck_bp.py", line 106, in delete
    db.session.commit()
  File "<string>", line 2, in commit
  File "C:\Users\kevin\Documents\Cephadex\.venv\Lib\site-packages\sqlalchemy\orm\session.py", line 1451, in commit
    self._transaction.commit(_to_root=self.future)
  File "C:\Users\kevin\Documents\Cephadex\.venv\Lib\site-packages\sqlalchemy\orm\session.py", line 829, in commit
    self._prepare_impl()
  File "C:\Users\kevin\Documents\Cephadex\.venv\Lib\site-packages\sqlalchemy\orm\session.py", line 808, in _prepare_impl
    self.session.flush()
  File "C:\Users\kevin\Documents\Cephadex\.venv\Lib\site-packages\sqlalchemy\orm\session.py", line 3444, in flush
    self._flush(objects)
  File "C:\Users\kevin\Documents\Cephadex\.venv\Lib\site-packages\sqlalchemy\orm\session.py", line 3583, in _flush
    with util.safe_reraise():
  File "C:\Users\kevin\Documents\Cephadex\.venv\Lib\site-packages\sqlalchemy\util\langhelpers.py", line 70, in __exit__
    compat.raise_(
  File "C:\Users\kevin\Documents\Cephadex\.venv\Lib\site-packages\sqlalchemy\util\compat.py", line 211, in raise_
    raise exception
  File "C:\Users\kevin\Documents\Cephadex\.venv\Lib\site-packages\sqlalchemy\orm\session.py", line 3544, in _flush
    flush_context.execute()
  File "C:\Users\kevin\Documents\Cephadex\.venv\Lib\site-packages\sqlalchemy\orm\unitofwork.py", line 456, in execute
    rec.execute(self)
  File "C:\Users\kevin\Documents\Cephadex\.venv\Lib\site-packages\sqlalchemy\orm\unitofwork.py", line 667, in execute
    util.preloaded.orm_persistence.delete_obj(
  File "C:\Users\kevin\Documents\Cephadex\.venv\Lib\site-packages\sqlalchemy\orm\persistence.py", line 343, in delete_obj
    _emit_delete_statements(
  File "C:\Users\kevin\Documents\Cephadex\.venv\Lib\site-packages\sqlalchemy\orm\persistence.py", line 1468, in _emit_delete_statements
    c = connection._execute_20(
        ^^^^^^^^^^^^^^^^^^^^^^^
  File "C:\Users\kevin\Documents\Cephadex\.venv\Lib\site-packages\sqlalchemy\engine\base.py", line 1705, in _execute_20
    return meth(self, args_10style, kwargs_10style, execution_options)
           ^^^^^^^^^^^^^^^^^^^^^^^^^^^^^^^^^^^^^^^^^^^^^^^^^^^^^^^^^^^
  File "C:\Users\kevin\Documents\Cephadex\.venv\Lib\site-packages\sqlalchemy\sql\elements.py", line 334, in _execute_on_connection
    return connection._execute_clauseelement(
           ^^^^^^^^^^^^^^^^^^^^^^^^^^^^^^^^^^
  File "C:\Users\kevin\Documents\Cephadex\.venv\Lib\site-packages\sqlalchemy\engine\base.py", line 1572, in _execute_clauseelement
    ret = self._execute_context(
          ^^^^^^^^^^^^^^^^^^^^^^
  File "C:\Users\kevin\Documents\Cephadex\.venv\Lib\site-packages\sqlalchemy\engine\base.py", line 1943, in _execute_context
    self._handle_dbapi_exception(
  File "C:\Users\kevin\Documents\Cephadex\.venv\Lib\site-packages\sqlalchemy\engine\base.py", line 2124, in _handle_dbapi_exception
    util.raise_(
  File "C:\Users\kevin\Documents\Cephadex\.venv\Lib\site-packages\sqlalchemy\util\compat.py", line 211, in raise_
    raise exception
  File "C:\Users\kevin\Documents\Cephadex\.venv\Lib\site-packages\sqlalchemy\engine\base.py", line 1900, in _execute_context
    self.dialect.do_execute(
  File "C:\Users\kevin\Documents\Cephadex\.venv\Lib\site-packages\sqlalchemy\engine\default.py", line 736, in do_execute
    cursor.execute(statement, parameters)
  File "C:\Users\kevin\Documents\Cephadex\.venv\Lib\site-packages\mysql\connector\cursor_cext.py", line 330, in execute
    result = self._cnx.cmd_query(
             ^^^^^^^^^^^^^^^^^^^^
  File "C:\Users\kevin\Documents\Cephadex\.venv\Lib\site-packages\mysql\connector\connection_cext.py", line 616, in cmd_query
    raise get_mysql_exception(
sqlalchemy.exc.IntegrityError: (mysql.connector.errors.IntegrityError) 1451 (23000): Cannot delete or update a parent row: a foreign key constraint fails (`mysqldb1`.`deck_attributes`, CONSTRAINT `deck_attributes_ibfk_1` FOREIGN KEY (`deck_id`) REFERENCES `deck` (`id`))
[SQL: DELETE FROM deck WHERE deck.id = %(id)s]
[parameters: {'id': 743}]
(Background on this error at: https://sqlalche.me/e/14/gkpj)
2023-08-26 16:12:25,638 - flask_app - ERROR - Exception occurred in function delete. Extra info: No extra info provided.
Traceback (most recent call last):
  File "C:\Users\kevin\Documents\Cephadex\.venv\Lib\site-packages\mysql\connector\connection_cext.py", line 608, in cmd_query
    self._cmysql.query(
_mysql_connector.MySQLInterfaceError: Cannot delete or update a parent row: a foreign key constraint fails (`mysqldb1`.`deck_attributes`, CONSTRAINT `deck_attributes_ibfk_1` FOREIGN KEY (`deck_id`) REFERENCES `deck` (`id`))

The above exception was the direct cause of the following exception:

Traceback (most recent call last):
  File "C:\Users\kevin\Documents\Cephadex\.venv\Lib\site-packages\sqlalchemy\engine\base.py", line 1900, in _execute_context
    self.dialect.do_execute(
  File "C:\Users\kevin\Documents\Cephadex\.venv\Lib\site-packages\sqlalchemy\engine\default.py", line 736, in do_execute
    cursor.execute(statement, parameters)
  File "C:\Users\kevin\Documents\Cephadex\.venv\Lib\site-packages\mysql\connector\cursor_cext.py", line 330, in execute
    result = self._cnx.cmd_query(
             ^^^^^^^^^^^^^^^^^^^^
  File "C:\Users\kevin\Documents\Cephadex\.venv\Lib\site-packages\mysql\connector\connection_cext.py", line 616, in cmd_query
    raise get_mysql_exception(
mysql.connector.errors.IntegrityError: 1451 (23000): Cannot delete or update a parent row: a foreign key constraint fails (`mysqldb1`.`deck_attributes`, CONSTRAINT `deck_attributes_ibfk_1` FOREIGN KEY (`deck_id`) REFERENCES `deck` (`id`))

The above exception was the direct cause of the following exception:

Traceback (most recent call last):
  File "C:\Users\kevin\Documents\Cephadex\cards\models\helpers\log_decorators.py", line 17, in wrapper
    result = f(*args, **kwargs)
             ^^^^^^^^^^^^^^^^^^
  File "C:\Users\kevin\Documents\Cephadex\cards\views\deck_bp.py", line 106, in delete
    db.session.commit()
  File "<string>", line 2, in commit
  File "C:\Users\kevin\Documents\Cephadex\.venv\Lib\site-packages\sqlalchemy\orm\session.py", line 1451, in commit
    self._transaction.commit(_to_root=self.future)
  File "C:\Users\kevin\Documents\Cephadex\.venv\Lib\site-packages\sqlalchemy\orm\session.py", line 829, in commit
    self._prepare_impl()
  File "C:\Users\kevin\Documents\Cephadex\.venv\Lib\site-packages\sqlalchemy\orm\session.py", line 808, in _prepare_impl
    self.session.flush()
  File "C:\Users\kevin\Documents\Cephadex\.venv\Lib\site-packages\sqlalchemy\orm\session.py", line 3444, in flush
    self._flush(objects)
  File "C:\Users\kevin\Documents\Cephadex\.venv\Lib\site-packages\sqlalchemy\orm\session.py", line 3583, in _flush
    with util.safe_reraise():
  File "C:\Users\kevin\Documents\Cephadex\.venv\Lib\site-packages\sqlalchemy\util\langhelpers.py", line 70, in __exit__
    compat.raise_(
  File "C:\Users\kevin\Documents\Cephadex\.venv\Lib\site-packages\sqlalchemy\util\compat.py", line 211, in raise_
    raise exception
  File "C:\Users\kevin\Documents\Cephadex\.venv\Lib\site-packages\sqlalchemy\orm\session.py", line 3544, in _flush
    flush_context.execute()
  File "C:\Users\kevin\Documents\Cephadex\.venv\Lib\site-packages\sqlalchemy\orm\unitofwork.py", line 456, in execute
    rec.execute(self)
  File "C:\Users\kevin\Documents\Cephadex\.venv\Lib\site-packages\sqlalchemy\orm\unitofwork.py", line 667, in execute
    util.preloaded.orm_persistence.delete_obj(
  File "C:\Users\kevin\Documents\Cephadex\.venv\Lib\site-packages\sqlalchemy\orm\persistence.py", line 343, in delete_obj
    _emit_delete_statements(
  File "C:\Users\kevin\Documents\Cephadex\.venv\Lib\site-packages\sqlalchemy\orm\persistence.py", line 1468, in _emit_delete_statements
    c = connection._execute_20(
        ^^^^^^^^^^^^^^^^^^^^^^^
  File "C:\Users\kevin\Documents\Cephadex\.venv\Lib\site-packages\sqlalchemy\engine\base.py", line 1705, in _execute_20
    return meth(self, args_10style, kwargs_10style, execution_options)
           ^^^^^^^^^^^^^^^^^^^^^^^^^^^^^^^^^^^^^^^^^^^^^^^^^^^^^^^^^^^
  File "C:\Users\kevin\Documents\Cephadex\.venv\Lib\site-packages\sqlalchemy\sql\elements.py", line 334, in _execute_on_connection
    return connection._execute_clauseelement(
           ^^^^^^^^^^^^^^^^^^^^^^^^^^^^^^^^^^
  File "C:\Users\kevin\Documents\Cephadex\.venv\Lib\site-packages\sqlalchemy\engine\base.py", line 1572, in _execute_clauseelement
    ret = self._execute_context(
          ^^^^^^^^^^^^^^^^^^^^^^
  File "C:\Users\kevin\Documents\Cephadex\.venv\Lib\site-packages\sqlalchemy\engine\base.py", line 1943, in _execute_context
    self._handle_dbapi_exception(
  File "C:\Users\kevin\Documents\Cephadex\.venv\Lib\site-packages\sqlalchemy\engine\base.py", line 2124, in _handle_dbapi_exception
    util.raise_(
  File "C:\Users\kevin\Documents\Cephadex\.venv\Lib\site-packages\sqlalchemy\util\compat.py", line 211, in raise_
    raise exception
  File "C:\Users\kevin\Documents\Cephadex\.venv\Lib\site-packages\sqlalchemy\engine\base.py", line 1900, in _execute_context
    self.dialect.do_execute(
  File "C:\Users\kevin\Documents\Cephadex\.venv\Lib\site-packages\sqlalchemy\engine\default.py", line 736, in do_execute
    cursor.execute(statement, parameters)
  File "C:\Users\kevin\Documents\Cephadex\.venv\Lib\site-packages\mysql\connector\cursor_cext.py", line 330, in execute
    result = self._cnx.cmd_query(
             ^^^^^^^^^^^^^^^^^^^^
  File "C:\Users\kevin\Documents\Cephadex\.venv\Lib\site-packages\mysql\connector\connection_cext.py", line 616, in cmd_query
    raise get_mysql_exception(
sqlalchemy.exc.IntegrityError: (mysql.connector.errors.IntegrityError) 1451 (23000): Cannot delete or update a parent row: a foreign key constraint fails (`mysqldb1`.`deck_attributes`, CONSTRAINT `deck_attributes_ibfk_1` FOREIGN KEY (`deck_id`) REFERENCES `deck` (`id`))
[SQL: DELETE FROM deck WHERE deck.id = %(id)s]
[parameters: {'id': 755}]
(Background on this error at: https://sqlalche.me/e/14/gkpj)
2023-08-26 16:12:26,749 - flask_app - ERROR - Exception occurred in function delete. Extra info: No extra info provided.
Traceback (most recent call last):
  File "C:\Users\kevin\Documents\Cephadex\.venv\Lib\site-packages\mysql\connector\connection_cext.py", line 608, in cmd_query
    self._cmysql.query(
_mysql_connector.MySQLInterfaceError: Cannot delete or update a parent row: a foreign key constraint fails (`mysqldb1`.`deck_attributes`, CONSTRAINT `deck_attributes_ibfk_1` FOREIGN KEY (`deck_id`) REFERENCES `deck` (`id`))

The above exception was the direct cause of the following exception:

Traceback (most recent call last):
  File "C:\Users\kevin\Documents\Cephadex\.venv\Lib\site-packages\sqlalchemy\engine\base.py", line 1900, in _execute_context
    self.dialect.do_execute(
  File "C:\Users\kevin\Documents\Cephadex\.venv\Lib\site-packages\sqlalchemy\engine\default.py", line 736, in do_execute
    cursor.execute(statement, parameters)
  File "C:\Users\kevin\Documents\Cephadex\.venv\Lib\site-packages\mysql\connector\cursor_cext.py", line 330, in execute
    result = self._cnx.cmd_query(
             ^^^^^^^^^^^^^^^^^^^^
  File "C:\Users\kevin\Documents\Cephadex\.venv\Lib\site-packages\mysql\connector\connection_cext.py", line 616, in cmd_query
    raise get_mysql_exception(
mysql.connector.errors.IntegrityError: 1451 (23000): Cannot delete or update a parent row: a foreign key constraint fails (`mysqldb1`.`deck_attributes`, CONSTRAINT `deck_attributes_ibfk_1` FOREIGN KEY (`deck_id`) REFERENCES `deck` (`id`))

The above exception was the direct cause of the following exception:

Traceback (most recent call last):
  File "C:\Users\kevin\Documents\Cephadex\cards\models\helpers\log_decorators.py", line 17, in wrapper
    result = f(*args, **kwargs)
             ^^^^^^^^^^^^^^^^^^
  File "C:\Users\kevin\Documents\Cephadex\cards\views\deck_bp.py", line 106, in delete
    db.session.commit()
  File "<string>", line 2, in commit
  File "C:\Users\kevin\Documents\Cephadex\.venv\Lib\site-packages\sqlalchemy\orm\session.py", line 1451, in commit
    self._transaction.commit(_to_root=self.future)
  File "C:\Users\kevin\Documents\Cephadex\.venv\Lib\site-packages\sqlalchemy\orm\session.py", line 829, in commit
    self._prepare_impl()
  File "C:\Users\kevin\Documents\Cephadex\.venv\Lib\site-packages\sqlalchemy\orm\session.py", line 808, in _prepare_impl
    self.session.flush()
  File "C:\Users\kevin\Documents\Cephadex\.venv\Lib\site-packages\sqlalchemy\orm\session.py", line 3444, in flush
    self._flush(objects)
  File "C:\Users\kevin\Documents\Cephadex\.venv\Lib\site-packages\sqlalchemy\orm\session.py", line 3583, in _flush
    with util.safe_reraise():
  File "C:\Users\kevin\Documents\Cephadex\.venv\Lib\site-packages\sqlalchemy\util\langhelpers.py", line 70, in __exit__
    compat.raise_(
  File "C:\Users\kevin\Documents\Cephadex\.venv\Lib\site-packages\sqlalchemy\util\compat.py", line 211, in raise_
    raise exception
  File "C:\Users\kevin\Documents\Cephadex\.venv\Lib\site-packages\sqlalchemy\orm\session.py", line 3544, in _flush
    flush_context.execute()
  File "C:\Users\kevin\Documents\Cephadex\.venv\Lib\site-packages\sqlalchemy\orm\unitofwork.py", line 456, in execute
    rec.execute(self)
  File "C:\Users\kevin\Documents\Cephadex\.venv\Lib\site-packages\sqlalchemy\orm\unitofwork.py", line 667, in execute
    util.preloaded.orm_persistence.delete_obj(
  File "C:\Users\kevin\Documents\Cephadex\.venv\Lib\site-packages\sqlalchemy\orm\persistence.py", line 343, in delete_obj
    _emit_delete_statements(
  File "C:\Users\kevin\Documents\Cephadex\.venv\Lib\site-packages\sqlalchemy\orm\persistence.py", line 1468, in _emit_delete_statements
    c = connection._execute_20(
        ^^^^^^^^^^^^^^^^^^^^^^^
  File "C:\Users\kevin\Documents\Cephadex\.venv\Lib\site-packages\sqlalchemy\engine\base.py", line 1705, in _execute_20
    return meth(self, args_10style, kwargs_10style, execution_options)
           ^^^^^^^^^^^^^^^^^^^^^^^^^^^^^^^^^^^^^^^^^^^^^^^^^^^^^^^^^^^
  File "C:\Users\kevin\Documents\Cephadex\.venv\Lib\site-packages\sqlalchemy\sql\elements.py", line 334, in _execute_on_connection
    return connection._execute_clauseelement(
           ^^^^^^^^^^^^^^^^^^^^^^^^^^^^^^^^^^
  File "C:\Users\kevin\Documents\Cephadex\.venv\Lib\site-packages\sqlalchemy\engine\base.py", line 1572, in _execute_clauseelement
    ret = self._execute_context(
          ^^^^^^^^^^^^^^^^^^^^^^
  File "C:\Users\kevin\Documents\Cephadex\.venv\Lib\site-packages\sqlalchemy\engine\base.py", line 1943, in _execute_context
    self._handle_dbapi_exception(
  File "C:\Users\kevin\Documents\Cephadex\.venv\Lib\site-packages\sqlalchemy\engine\base.py", line 2124, in _handle_dbapi_exception
    util.raise_(
  File "C:\Users\kevin\Documents\Cephadex\.venv\Lib\site-packages\sqlalchemy\util\compat.py", line 211, in raise_
    raise exception
  File "C:\Users\kevin\Documents\Cephadex\.venv\Lib\site-packages\sqlalchemy\engine\base.py", line 1900, in _execute_context
    self.dialect.do_execute(
  File "C:\Users\kevin\Documents\Cephadex\.venv\Lib\site-packages\sqlalchemy\engine\default.py", line 736, in do_execute
    cursor.execute(statement, parameters)
  File "C:\Users\kevin\Documents\Cephadex\.venv\Lib\site-packages\mysql\connector\cursor_cext.py", line 330, in execute
    result = self._cnx.cmd_query(
             ^^^^^^^^^^^^^^^^^^^^
  File "C:\Users\kevin\Documents\Cephadex\.venv\Lib\site-packages\mysql\connector\connection_cext.py", line 616, in cmd_query
    raise get_mysql_exception(
sqlalchemy.exc.IntegrityError: (mysql.connector.errors.IntegrityError) 1451 (23000): Cannot delete or update a parent row: a foreign key constraint fails (`mysqldb1`.`deck_attributes`, CONSTRAINT `deck_attributes_ibfk_1` FOREIGN KEY (`deck_id`) REFERENCES `deck` (`id`))
[SQL: DELETE FROM deck WHERE deck.id = %(id)s]
[parameters: {'id': 757}]
(Background on this error at: https://sqlalche.me/e/14/gkpj)
2023-08-26 16:12:36,586 - flask_app - ERROR - Exception occurred in function delete. Extra info: No extra info provided.
Traceback (most recent call last):
  File "C:\Users\kevin\Documents\Cephadex\.venv\Lib\site-packages\mysql\connector\connection_cext.py", line 608, in cmd_query
    self._cmysql.query(
_mysql_connector.MySQLInterfaceError: Cannot delete or update a parent row: a foreign key constraint fails (`mysqldb1`.`deck_attributes`, CONSTRAINT `deck_attributes_ibfk_1` FOREIGN KEY (`deck_id`) REFERENCES `deck` (`id`))

The above exception was the direct cause of the following exception:

Traceback (most recent call last):
  File "C:\Users\kevin\Documents\Cephadex\.venv\Lib\site-packages\sqlalchemy\engine\base.py", line 1900, in _execute_context
    self.dialect.do_execute(
  File "C:\Users\kevin\Documents\Cephadex\.venv\Lib\site-packages\sqlalchemy\engine\default.py", line 736, in do_execute
    cursor.execute(statement, parameters)
  File "C:\Users\kevin\Documents\Cephadex\.venv\Lib\site-packages\mysql\connector\cursor_cext.py", line 330, in execute
    result = self._cnx.cmd_query(
             ^^^^^^^^^^^^^^^^^^^^
  File "C:\Users\kevin\Documents\Cephadex\.venv\Lib\site-packages\mysql\connector\connection_cext.py", line 616, in cmd_query
    raise get_mysql_exception(
mysql.connector.errors.IntegrityError: 1451 (23000): Cannot delete or update a parent row: a foreign key constraint fails (`mysqldb1`.`deck_attributes`, CONSTRAINT `deck_attributes_ibfk_1` FOREIGN KEY (`deck_id`) REFERENCES `deck` (`id`))

The above exception was the direct cause of the following exception:

Traceback (most recent call last):
  File "C:\Users\kevin\Documents\Cephadex\cards\models\helpers\log_decorators.py", line 17, in wrapper
    result = f(*args, **kwargs)
             ^^^^^^^^^^^^^^^^^^
  File "C:\Users\kevin\Documents\Cephadex\cards\views\deck_bp.py", line 106, in delete
    db.session.commit()
  File "<string>", line 2, in commit
  File "C:\Users\kevin\Documents\Cephadex\.venv\Lib\site-packages\sqlalchemy\orm\session.py", line 1451, in commit
    self._transaction.commit(_to_root=self.future)
  File "C:\Users\kevin\Documents\Cephadex\.venv\Lib\site-packages\sqlalchemy\orm\session.py", line 829, in commit
    self._prepare_impl()
  File "C:\Users\kevin\Documents\Cephadex\.venv\Lib\site-packages\sqlalchemy\orm\session.py", line 808, in _prepare_impl
    self.session.flush()
  File "C:\Users\kevin\Documents\Cephadex\.venv\Lib\site-packages\sqlalchemy\orm\session.py", line 3444, in flush
    self._flush(objects)
  File "C:\Users\kevin\Documents\Cephadex\.venv\Lib\site-packages\sqlalchemy\orm\session.py", line 3583, in _flush
    with util.safe_reraise():
  File "C:\Users\kevin\Documents\Cephadex\.venv\Lib\site-packages\sqlalchemy\util\langhelpers.py", line 70, in __exit__
    compat.raise_(
  File "C:\Users\kevin\Documents\Cephadex\.venv\Lib\site-packages\sqlalchemy\util\compat.py", line 211, in raise_
    raise exception
  File "C:\Users\kevin\Documents\Cephadex\.venv\Lib\site-packages\sqlalchemy\orm\session.py", line 3544, in _flush
    flush_context.execute()
  File "C:\Users\kevin\Documents\Cephadex\.venv\Lib\site-packages\sqlalchemy\orm\unitofwork.py", line 456, in execute
    rec.execute(self)
  File "C:\Users\kevin\Documents\Cephadex\.venv\Lib\site-packages\sqlalchemy\orm\unitofwork.py", line 667, in execute
    util.preloaded.orm_persistence.delete_obj(
  File "C:\Users\kevin\Documents\Cephadex\.venv\Lib\site-packages\sqlalchemy\orm\persistence.py", line 343, in delete_obj
    _emit_delete_statements(
  File "C:\Users\kevin\Documents\Cephadex\.venv\Lib\site-packages\sqlalchemy\orm\persistence.py", line 1468, in _emit_delete_statements
    c = connection._execute_20(
        ^^^^^^^^^^^^^^^^^^^^^^^
  File "C:\Users\kevin\Documents\Cephadex\.venv\Lib\site-packages\sqlalchemy\engine\base.py", line 1705, in _execute_20
    return meth(self, args_10style, kwargs_10style, execution_options)
           ^^^^^^^^^^^^^^^^^^^^^^^^^^^^^^^^^^^^^^^^^^^^^^^^^^^^^^^^^^^
  File "C:\Users\kevin\Documents\Cephadex\.venv\Lib\site-packages\sqlalchemy\sql\elements.py", line 334, in _execute_on_connection
    return connection._execute_clauseelement(
           ^^^^^^^^^^^^^^^^^^^^^^^^^^^^^^^^^^
  File "C:\Users\kevin\Documents\Cephadex\.venv\Lib\site-packages\sqlalchemy\engine\base.py", line 1572, in _execute_clauseelement
    ret = self._execute_context(
          ^^^^^^^^^^^^^^^^^^^^^^
  File "C:\Users\kevin\Documents\Cephadex\.venv\Lib\site-packages\sqlalchemy\engine\base.py", line 1943, in _execute_context
    self._handle_dbapi_exception(
  File "C:\Users\kevin\Documents\Cephadex\.venv\Lib\site-packages\sqlalchemy\engine\base.py", line 2124, in _handle_dbapi_exception
    util.raise_(
  File "C:\Users\kevin\Documents\Cephadex\.venv\Lib\site-packages\sqlalchemy\util\compat.py", line 211, in raise_
    raise exception
  File "C:\Users\kevin\Documents\Cephadex\.venv\Lib\site-packages\sqlalchemy\engine\base.py", line 1900, in _execute_context
    self.dialect.do_execute(
  File "C:\Users\kevin\Documents\Cephadex\.venv\Lib\site-packages\sqlalchemy\engine\default.py", line 736, in do_execute
    cursor.execute(statement, parameters)
  File "C:\Users\kevin\Documents\Cephadex\.venv\Lib\site-packages\mysql\connector\cursor_cext.py", line 330, in execute
    result = self._cnx.cmd_query(
             ^^^^^^^^^^^^^^^^^^^^
  File "C:\Users\kevin\Documents\Cephadex\.venv\Lib\site-packages\mysql\connector\connection_cext.py", line 616, in cmd_query
    raise get_mysql_exception(
sqlalchemy.exc.IntegrityError: (mysql.connector.errors.IntegrityError) 1451 (23000): Cannot delete or update a parent row: a foreign key constraint fails (`mysqldb1`.`deck_attributes`, CONSTRAINT `deck_attributes_ibfk_1` FOREIGN KEY (`deck_id`) REFERENCES `deck` (`id`))
[SQL: DELETE FROM deck WHERE deck.id = %(id)s]
[parameters: {'id': 683}]
(Background on this error at: https://sqlalche.me/e/14/gkpj)
2023-08-26 16:12:40,669 - flask_app - ERROR - Exception occurred in function delete. Extra info: No extra info provided.
Traceback (most recent call last):
  File "C:\Users\kevin\Documents\Cephadex\.venv\Lib\site-packages\mysql\connector\connection_cext.py", line 608, in cmd_query
    self._cmysql.query(
_mysql_connector.MySQLInterfaceError: Cannot delete or update a parent row: a foreign key constraint fails (`mysqldb1`.`deck_attributes`, CONSTRAINT `deck_attributes_ibfk_1` FOREIGN KEY (`deck_id`) REFERENCES `deck` (`id`))

The above exception was the direct cause of the following exception:

Traceback (most recent call last):
  File "C:\Users\kevin\Documents\Cephadex\.venv\Lib\site-packages\sqlalchemy\engine\base.py", line 1900, in _execute_context
    self.dialect.do_execute(
  File "C:\Users\kevin\Documents\Cephadex\.venv\Lib\site-packages\sqlalchemy\engine\default.py", line 736, in do_execute
    cursor.execute(statement, parameters)
  File "C:\Users\kevin\Documents\Cephadex\.venv\Lib\site-packages\mysql\connector\cursor_cext.py", line 330, in execute
    result = self._cnx.cmd_query(
             ^^^^^^^^^^^^^^^^^^^^
  File "C:\Users\kevin\Documents\Cephadex\.venv\Lib\site-packages\mysql\connector\connection_cext.py", line 616, in cmd_query
    raise get_mysql_exception(
mysql.connector.errors.IntegrityError: 1451 (23000): Cannot delete or update a parent row: a foreign key constraint fails (`mysqldb1`.`deck_attributes`, CONSTRAINT `deck_attributes_ibfk_1` FOREIGN KEY (`deck_id`) REFERENCES `deck` (`id`))

The above exception was the direct cause of the following exception:

Traceback (most recent call last):
  File "C:\Users\kevin\Documents\Cephadex\cards\models\helpers\log_decorators.py", line 17, in wrapper
    result = f(*args, **kwargs)
             ^^^^^^^^^^^^^^^^^^
  File "C:\Users\kevin\Documents\Cephadex\cards\views\deck_bp.py", line 106, in delete
    db.session.commit()
  File "<string>", line 2, in commit
  File "C:\Users\kevin\Documents\Cephadex\.venv\Lib\site-packages\sqlalchemy\orm\session.py", line 1451, in commit
    self._transaction.commit(_to_root=self.future)
  File "C:\Users\kevin\Documents\Cephadex\.venv\Lib\site-packages\sqlalchemy\orm\session.py", line 829, in commit
    self._prepare_impl()
  File "C:\Users\kevin\Documents\Cephadex\.venv\Lib\site-packages\sqlalchemy\orm\session.py", line 808, in _prepare_impl
    self.session.flush()
  File "C:\Users\kevin\Documents\Cephadex\.venv\Lib\site-packages\sqlalchemy\orm\session.py", line 3444, in flush
    self._flush(objects)
  File "C:\Users\kevin\Documents\Cephadex\.venv\Lib\site-packages\sqlalchemy\orm\session.py", line 3583, in _flush
    with util.safe_reraise():
  File "C:\Users\kevin\Documents\Cephadex\.venv\Lib\site-packages\sqlalchemy\util\langhelpers.py", line 70, in __exit__
    compat.raise_(
  File "C:\Users\kevin\Documents\Cephadex\.venv\Lib\site-packages\sqlalchemy\util\compat.py", line 211, in raise_
    raise exception
  File "C:\Users\kevin\Documents\Cephadex\.venv\Lib\site-packages\sqlalchemy\orm\session.py", line 3544, in _flush
    flush_context.execute()
  File "C:\Users\kevin\Documents\Cephadex\.venv\Lib\site-packages\sqlalchemy\orm\unitofwork.py", line 456, in execute
    rec.execute(self)
  File "C:\Users\kevin\Documents\Cephadex\.venv\Lib\site-packages\sqlalchemy\orm\unitofwork.py", line 667, in execute
    util.preloaded.orm_persistence.delete_obj(
  File "C:\Users\kevin\Documents\Cephadex\.venv\Lib\site-packages\sqlalchemy\orm\persistence.py", line 343, in delete_obj
    _emit_delete_statements(
  File "C:\Users\kevin\Documents\Cephadex\.venv\Lib\site-packages\sqlalchemy\orm\persistence.py", line 1468, in _emit_delete_statements
    c = connection._execute_20(
        ^^^^^^^^^^^^^^^^^^^^^^^
  File "C:\Users\kevin\Documents\Cephadex\.venv\Lib\site-packages\sqlalchemy\engine\base.py", line 1705, in _execute_20
    return meth(self, args_10style, kwargs_10style, execution_options)
           ^^^^^^^^^^^^^^^^^^^^^^^^^^^^^^^^^^^^^^^^^^^^^^^^^^^^^^^^^^^
  File "C:\Users\kevin\Documents\Cephadex\.venv\Lib\site-packages\sqlalchemy\sql\elements.py", line 334, in _execute_on_connection
    return connection._execute_clauseelement(
           ^^^^^^^^^^^^^^^^^^^^^^^^^^^^^^^^^^
  File "C:\Users\kevin\Documents\Cephadex\.venv\Lib\site-packages\sqlalchemy\engine\base.py", line 1572, in _execute_clauseelement
    ret = self._execute_context(
          ^^^^^^^^^^^^^^^^^^^^^^
  File "C:\Users\kevin\Documents\Cephadex\.venv\Lib\site-packages\sqlalchemy\engine\base.py", line 1943, in _execute_context
    self._handle_dbapi_exception(
  File "C:\Users\kevin\Documents\Cephadex\.venv\Lib\site-packages\sqlalchemy\engine\base.py", line 2124, in _handle_dbapi_exception
    util.raise_(
  File "C:\Users\kevin\Documents\Cephadex\.venv\Lib\site-packages\sqlalchemy\util\compat.py", line 211, in raise_
    raise exception
  File "C:\Users\kevin\Documents\Cephadex\.venv\Lib\site-packages\sqlalchemy\engine\base.py", line 1900, in _execute_context
    self.dialect.do_execute(
  File "C:\Users\kevin\Documents\Cephadex\.venv\Lib\site-packages\sqlalchemy\engine\default.py", line 736, in do_execute
    cursor.execute(statement, parameters)
  File "C:\Users\kevin\Documents\Cephadex\.venv\Lib\site-packages\mysql\connector\cursor_cext.py", line 330, in execute
    result = self._cnx.cmd_query(
             ^^^^^^^^^^^^^^^^^^^^
  File "C:\Users\kevin\Documents\Cephadex\.venv\Lib\site-packages\mysql\connector\connection_cext.py", line 616, in cmd_query
    raise get_mysql_exception(
sqlalchemy.exc.IntegrityError: (mysql.connector.errors.IntegrityError) 1451 (23000): Cannot delete or update a parent row: a foreign key constraint fails (`mysqldb1`.`deck_attributes`, CONSTRAINT `deck_attributes_ibfk_1` FOREIGN KEY (`deck_id`) REFERENCES `deck` (`id`))
[SQL: DELETE FROM deck WHERE deck.id = %(id)s]
[parameters: {'id': 721}]
(Background on this error at: https://sqlalche.me/e/14/gkpj)
2023-08-26 16:12:46,926 - flask_app - ERROR - Exception occurred in function delete. Extra info: No extra info provided.
Traceback (most recent call last):
  File "C:\Users\kevin\Documents\Cephadex\.venv\Lib\site-packages\mysql\connector\connection_cext.py", line 608, in cmd_query
    self._cmysql.query(
_mysql_connector.MySQLInterfaceError: Cannot delete or update a parent row: a foreign key constraint fails (`mysqldb1`.`deck_attributes`, CONSTRAINT `deck_attributes_ibfk_1` FOREIGN KEY (`deck_id`) REFERENCES `deck` (`id`))

The above exception was the direct cause of the following exception:

Traceback (most recent call last):
  File "C:\Users\kevin\Documents\Cephadex\.venv\Lib\site-packages\sqlalchemy\engine\base.py", line 1900, in _execute_context
    self.dialect.do_execute(
  File "C:\Users\kevin\Documents\Cephadex\.venv\Lib\site-packages\sqlalchemy\engine\default.py", line 736, in do_execute
    cursor.execute(statement, parameters)
  File "C:\Users\kevin\Documents\Cephadex\.venv\Lib\site-packages\mysql\connector\cursor_cext.py", line 330, in execute
    result = self._cnx.cmd_query(
             ^^^^^^^^^^^^^^^^^^^^
  File "C:\Users\kevin\Documents\Cephadex\.venv\Lib\site-packages\mysql\connector\connection_cext.py", line 616, in cmd_query
    raise get_mysql_exception(
mysql.connector.errors.IntegrityError: 1451 (23000): Cannot delete or update a parent row: a foreign key constraint fails (`mysqldb1`.`deck_attributes`, CONSTRAINT `deck_attributes_ibfk_1` FOREIGN KEY (`deck_id`) REFERENCES `deck` (`id`))

The above exception was the direct cause of the following exception:

Traceback (most recent call last):
  File "C:\Users\kevin\Documents\Cephadex\cards\models\helpers\log_decorators.py", line 17, in wrapper
    result = f(*args, **kwargs)
             ^^^^^^^^^^^^^^^^^^
  File "C:\Users\kevin\Documents\Cephadex\cards\views\deck_bp.py", line 106, in delete
    db.session.commit()
  File "<string>", line 2, in commit
  File "C:\Users\kevin\Documents\Cephadex\.venv\Lib\site-packages\sqlalchemy\orm\session.py", line 1451, in commit
    self._transaction.commit(_to_root=self.future)
  File "C:\Users\kevin\Documents\Cephadex\.venv\Lib\site-packages\sqlalchemy\orm\session.py", line 829, in commit
    self._prepare_impl()
  File "C:\Users\kevin\Documents\Cephadex\.venv\Lib\site-packages\sqlalchemy\orm\session.py", line 808, in _prepare_impl
    self.session.flush()
  File "C:\Users\kevin\Documents\Cephadex\.venv\Lib\site-packages\sqlalchemy\orm\session.py", line 3444, in flush
    self._flush(objects)
  File "C:\Users\kevin\Documents\Cephadex\.venv\Lib\site-packages\sqlalchemy\orm\session.py", line 3583, in _flush
    with util.safe_reraise():
  File "C:\Users\kevin\Documents\Cephadex\.venv\Lib\site-packages\sqlalchemy\util\langhelpers.py", line 70, in __exit__
    compat.raise_(
  File "C:\Users\kevin\Documents\Cephadex\.venv\Lib\site-packages\sqlalchemy\util\compat.py", line 211, in raise_
    raise exception
  File "C:\Users\kevin\Documents\Cephadex\.venv\Lib\site-packages\sqlalchemy\orm\session.py", line 3544, in _flush
    flush_context.execute()
  File "C:\Users\kevin\Documents\Cephadex\.venv\Lib\site-packages\sqlalchemy\orm\unitofwork.py", line 456, in execute
    rec.execute(self)
  File "C:\Users\kevin\Documents\Cephadex\.venv\Lib\site-packages\sqlalchemy\orm\unitofwork.py", line 667, in execute
    util.preloaded.orm_persistence.delete_obj(
  File "C:\Users\kevin\Documents\Cephadex\.venv\Lib\site-packages\sqlalchemy\orm\persistence.py", line 343, in delete_obj
    _emit_delete_statements(
  File "C:\Users\kevin\Documents\Cephadex\.venv\Lib\site-packages\sqlalchemy\orm\persistence.py", line 1468, in _emit_delete_statements
    c = connection._execute_20(
        ^^^^^^^^^^^^^^^^^^^^^^^
  File "C:\Users\kevin\Documents\Cephadex\.venv\Lib\site-packages\sqlalchemy\engine\base.py", line 1705, in _execute_20
    return meth(self, args_10style, kwargs_10style, execution_options)
           ^^^^^^^^^^^^^^^^^^^^^^^^^^^^^^^^^^^^^^^^^^^^^^^^^^^^^^^^^^^
  File "C:\Users\kevin\Documents\Cephadex\.venv\Lib\site-packages\sqlalchemy\sql\elements.py", line 334, in _execute_on_connection
    return connection._execute_clauseelement(
           ^^^^^^^^^^^^^^^^^^^^^^^^^^^^^^^^^^
  File "C:\Users\kevin\Documents\Cephadex\.venv\Lib\site-packages\sqlalchemy\engine\base.py", line 1572, in _execute_clauseelement
    ret = self._execute_context(
          ^^^^^^^^^^^^^^^^^^^^^^
  File "C:\Users\kevin\Documents\Cephadex\.venv\Lib\site-packages\sqlalchemy\engine\base.py", line 1943, in _execute_context
    self._handle_dbapi_exception(
  File "C:\Users\kevin\Documents\Cephadex\.venv\Lib\site-packages\sqlalchemy\engine\base.py", line 2124, in _handle_dbapi_exception
    util.raise_(
  File "C:\Users\kevin\Documents\Cephadex\.venv\Lib\site-packages\sqlalchemy\util\compat.py", line 211, in raise_
    raise exception
  File "C:\Users\kevin\Documents\Cephadex\.venv\Lib\site-packages\sqlalchemy\engine\base.py", line 1900, in _execute_context
    self.dialect.do_execute(
  File "C:\Users\kevin\Documents\Cephadex\.venv\Lib\site-packages\sqlalchemy\engine\default.py", line 736, in do_execute
    cursor.execute(statement, parameters)
  File "C:\Users\kevin\Documents\Cephadex\.venv\Lib\site-packages\mysql\connector\cursor_cext.py", line 330, in execute
    result = self._cnx.cmd_query(
             ^^^^^^^^^^^^^^^^^^^^
  File "C:\Users\kevin\Documents\Cephadex\.venv\Lib\site-packages\mysql\connector\connection_cext.py", line 616, in cmd_query
    raise get_mysql_exception(
sqlalchemy.exc.IntegrityError: (mysql.connector.errors.IntegrityError) 1451 (23000): Cannot delete or update a parent row: a foreign key constraint fails (`mysqldb1`.`deck_attributes`, CONSTRAINT `deck_attributes_ibfk_1` FOREIGN KEY (`deck_id`) REFERENCES `deck` (`id`))
[SQL: DELETE FROM deck WHERE deck.id = %(id)s]
[parameters: {'id': 727}]
(Background on this error at: https://sqlalche.me/e/14/gkpj)
2023-08-26 16:12:49,398 - flask_app - ERROR - Exception occurred in function delete. Extra info: No extra info provided.
Traceback (most recent call last):
  File "C:\Users\kevin\Documents\Cephadex\.venv\Lib\site-packages\mysql\connector\connection_cext.py", line 608, in cmd_query
    self._cmysql.query(
_mysql_connector.MySQLInterfaceError: Cannot delete or update a parent row: a foreign key constraint fails (`mysqldb1`.`deck_attributes`, CONSTRAINT `deck_attributes_ibfk_1` FOREIGN KEY (`deck_id`) REFERENCES `deck` (`id`))

The above exception was the direct cause of the following exception:

Traceback (most recent call last):
  File "C:\Users\kevin\Documents\Cephadex\.venv\Lib\site-packages\sqlalchemy\engine\base.py", line 1900, in _execute_context
    self.dialect.do_execute(
  File "C:\Users\kevin\Documents\Cephadex\.venv\Lib\site-packages\sqlalchemy\engine\default.py", line 736, in do_execute
    cursor.execute(statement, parameters)
  File "C:\Users\kevin\Documents\Cephadex\.venv\Lib\site-packages\mysql\connector\cursor_cext.py", line 330, in execute
    result = self._cnx.cmd_query(
             ^^^^^^^^^^^^^^^^^^^^
  File "C:\Users\kevin\Documents\Cephadex\.venv\Lib\site-packages\mysql\connector\connection_cext.py", line 616, in cmd_query
    raise get_mysql_exception(
mysql.connector.errors.IntegrityError: 1451 (23000): Cannot delete or update a parent row: a foreign key constraint fails (`mysqldb1`.`deck_attributes`, CONSTRAINT `deck_attributes_ibfk_1` FOREIGN KEY (`deck_id`) REFERENCES `deck` (`id`))

The above exception was the direct cause of the following exception:

Traceback (most recent call last):
  File "C:\Users\kevin\Documents\Cephadex\cards\models\helpers\log_decorators.py", line 17, in wrapper
    result = f(*args, **kwargs)
             ^^^^^^^^^^^^^^^^^^
  File "C:\Users\kevin\Documents\Cephadex\cards\views\deck_bp.py", line 106, in delete
    db.session.commit()
  File "<string>", line 2, in commit
  File "C:\Users\kevin\Documents\Cephadex\.venv\Lib\site-packages\sqlalchemy\orm\session.py", line 1451, in commit
    self._transaction.commit(_to_root=self.future)
  File "C:\Users\kevin\Documents\Cephadex\.venv\Lib\site-packages\sqlalchemy\orm\session.py", line 829, in commit
    self._prepare_impl()
  File "C:\Users\kevin\Documents\Cephadex\.venv\Lib\site-packages\sqlalchemy\orm\session.py", line 808, in _prepare_impl
    self.session.flush()
  File "C:\Users\kevin\Documents\Cephadex\.venv\Lib\site-packages\sqlalchemy\orm\session.py", line 3444, in flush
    self._flush(objects)
  File "C:\Users\kevin\Documents\Cephadex\.venv\Lib\site-packages\sqlalchemy\orm\session.py", line 3583, in _flush
    with util.safe_reraise():
  File "C:\Users\kevin\Documents\Cephadex\.venv\Lib\site-packages\sqlalchemy\util\langhelpers.py", line 70, in __exit__
    compat.raise_(
  File "C:\Users\kevin\Documents\Cephadex\.venv\Lib\site-packages\sqlalchemy\util\compat.py", line 211, in raise_
    raise exception
  File "C:\Users\kevin\Documents\Cephadex\.venv\Lib\site-packages\sqlalchemy\orm\session.py", line 3544, in _flush
    flush_context.execute()
  File "C:\Users\kevin\Documents\Cephadex\.venv\Lib\site-packages\sqlalchemy\orm\unitofwork.py", line 456, in execute
    rec.execute(self)
  File "C:\Users\kevin\Documents\Cephadex\.venv\Lib\site-packages\sqlalchemy\orm\unitofwork.py", line 667, in execute
    util.preloaded.orm_persistence.delete_obj(
  File "C:\Users\kevin\Documents\Cephadex\.venv\Lib\site-packages\sqlalchemy\orm\persistence.py", line 343, in delete_obj
    _emit_delete_statements(
  File "C:\Users\kevin\Documents\Cephadex\.venv\Lib\site-packages\sqlalchemy\orm\persistence.py", line 1468, in _emit_delete_statements
    c = connection._execute_20(
        ^^^^^^^^^^^^^^^^^^^^^^^
  File "C:\Users\kevin\Documents\Cephadex\.venv\Lib\site-packages\sqlalchemy\engine\base.py", line 1705, in _execute_20
    return meth(self, args_10style, kwargs_10style, execution_options)
           ^^^^^^^^^^^^^^^^^^^^^^^^^^^^^^^^^^^^^^^^^^^^^^^^^^^^^^^^^^^
  File "C:\Users\kevin\Documents\Cephadex\.venv\Lib\site-packages\sqlalchemy\sql\elements.py", line 334, in _execute_on_connection
    return connection._execute_clauseelement(
           ^^^^^^^^^^^^^^^^^^^^^^^^^^^^^^^^^^
  File "C:\Users\kevin\Documents\Cephadex\.venv\Lib\site-packages\sqlalchemy\engine\base.py", line 1572, in _execute_clauseelement
    ret = self._execute_context(
          ^^^^^^^^^^^^^^^^^^^^^^
  File "C:\Users\kevin\Documents\Cephadex\.venv\Lib\site-packages\sqlalchemy\engine\base.py", line 1943, in _execute_context
    self._handle_dbapi_exception(
  File "C:\Users\kevin\Documents\Cephadex\.venv\Lib\site-packages\sqlalchemy\engine\base.py", line 2124, in _handle_dbapi_exception
    util.raise_(
  File "C:\Users\kevin\Documents\Cephadex\.venv\Lib\site-packages\sqlalchemy\util\compat.py", line 211, in raise_
    raise exception
  File "C:\Users\kevin\Documents\Cephadex\.venv\Lib\site-packages\sqlalchemy\engine\base.py", line 1900, in _execute_context
    self.dialect.do_execute(
  File "C:\Users\kevin\Documents\Cephadex\.venv\Lib\site-packages\sqlalchemy\engine\default.py", line 736, in do_execute
    cursor.execute(statement, parameters)
  File "C:\Users\kevin\Documents\Cephadex\.venv\Lib\site-packages\mysql\connector\cursor_cext.py", line 330, in execute
    result = self._cnx.cmd_query(
             ^^^^^^^^^^^^^^^^^^^^
  File "C:\Users\kevin\Documents\Cephadex\.venv\Lib\site-packages\mysql\connector\connection_cext.py", line 616, in cmd_query
    raise get_mysql_exception(
sqlalchemy.exc.IntegrityError: (mysql.connector.errors.IntegrityError) 1451 (23000): Cannot delete or update a parent row: a foreign key constraint fails (`mysqldb1`.`deck_attributes`, CONSTRAINT `deck_attributes_ibfk_1` FOREIGN KEY (`deck_id`) REFERENCES `deck` (`id`))
[SQL: DELETE FROM deck WHERE deck.id = %(id)s]
[parameters: {'id': 725}]
(Background on this error at: https://sqlalche.me/e/14/gkpj)
2023-08-26 16:12:53,419 - flask_app - ERROR - Exception occurred in function delete. Extra info: No extra info provided.
Traceback (most recent call last):
  File "C:\Users\kevin\Documents\Cephadex\.venv\Lib\site-packages\mysql\connector\connection_cext.py", line 608, in cmd_query
    self._cmysql.query(
_mysql_connector.MySQLInterfaceError: Cannot delete or update a parent row: a foreign key constraint fails (`mysqldb1`.`deck_attributes`, CONSTRAINT `deck_attributes_ibfk_1` FOREIGN KEY (`deck_id`) REFERENCES `deck` (`id`))

The above exception was the direct cause of the following exception:

Traceback (most recent call last):
  File "C:\Users\kevin\Documents\Cephadex\.venv\Lib\site-packages\sqlalchemy\engine\base.py", line 1900, in _execute_context
    self.dialect.do_execute(
  File "C:\Users\kevin\Documents\Cephadex\.venv\Lib\site-packages\sqlalchemy\engine\default.py", line 736, in do_execute
    cursor.execute(statement, parameters)
  File "C:\Users\kevin\Documents\Cephadex\.venv\Lib\site-packages\mysql\connector\cursor_cext.py", line 330, in execute
    result = self._cnx.cmd_query(
             ^^^^^^^^^^^^^^^^^^^^
  File "C:\Users\kevin\Documents\Cephadex\.venv\Lib\site-packages\mysql\connector\connection_cext.py", line 616, in cmd_query
    raise get_mysql_exception(
mysql.connector.errors.IntegrityError: 1451 (23000): Cannot delete or update a parent row: a foreign key constraint fails (`mysqldb1`.`deck_attributes`, CONSTRAINT `deck_attributes_ibfk_1` FOREIGN KEY (`deck_id`) REFERENCES `deck` (`id`))

The above exception was the direct cause of the following exception:

Traceback (most recent call last):
  File "C:\Users\kevin\Documents\Cephadex\cards\models\helpers\log_decorators.py", line 17, in wrapper
    result = f(*args, **kwargs)
             ^^^^^^^^^^^^^^^^^^
  File "C:\Users\kevin\Documents\Cephadex\cards\views\deck_bp.py", line 106, in delete
    db.session.commit()
  File "<string>", line 2, in commit
  File "C:\Users\kevin\Documents\Cephadex\.venv\Lib\site-packages\sqlalchemy\orm\session.py", line 1451, in commit
    self._transaction.commit(_to_root=self.future)
  File "C:\Users\kevin\Documents\Cephadex\.venv\Lib\site-packages\sqlalchemy\orm\session.py", line 829, in commit
    self._prepare_impl()
  File "C:\Users\kevin\Documents\Cephadex\.venv\Lib\site-packages\sqlalchemy\orm\session.py", line 808, in _prepare_impl
    self.session.flush()
  File "C:\Users\kevin\Documents\Cephadex\.venv\Lib\site-packages\sqlalchemy\orm\session.py", line 3444, in flush
    self._flush(objects)
  File "C:\Users\kevin\Documents\Cephadex\.venv\Lib\site-packages\sqlalchemy\orm\session.py", line 3583, in _flush
    with util.safe_reraise():
  File "C:\Users\kevin\Documents\Cephadex\.venv\Lib\site-packages\sqlalchemy\util\langhelpers.py", line 70, in __exit__
    compat.raise_(
  File "C:\Users\kevin\Documents\Cephadex\.venv\Lib\site-packages\sqlalchemy\util\compat.py", line 211, in raise_
    raise exception
  File "C:\Users\kevin\Documents\Cephadex\.venv\Lib\site-packages\sqlalchemy\orm\session.py", line 3544, in _flush
    flush_context.execute()
  File "C:\Users\kevin\Documents\Cephadex\.venv\Lib\site-packages\sqlalchemy\orm\unitofwork.py", line 456, in execute
    rec.execute(self)
  File "C:\Users\kevin\Documents\Cephadex\.venv\Lib\site-packages\sqlalchemy\orm\unitofwork.py", line 667, in execute
    util.preloaded.orm_persistence.delete_obj(
  File "C:\Users\kevin\Documents\Cephadex\.venv\Lib\site-packages\sqlalchemy\orm\persistence.py", line 343, in delete_obj
    _emit_delete_statements(
  File "C:\Users\kevin\Documents\Cephadex\.venv\Lib\site-packages\sqlalchemy\orm\persistence.py", line 1468, in _emit_delete_statements
    c = connection._execute_20(
        ^^^^^^^^^^^^^^^^^^^^^^^
  File "C:\Users\kevin\Documents\Cephadex\.venv\Lib\site-packages\sqlalchemy\engine\base.py", line 1705, in _execute_20
    return meth(self, args_10style, kwargs_10style, execution_options)
           ^^^^^^^^^^^^^^^^^^^^^^^^^^^^^^^^^^^^^^^^^^^^^^^^^^^^^^^^^^^
  File "C:\Users\kevin\Documents\Cephadex\.venv\Lib\site-packages\sqlalchemy\sql\elements.py", line 334, in _execute_on_connection
    return connection._execute_clauseelement(
           ^^^^^^^^^^^^^^^^^^^^^^^^^^^^^^^^^^
  File "C:\Users\kevin\Documents\Cephadex\.venv\Lib\site-packages\sqlalchemy\engine\base.py", line 1572, in _execute_clauseelement
    ret = self._execute_context(
          ^^^^^^^^^^^^^^^^^^^^^^
  File "C:\Users\kevin\Documents\Cephadex\.venv\Lib\site-packages\sqlalchemy\engine\base.py", line 1943, in _execute_context
    self._handle_dbapi_exception(
  File "C:\Users\kevin\Documents\Cephadex\.venv\Lib\site-packages\sqlalchemy\engine\base.py", line 2124, in _handle_dbapi_exception
    util.raise_(
  File "C:\Users\kevin\Documents\Cephadex\.venv\Lib\site-packages\sqlalchemy\util\compat.py", line 211, in raise_
    raise exception
  File "C:\Users\kevin\Documents\Cephadex\.venv\Lib\site-packages\sqlalchemy\engine\base.py", line 1900, in _execute_context
    self.dialect.do_execute(
  File "C:\Users\kevin\Documents\Cephadex\.venv\Lib\site-packages\sqlalchemy\engine\default.py", line 736, in do_execute
    cursor.execute(statement, parameters)
  File "C:\Users\kevin\Documents\Cephadex\.venv\Lib\site-packages\mysql\connector\cursor_cext.py", line 330, in execute
    result = self._cnx.cmd_query(
             ^^^^^^^^^^^^^^^^^^^^
  File "C:\Users\kevin\Documents\Cephadex\.venv\Lib\site-packages\mysql\connector\connection_cext.py", line 616, in cmd_query
    raise get_mysql_exception(
sqlalchemy.exc.IntegrityError: (mysql.connector.errors.IntegrityError) 1451 (23000): Cannot delete or update a parent row: a foreign key constraint fails (`mysqldb1`.`deck_attributes`, CONSTRAINT `deck_attributes_ibfk_1` FOREIGN KEY (`deck_id`) REFERENCES `deck` (`id`))
[SQL: DELETE FROM deck WHERE deck.id = %(id)s]
[parameters: {'id': 723}]
(Background on this error at: https://sqlalche.me/e/14/gkpj)
2023-08-26 16:12:58,325 - flask_app - ERROR - Exception occurred in function delete. Extra info: No extra info provided.
Traceback (most recent call last):
  File "C:\Users\kevin\Documents\Cephadex\.venv\Lib\site-packages\mysql\connector\connection_cext.py", line 608, in cmd_query
    self._cmysql.query(
_mysql_connector.MySQLInterfaceError: Cannot delete or update a parent row: a foreign key constraint fails (`mysqldb1`.`deck_attributes`, CONSTRAINT `deck_attributes_ibfk_1` FOREIGN KEY (`deck_id`) REFERENCES `deck` (`id`))

The above exception was the direct cause of the following exception:

Traceback (most recent call last):
  File "C:\Users\kevin\Documents\Cephadex\.venv\Lib\site-packages\sqlalchemy\engine\base.py", line 1900, in _execute_context
    self.dialect.do_execute(
  File "C:\Users\kevin\Documents\Cephadex\.venv\Lib\site-packages\sqlalchemy\engine\default.py", line 736, in do_execute
    cursor.execute(statement, parameters)
  File "C:\Users\kevin\Documents\Cephadex\.venv\Lib\site-packages\mysql\connector\cursor_cext.py", line 330, in execute
    result = self._cnx.cmd_query(
             ^^^^^^^^^^^^^^^^^^^^
  File "C:\Users\kevin\Documents\Cephadex\.venv\Lib\site-packages\mysql\connector\connection_cext.py", line 616, in cmd_query
    raise get_mysql_exception(
mysql.connector.errors.IntegrityError: 1451 (23000): Cannot delete or update a parent row: a foreign key constraint fails (`mysqldb1`.`deck_attributes`, CONSTRAINT `deck_attributes_ibfk_1` FOREIGN KEY (`deck_id`) REFERENCES `deck` (`id`))

The above exception was the direct cause of the following exception:

Traceback (most recent call last):
  File "C:\Users\kevin\Documents\Cephadex\cards\models\helpers\log_decorators.py", line 17, in wrapper
    result = f(*args, **kwargs)
             ^^^^^^^^^^^^^^^^^^
  File "C:\Users\kevin\Documents\Cephadex\cards\views\deck_bp.py", line 106, in delete
    db.session.commit()
  File "<string>", line 2, in commit
  File "C:\Users\kevin\Documents\Cephadex\.venv\Lib\site-packages\sqlalchemy\orm\session.py", line 1451, in commit
    self._transaction.commit(_to_root=self.future)
  File "C:\Users\kevin\Documents\Cephadex\.venv\Lib\site-packages\sqlalchemy\orm\session.py", line 829, in commit
    self._prepare_impl()
  File "C:\Users\kevin\Documents\Cephadex\.venv\Lib\site-packages\sqlalchemy\orm\session.py", line 808, in _prepare_impl
    self.session.flush()
  File "C:\Users\kevin\Documents\Cephadex\.venv\Lib\site-packages\sqlalchemy\orm\session.py", line 3444, in flush
    self._flush(objects)
  File "C:\Users\kevin\Documents\Cephadex\.venv\Lib\site-packages\sqlalchemy\orm\session.py", line 3583, in _flush
    with util.safe_reraise():
  File "C:\Users\kevin\Documents\Cephadex\.venv\Lib\site-packages\sqlalchemy\util\langhelpers.py", line 70, in __exit__
    compat.raise_(
  File "C:\Users\kevin\Documents\Cephadex\.venv\Lib\site-packages\sqlalchemy\util\compat.py", line 211, in raise_
    raise exception
  File "C:\Users\kevin\Documents\Cephadex\.venv\Lib\site-packages\sqlalchemy\orm\session.py", line 3544, in _flush
    flush_context.execute()
  File "C:\Users\kevin\Documents\Cephadex\.venv\Lib\site-packages\sqlalchemy\orm\unitofwork.py", line 456, in execute
    rec.execute(self)
  File "C:\Users\kevin\Documents\Cephadex\.venv\Lib\site-packages\sqlalchemy\orm\unitofwork.py", line 667, in execute
    util.preloaded.orm_persistence.delete_obj(
  File "C:\Users\kevin\Documents\Cephadex\.venv\Lib\site-packages\sqlalchemy\orm\persistence.py", line 343, in delete_obj
    _emit_delete_statements(
  File "C:\Users\kevin\Documents\Cephadex\.venv\Lib\site-packages\sqlalchemy\orm\persistence.py", line 1468, in _emit_delete_statements
    c = connection._execute_20(
        ^^^^^^^^^^^^^^^^^^^^^^^
  File "C:\Users\kevin\Documents\Cephadex\.venv\Lib\site-packages\sqlalchemy\engine\base.py", line 1705, in _execute_20
    return meth(self, args_10style, kwargs_10style, execution_options)
           ^^^^^^^^^^^^^^^^^^^^^^^^^^^^^^^^^^^^^^^^^^^^^^^^^^^^^^^^^^^
  File "C:\Users\kevin\Documents\Cephadex\.venv\Lib\site-packages\sqlalchemy\sql\elements.py", line 334, in _execute_on_connection
    return connection._execute_clauseelement(
           ^^^^^^^^^^^^^^^^^^^^^^^^^^^^^^^^^^
  File "C:\Users\kevin\Documents\Cephadex\.venv\Lib\site-packages\sqlalchemy\engine\base.py", line 1572, in _execute_clauseelement
    ret = self._execute_context(
          ^^^^^^^^^^^^^^^^^^^^^^
  File "C:\Users\kevin\Documents\Cephadex\.venv\Lib\site-packages\sqlalchemy\engine\base.py", line 1943, in _execute_context
    self._handle_dbapi_exception(
  File "C:\Users\kevin\Documents\Cephadex\.venv\Lib\site-packages\sqlalchemy\engine\base.py", line 2124, in _handle_dbapi_exception
    util.raise_(
  File "C:\Users\kevin\Documents\Cephadex\.venv\Lib\site-packages\sqlalchemy\util\compat.py", line 211, in raise_
    raise exception
  File "C:\Users\kevin\Documents\Cephadex\.venv\Lib\site-packages\sqlalchemy\engine\base.py", line 1900, in _execute_context
    self.dialect.do_execute(
  File "C:\Users\kevin\Documents\Cephadex\.venv\Lib\site-packages\sqlalchemy\engine\default.py", line 736, in do_execute
    cursor.execute(statement, parameters)
  File "C:\Users\kevin\Documents\Cephadex\.venv\Lib\site-packages\mysql\connector\cursor_cext.py", line 330, in execute
    result = self._cnx.cmd_query(
             ^^^^^^^^^^^^^^^^^^^^
  File "C:\Users\kevin\Documents\Cephadex\.venv\Lib\site-packages\mysql\connector\connection_cext.py", line 616, in cmd_query
    raise get_mysql_exception(
sqlalchemy.exc.IntegrityError: (mysql.connector.errors.IntegrityError) 1451 (23000): Cannot delete or update a parent row: a foreign key constraint fails (`mysqldb1`.`deck_attributes`, CONSTRAINT `deck_attributes_ibfk_1` FOREIGN KEY (`deck_id`) REFERENCES `deck` (`id`))
[SQL: DELETE FROM deck WHERE deck.id = %(id)s]
[parameters: {'id': 723}]
(Background on this error at: https://sqlalche.me/e/14/gkpj)
2023-08-26 16:12:59,730 - flask_app - ERROR - Exception occurred in function delete. Extra info: No extra info provided.
Traceback (most recent call last):
  File "C:\Users\kevin\Documents\Cephadex\.venv\Lib\site-packages\mysql\connector\connection_cext.py", line 608, in cmd_query
    self._cmysql.query(
_mysql_connector.MySQLInterfaceError: Cannot delete or update a parent row: a foreign key constraint fails (`mysqldb1`.`deck_attributes`, CONSTRAINT `deck_attributes_ibfk_1` FOREIGN KEY (`deck_id`) REFERENCES `deck` (`id`))

The above exception was the direct cause of the following exception:

Traceback (most recent call last):
  File "C:\Users\kevin\Documents\Cephadex\.venv\Lib\site-packages\sqlalchemy\engine\base.py", line 1900, in _execute_context
    self.dialect.do_execute(
  File "C:\Users\kevin\Documents\Cephadex\.venv\Lib\site-packages\sqlalchemy\engine\default.py", line 736, in do_execute
    cursor.execute(statement, parameters)
  File "C:\Users\kevin\Documents\Cephadex\.venv\Lib\site-packages\mysql\connector\cursor_cext.py", line 330, in execute
    result = self._cnx.cmd_query(
             ^^^^^^^^^^^^^^^^^^^^
  File "C:\Users\kevin\Documents\Cephadex\.venv\Lib\site-packages\mysql\connector\connection_cext.py", line 616, in cmd_query
    raise get_mysql_exception(
mysql.connector.errors.IntegrityError: 1451 (23000): Cannot delete or update a parent row: a foreign key constraint fails (`mysqldb1`.`deck_attributes`, CONSTRAINT `deck_attributes_ibfk_1` FOREIGN KEY (`deck_id`) REFERENCES `deck` (`id`))

The above exception was the direct cause of the following exception:

Traceback (most recent call last):
  File "C:\Users\kevin\Documents\Cephadex\cards\models\helpers\log_decorators.py", line 17, in wrapper
    result = f(*args, **kwargs)
             ^^^^^^^^^^^^^^^^^^
  File "C:\Users\kevin\Documents\Cephadex\cards\views\deck_bp.py", line 106, in delete
    db.session.commit()
  File "<string>", line 2, in commit
  File "C:\Users\kevin\Documents\Cephadex\.venv\Lib\site-packages\sqlalchemy\orm\session.py", line 1451, in commit
    self._transaction.commit(_to_root=self.future)
  File "C:\Users\kevin\Documents\Cephadex\.venv\Lib\site-packages\sqlalchemy\orm\session.py", line 829, in commit
    self._prepare_impl()
  File "C:\Users\kevin\Documents\Cephadex\.venv\Lib\site-packages\sqlalchemy\orm\session.py", line 808, in _prepare_impl
    self.session.flush()
  File "C:\Users\kevin\Documents\Cephadex\.venv\Lib\site-packages\sqlalchemy\orm\session.py", line 3444, in flush
    self._flush(objects)
  File "C:\Users\kevin\Documents\Cephadex\.venv\Lib\site-packages\sqlalchemy\orm\session.py", line 3583, in _flush
    with util.safe_reraise():
  File "C:\Users\kevin\Documents\Cephadex\.venv\Lib\site-packages\sqlalchemy\util\langhelpers.py", line 70, in __exit__
    compat.raise_(
  File "C:\Users\kevin\Documents\Cephadex\.venv\Lib\site-packages\sqlalchemy\util\compat.py", line 211, in raise_
    raise exception
  File "C:\Users\kevin\Documents\Cephadex\.venv\Lib\site-packages\sqlalchemy\orm\session.py", line 3544, in _flush
    flush_context.execute()
  File "C:\Users\kevin\Documents\Cephadex\.venv\Lib\site-packages\sqlalchemy\orm\unitofwork.py", line 456, in execute
    rec.execute(self)
  File "C:\Users\kevin\Documents\Cephadex\.venv\Lib\site-packages\sqlalchemy\orm\unitofwork.py", line 667, in execute
    util.preloaded.orm_persistence.delete_obj(
  File "C:\Users\kevin\Documents\Cephadex\.venv\Lib\site-packages\sqlalchemy\orm\persistence.py", line 343, in delete_obj
    _emit_delete_statements(
  File "C:\Users\kevin\Documents\Cephadex\.venv\Lib\site-packages\sqlalchemy\orm\persistence.py", line 1468, in _emit_delete_statements
    c = connection._execute_20(
        ^^^^^^^^^^^^^^^^^^^^^^^
  File "C:\Users\kevin\Documents\Cephadex\.venv\Lib\site-packages\sqlalchemy\engine\base.py", line 1705, in _execute_20
    return meth(self, args_10style, kwargs_10style, execution_options)
           ^^^^^^^^^^^^^^^^^^^^^^^^^^^^^^^^^^^^^^^^^^^^^^^^^^^^^^^^^^^
  File "C:\Users\kevin\Documents\Cephadex\.venv\Lib\site-packages\sqlalchemy\sql\elements.py", line 334, in _execute_on_connection
    return connection._execute_clauseelement(
           ^^^^^^^^^^^^^^^^^^^^^^^^^^^^^^^^^^
  File "C:\Users\kevin\Documents\Cephadex\.venv\Lib\site-packages\sqlalchemy\engine\base.py", line 1572, in _execute_clauseelement
    ret = self._execute_context(
          ^^^^^^^^^^^^^^^^^^^^^^
  File "C:\Users\kevin\Documents\Cephadex\.venv\Lib\site-packages\sqlalchemy\engine\base.py", line 1943, in _execute_context
    self._handle_dbapi_exception(
  File "C:\Users\kevin\Documents\Cephadex\.venv\Lib\site-packages\sqlalchemy\engine\base.py", line 2124, in _handle_dbapi_exception
    util.raise_(
  File "C:\Users\kevin\Documents\Cephadex\.venv\Lib\site-packages\sqlalchemy\util\compat.py", line 211, in raise_
    raise exception
  File "C:\Users\kevin\Documents\Cephadex\.venv\Lib\site-packages\sqlalchemy\engine\base.py", line 1900, in _execute_context
    self.dialect.do_execute(
  File "C:\Users\kevin\Documents\Cephadex\.venv\Lib\site-packages\sqlalchemy\engine\default.py", line 736, in do_execute
    cursor.execute(statement, parameters)
  File "C:\Users\kevin\Documents\Cephadex\.venv\Lib\site-packages\mysql\connector\cursor_cext.py", line 330, in execute
    result = self._cnx.cmd_query(
             ^^^^^^^^^^^^^^^^^^^^
  File "C:\Users\kevin\Documents\Cephadex\.venv\Lib\site-packages\mysql\connector\connection_cext.py", line 616, in cmd_query
    raise get_mysql_exception(
sqlalchemy.exc.IntegrityError: (mysql.connector.errors.IntegrityError) 1451 (23000): Cannot delete or update a parent row: a foreign key constraint fails (`mysqldb1`.`deck_attributes`, CONSTRAINT `deck_attributes_ibfk_1` FOREIGN KEY (`deck_id`) REFERENCES `deck` (`id`))
[SQL: DELETE FROM deck WHERE deck.id = %(id)s]
[parameters: {'id': 743}]
(Background on this error at: https://sqlalche.me/e/14/gkpj)
2023-08-26 16:13:01,597 - flask_app - ERROR - Exception occurred in function delete. Extra info: No extra info provided.
Traceback (most recent call last):
  File "C:\Users\kevin\Documents\Cephadex\.venv\Lib\site-packages\mysql\connector\connection_cext.py", line 608, in cmd_query
    self._cmysql.query(
_mysql_connector.MySQLInterfaceError: Cannot delete or update a parent row: a foreign key constraint fails (`mysqldb1`.`deck_attributes`, CONSTRAINT `deck_attributes_ibfk_1` FOREIGN KEY (`deck_id`) REFERENCES `deck` (`id`))

The above exception was the direct cause of the following exception:

Traceback (most recent call last):
  File "C:\Users\kevin\Documents\Cephadex\.venv\Lib\site-packages\sqlalchemy\engine\base.py", line 1900, in _execute_context
    self.dialect.do_execute(
  File "C:\Users\kevin\Documents\Cephadex\.venv\Lib\site-packages\sqlalchemy\engine\default.py", line 736, in do_execute
    cursor.execute(statement, parameters)
  File "C:\Users\kevin\Documents\Cephadex\.venv\Lib\site-packages\mysql\connector\cursor_cext.py", line 330, in execute
    result = self._cnx.cmd_query(
             ^^^^^^^^^^^^^^^^^^^^
  File "C:\Users\kevin\Documents\Cephadex\.venv\Lib\site-packages\mysql\connector\connection_cext.py", line 616, in cmd_query
    raise get_mysql_exception(
mysql.connector.errors.IntegrityError: 1451 (23000): Cannot delete or update a parent row: a foreign key constraint fails (`mysqldb1`.`deck_attributes`, CONSTRAINT `deck_attributes_ibfk_1` FOREIGN KEY (`deck_id`) REFERENCES `deck` (`id`))

The above exception was the direct cause of the following exception:

Traceback (most recent call last):
  File "C:\Users\kevin\Documents\Cephadex\cards\models\helpers\log_decorators.py", line 17, in wrapper
    result = f(*args, **kwargs)
             ^^^^^^^^^^^^^^^^^^
  File "C:\Users\kevin\Documents\Cephadex\cards\views\deck_bp.py", line 106, in delete
    db.session.commit()
  File "<string>", line 2, in commit
  File "C:\Users\kevin\Documents\Cephadex\.venv\Lib\site-packages\sqlalchemy\orm\session.py", line 1451, in commit
    self._transaction.commit(_to_root=self.future)
  File "C:\Users\kevin\Documents\Cephadex\.venv\Lib\site-packages\sqlalchemy\orm\session.py", line 829, in commit
    self._prepare_impl()
  File "C:\Users\kevin\Documents\Cephadex\.venv\Lib\site-packages\sqlalchemy\orm\session.py", line 808, in _prepare_impl
    self.session.flush()
  File "C:\Users\kevin\Documents\Cephadex\.venv\Lib\site-packages\sqlalchemy\orm\session.py", line 3444, in flush
    self._flush(objects)
  File "C:\Users\kevin\Documents\Cephadex\.venv\Lib\site-packages\sqlalchemy\orm\session.py", line 3583, in _flush
    with util.safe_reraise():
  File "C:\Users\kevin\Documents\Cephadex\.venv\Lib\site-packages\sqlalchemy\util\langhelpers.py", line 70, in __exit__
    compat.raise_(
  File "C:\Users\kevin\Documents\Cephadex\.venv\Lib\site-packages\sqlalchemy\util\compat.py", line 211, in raise_
    raise exception
  File "C:\Users\kevin\Documents\Cephadex\.venv\Lib\site-packages\sqlalchemy\orm\session.py", line 3544, in _flush
    flush_context.execute()
  File "C:\Users\kevin\Documents\Cephadex\.venv\Lib\site-packages\sqlalchemy\orm\unitofwork.py", line 456, in execute
    rec.execute(self)
  File "C:\Users\kevin\Documents\Cephadex\.venv\Lib\site-packages\sqlalchemy\orm\unitofwork.py", line 667, in execute
    util.preloaded.orm_persistence.delete_obj(
  File "C:\Users\kevin\Documents\Cephadex\.venv\Lib\site-packages\sqlalchemy\orm\persistence.py", line 343, in delete_obj
    _emit_delete_statements(
  File "C:\Users\kevin\Documents\Cephadex\.venv\Lib\site-packages\sqlalchemy\orm\persistence.py", line 1468, in _emit_delete_statements
    c = connection._execute_20(
        ^^^^^^^^^^^^^^^^^^^^^^^
  File "C:\Users\kevin\Documents\Cephadex\.venv\Lib\site-packages\sqlalchemy\engine\base.py", line 1705, in _execute_20
    return meth(self, args_10style, kwargs_10style, execution_options)
           ^^^^^^^^^^^^^^^^^^^^^^^^^^^^^^^^^^^^^^^^^^^^^^^^^^^^^^^^^^^
  File "C:\Users\kevin\Documents\Cephadex\.venv\Lib\site-packages\sqlalchemy\sql\elements.py", line 334, in _execute_on_connection
    return connection._execute_clauseelement(
           ^^^^^^^^^^^^^^^^^^^^^^^^^^^^^^^^^^
  File "C:\Users\kevin\Documents\Cephadex\.venv\Lib\site-packages\sqlalchemy\engine\base.py", line 1572, in _execute_clauseelement
    ret = self._execute_context(
          ^^^^^^^^^^^^^^^^^^^^^^
  File "C:\Users\kevin\Documents\Cephadex\.venv\Lib\site-packages\sqlalchemy\engine\base.py", line 1943, in _execute_context
    self._handle_dbapi_exception(
  File "C:\Users\kevin\Documents\Cephadex\.venv\Lib\site-packages\sqlalchemy\engine\base.py", line 2124, in _handle_dbapi_exception
    util.raise_(
  File "C:\Users\kevin\Documents\Cephadex\.venv\Lib\site-packages\sqlalchemy\util\compat.py", line 211, in raise_
    raise exception
  File "C:\Users\kevin\Documents\Cephadex\.venv\Lib\site-packages\sqlalchemy\engine\base.py", line 1900, in _execute_context
    self.dialect.do_execute(
  File "C:\Users\kevin\Documents\Cephadex\.venv\Lib\site-packages\sqlalchemy\engine\default.py", line 736, in do_execute
    cursor.execute(statement, parameters)
  File "C:\Users\kevin\Documents\Cephadex\.venv\Lib\site-packages\mysql\connector\cursor_cext.py", line 330, in execute
    result = self._cnx.cmd_query(
             ^^^^^^^^^^^^^^^^^^^^
  File "C:\Users\kevin\Documents\Cephadex\.venv\Lib\site-packages\mysql\connector\connection_cext.py", line 616, in cmd_query
    raise get_mysql_exception(
sqlalchemy.exc.IntegrityError: (mysql.connector.errors.IntegrityError) 1451 (23000): Cannot delete or update a parent row: a foreign key constraint fails (`mysqldb1`.`deck_attributes`, CONSTRAINT `deck_attributes_ibfk_1` FOREIGN KEY (`deck_id`) REFERENCES `deck` (`id`))
[SQL: DELETE FROM deck WHERE deck.id = %(id)s]
[parameters: {'id': 741}]
(Background on this error at: https://sqlalche.me/e/14/gkpj)
2023-08-26 16:13:03,083 - flask_app - ERROR - Exception occurred in function delete. Extra info: No extra info provided.
Traceback (most recent call last):
  File "C:\Users\kevin\Documents\Cephadex\.venv\Lib\site-packages\mysql\connector\connection_cext.py", line 608, in cmd_query
    self._cmysql.query(
_mysql_connector.MySQLInterfaceError: Cannot delete or update a parent row: a foreign key constraint fails (`mysqldb1`.`deck_attributes`, CONSTRAINT `deck_attributes_ibfk_1` FOREIGN KEY (`deck_id`) REFERENCES `deck` (`id`))

The above exception was the direct cause of the following exception:

Traceback (most recent call last):
  File "C:\Users\kevin\Documents\Cephadex\.venv\Lib\site-packages\sqlalchemy\engine\base.py", line 1900, in _execute_context
    self.dialect.do_execute(
  File "C:\Users\kevin\Documents\Cephadex\.venv\Lib\site-packages\sqlalchemy\engine\default.py", line 736, in do_execute
    cursor.execute(statement, parameters)
  File "C:\Users\kevin\Documents\Cephadex\.venv\Lib\site-packages\mysql\connector\cursor_cext.py", line 330, in execute
    result = self._cnx.cmd_query(
             ^^^^^^^^^^^^^^^^^^^^
  File "C:\Users\kevin\Documents\Cephadex\.venv\Lib\site-packages\mysql\connector\connection_cext.py", line 616, in cmd_query
    raise get_mysql_exception(
mysql.connector.errors.IntegrityError: 1451 (23000): Cannot delete or update a parent row: a foreign key constraint fails (`mysqldb1`.`deck_attributes`, CONSTRAINT `deck_attributes_ibfk_1` FOREIGN KEY (`deck_id`) REFERENCES `deck` (`id`))

The above exception was the direct cause of the following exception:

Traceback (most recent call last):
  File "C:\Users\kevin\Documents\Cephadex\cards\models\helpers\log_decorators.py", line 17, in wrapper
    result = f(*args, **kwargs)
             ^^^^^^^^^^^^^^^^^^
  File "C:\Users\kevin\Documents\Cephadex\cards\views\deck_bp.py", line 106, in delete
    db.session.commit()
  File "<string>", line 2, in commit
  File "C:\Users\kevin\Documents\Cephadex\.venv\Lib\site-packages\sqlalchemy\orm\session.py", line 1451, in commit
    self._transaction.commit(_to_root=self.future)
  File "C:\Users\kevin\Documents\Cephadex\.venv\Lib\site-packages\sqlalchemy\orm\session.py", line 829, in commit
    self._prepare_impl()
  File "C:\Users\kevin\Documents\Cephadex\.venv\Lib\site-packages\sqlalchemy\orm\session.py", line 808, in _prepare_impl
    self.session.flush()
  File "C:\Users\kevin\Documents\Cephadex\.venv\Lib\site-packages\sqlalchemy\orm\session.py", line 3444, in flush
    self._flush(objects)
  File "C:\Users\kevin\Documents\Cephadex\.venv\Lib\site-packages\sqlalchemy\orm\session.py", line 3583, in _flush
    with util.safe_reraise():
  File "C:\Users\kevin\Documents\Cephadex\.venv\Lib\site-packages\sqlalchemy\util\langhelpers.py", line 70, in __exit__
    compat.raise_(
  File "C:\Users\kevin\Documents\Cephadex\.venv\Lib\site-packages\sqlalchemy\util\compat.py", line 211, in raise_
    raise exception
  File "C:\Users\kevin\Documents\Cephadex\.venv\Lib\site-packages\sqlalchemy\orm\session.py", line 3544, in _flush
    flush_context.execute()
  File "C:\Users\kevin\Documents\Cephadex\.venv\Lib\site-packages\sqlalchemy\orm\unitofwork.py", line 456, in execute
    rec.execute(self)
  File "C:\Users\kevin\Documents\Cephadex\.venv\Lib\site-packages\sqlalchemy\orm\unitofwork.py", line 667, in execute
    util.preloaded.orm_persistence.delete_obj(
  File "C:\Users\kevin\Documents\Cephadex\.venv\Lib\site-packages\sqlalchemy\orm\persistence.py", line 343, in delete_obj
    _emit_delete_statements(
  File "C:\Users\kevin\Documents\Cephadex\.venv\Lib\site-packages\sqlalchemy\orm\persistence.py", line 1468, in _emit_delete_statements
    c = connection._execute_20(
        ^^^^^^^^^^^^^^^^^^^^^^^
  File "C:\Users\kevin\Documents\Cephadex\.venv\Lib\site-packages\sqlalchemy\engine\base.py", line 1705, in _execute_20
    return meth(self, args_10style, kwargs_10style, execution_options)
           ^^^^^^^^^^^^^^^^^^^^^^^^^^^^^^^^^^^^^^^^^^^^^^^^^^^^^^^^^^^
  File "C:\Users\kevin\Documents\Cephadex\.venv\Lib\site-packages\sqlalchemy\sql\elements.py", line 334, in _execute_on_connection
    return connection._execute_clauseelement(
           ^^^^^^^^^^^^^^^^^^^^^^^^^^^^^^^^^^
  File "C:\Users\kevin\Documents\Cephadex\.venv\Lib\site-packages\sqlalchemy\engine\base.py", line 1572, in _execute_clauseelement
    ret = self._execute_context(
          ^^^^^^^^^^^^^^^^^^^^^^
  File "C:\Users\kevin\Documents\Cephadex\.venv\Lib\site-packages\sqlalchemy\engine\base.py", line 1943, in _execute_context
    self._handle_dbapi_exception(
  File "C:\Users\kevin\Documents\Cephadex\.venv\Lib\site-packages\sqlalchemy\engine\base.py", line 2124, in _handle_dbapi_exception
    util.raise_(
  File "C:\Users\kevin\Documents\Cephadex\.venv\Lib\site-packages\sqlalchemy\util\compat.py", line 211, in raise_
    raise exception
  File "C:\Users\kevin\Documents\Cephadex\.venv\Lib\site-packages\sqlalchemy\engine\base.py", line 1900, in _execute_context
    self.dialect.do_execute(
  File "C:\Users\kevin\Documents\Cephadex\.venv\Lib\site-packages\sqlalchemy\engine\default.py", line 736, in do_execute
    cursor.execute(statement, parameters)
  File "C:\Users\kevin\Documents\Cephadex\.venv\Lib\site-packages\mysql\connector\cursor_cext.py", line 330, in execute
    result = self._cnx.cmd_query(
             ^^^^^^^^^^^^^^^^^^^^
  File "C:\Users\kevin\Documents\Cephadex\.venv\Lib\site-packages\mysql\connector\connection_cext.py", line 616, in cmd_query
    raise get_mysql_exception(
sqlalchemy.exc.IntegrityError: (mysql.connector.errors.IntegrityError) 1451 (23000): Cannot delete or update a parent row: a foreign key constraint fails (`mysqldb1`.`deck_attributes`, CONSTRAINT `deck_attributes_ibfk_1` FOREIGN KEY (`deck_id`) REFERENCES `deck` (`id`))
[SQL: DELETE FROM deck WHERE deck.id = %(id)s]
[parameters: {'id': 735}]
(Background on this error at: https://sqlalche.me/e/14/gkpj)
2023-08-26 16:13:05,659 - flask_app - ERROR - Exception occurred in function delete. Extra info: No extra info provided.
Traceback (most recent call last):
  File "C:\Users\kevin\Documents\Cephadex\.venv\Lib\site-packages\mysql\connector\connection_cext.py", line 608, in cmd_query
    self._cmysql.query(
_mysql_connector.MySQLInterfaceError: Cannot delete or update a parent row: a foreign key constraint fails (`mysqldb1`.`deck_attributes`, CONSTRAINT `deck_attributes_ibfk_1` FOREIGN KEY (`deck_id`) REFERENCES `deck` (`id`))

The above exception was the direct cause of the following exception:

Traceback (most recent call last):
  File "C:\Users\kevin\Documents\Cephadex\.venv\Lib\site-packages\sqlalchemy\engine\base.py", line 1900, in _execute_context
    self.dialect.do_execute(
  File "C:\Users\kevin\Documents\Cephadex\.venv\Lib\site-packages\sqlalchemy\engine\default.py", line 736, in do_execute
    cursor.execute(statement, parameters)
  File "C:\Users\kevin\Documents\Cephadex\.venv\Lib\site-packages\mysql\connector\cursor_cext.py", line 330, in execute
    result = self._cnx.cmd_query(
             ^^^^^^^^^^^^^^^^^^^^
  File "C:\Users\kevin\Documents\Cephadex\.venv\Lib\site-packages\mysql\connector\connection_cext.py", line 616, in cmd_query
    raise get_mysql_exception(
mysql.connector.errors.IntegrityError: 1451 (23000): Cannot delete or update a parent row: a foreign key constraint fails (`mysqldb1`.`deck_attributes`, CONSTRAINT `deck_attributes_ibfk_1` FOREIGN KEY (`deck_id`) REFERENCES `deck` (`id`))

The above exception was the direct cause of the following exception:

Traceback (most recent call last):
  File "C:\Users\kevin\Documents\Cephadex\cards\models\helpers\log_decorators.py", line 17, in wrapper
    result = f(*args, **kwargs)
             ^^^^^^^^^^^^^^^^^^
  File "C:\Users\kevin\Documents\Cephadex\cards\views\deck_bp.py", line 106, in delete
    db.session.commit()
  File "<string>", line 2, in commit
  File "C:\Users\kevin\Documents\Cephadex\.venv\Lib\site-packages\sqlalchemy\orm\session.py", line 1451, in commit
    self._transaction.commit(_to_root=self.future)
  File "C:\Users\kevin\Documents\Cephadex\.venv\Lib\site-packages\sqlalchemy\orm\session.py", line 829, in commit
    self._prepare_impl()
  File "C:\Users\kevin\Documents\Cephadex\.venv\Lib\site-packages\sqlalchemy\orm\session.py", line 808, in _prepare_impl
    self.session.flush()
  File "C:\Users\kevin\Documents\Cephadex\.venv\Lib\site-packages\sqlalchemy\orm\session.py", line 3444, in flush
    self._flush(objects)
  File "C:\Users\kevin\Documents\Cephadex\.venv\Lib\site-packages\sqlalchemy\orm\session.py", line 3583, in _flush
    with util.safe_reraise():
  File "C:\Users\kevin\Documents\Cephadex\.venv\Lib\site-packages\sqlalchemy\util\langhelpers.py", line 70, in __exit__
    compat.raise_(
  File "C:\Users\kevin\Documents\Cephadex\.venv\Lib\site-packages\sqlalchemy\util\compat.py", line 211, in raise_
    raise exception
  File "C:\Users\kevin\Documents\Cephadex\.venv\Lib\site-packages\sqlalchemy\orm\session.py", line 3544, in _flush
    flush_context.execute()
  File "C:\Users\kevin\Documents\Cephadex\.venv\Lib\site-packages\sqlalchemy\orm\unitofwork.py", line 456, in execute
    rec.execute(self)
  File "C:\Users\kevin\Documents\Cephadex\.venv\Lib\site-packages\sqlalchemy\orm\unitofwork.py", line 667, in execute
    util.preloaded.orm_persistence.delete_obj(
  File "C:\Users\kevin\Documents\Cephadex\.venv\Lib\site-packages\sqlalchemy\orm\persistence.py", line 343, in delete_obj
    _emit_delete_statements(
  File "C:\Users\kevin\Documents\Cephadex\.venv\Lib\site-packages\sqlalchemy\orm\persistence.py", line 1468, in _emit_delete_statements
    c = connection._execute_20(
        ^^^^^^^^^^^^^^^^^^^^^^^
  File "C:\Users\kevin\Documents\Cephadex\.venv\Lib\site-packages\sqlalchemy\engine\base.py", line 1705, in _execute_20
    return meth(self, args_10style, kwargs_10style, execution_options)
           ^^^^^^^^^^^^^^^^^^^^^^^^^^^^^^^^^^^^^^^^^^^^^^^^^^^^^^^^^^^
  File "C:\Users\kevin\Documents\Cephadex\.venv\Lib\site-packages\sqlalchemy\sql\elements.py", line 334, in _execute_on_connection
    return connection._execute_clauseelement(
           ^^^^^^^^^^^^^^^^^^^^^^^^^^^^^^^^^^
  File "C:\Users\kevin\Documents\Cephadex\.venv\Lib\site-packages\sqlalchemy\engine\base.py", line 1572, in _execute_clauseelement
    ret = self._execute_context(
          ^^^^^^^^^^^^^^^^^^^^^^
  File "C:\Users\kevin\Documents\Cephadex\.venv\Lib\site-packages\sqlalchemy\engine\base.py", line 1943, in _execute_context
    self._handle_dbapi_exception(
  File "C:\Users\kevin\Documents\Cephadex\.venv\Lib\site-packages\sqlalchemy\engine\base.py", line 2124, in _handle_dbapi_exception
    util.raise_(
  File "C:\Users\kevin\Documents\Cephadex\.venv\Lib\site-packages\sqlalchemy\util\compat.py", line 211, in raise_
    raise exception
  File "C:\Users\kevin\Documents\Cephadex\.venv\Lib\site-packages\sqlalchemy\engine\base.py", line 1900, in _execute_context
    self.dialect.do_execute(
  File "C:\Users\kevin\Documents\Cephadex\.venv\Lib\site-packages\sqlalchemy\engine\default.py", line 736, in do_execute
    cursor.execute(statement, parameters)
  File "C:\Users\kevin\Documents\Cephadex\.venv\Lib\site-packages\mysql\connector\cursor_cext.py", line 330, in execute
    result = self._cnx.cmd_query(
             ^^^^^^^^^^^^^^^^^^^^
  File "C:\Users\kevin\Documents\Cephadex\.venv\Lib\site-packages\mysql\connector\connection_cext.py", line 616, in cmd_query
    raise get_mysql_exception(
sqlalchemy.exc.IntegrityError: (mysql.connector.errors.IntegrityError) 1451 (23000): Cannot delete or update a parent row: a foreign key constraint fails (`mysqldb1`.`deck_attributes`, CONSTRAINT `deck_attributes_ibfk_1` FOREIGN KEY (`deck_id`) REFERENCES `deck` (`id`))
[SQL: DELETE FROM deck WHERE deck.id = %(id)s]
[parameters: {'id': 751}]
(Background on this error at: https://sqlalche.me/e/14/gkpj)
2023-08-26 16:13:07,019 - flask_app - ERROR - Exception occurred in function delete. Extra info: No extra info provided.
Traceback (most recent call last):
  File "C:\Users\kevin\Documents\Cephadex\.venv\Lib\site-packages\mysql\connector\connection_cext.py", line 608, in cmd_query
    self._cmysql.query(
_mysql_connector.MySQLInterfaceError: Cannot delete or update a parent row: a foreign key constraint fails (`mysqldb1`.`deck_attributes`, CONSTRAINT `deck_attributes_ibfk_1` FOREIGN KEY (`deck_id`) REFERENCES `deck` (`id`))

The above exception was the direct cause of the following exception:

Traceback (most recent call last):
  File "C:\Users\kevin\Documents\Cephadex\.venv\Lib\site-packages\sqlalchemy\engine\base.py", line 1900, in _execute_context
    self.dialect.do_execute(
  File "C:\Users\kevin\Documents\Cephadex\.venv\Lib\site-packages\sqlalchemy\engine\default.py", line 736, in do_execute
    cursor.execute(statement, parameters)
  File "C:\Users\kevin\Documents\Cephadex\.venv\Lib\site-packages\mysql\connector\cursor_cext.py", line 330, in execute
    result = self._cnx.cmd_query(
             ^^^^^^^^^^^^^^^^^^^^
  File "C:\Users\kevin\Documents\Cephadex\.venv\Lib\site-packages\mysql\connector\connection_cext.py", line 616, in cmd_query
    raise get_mysql_exception(
mysql.connector.errors.IntegrityError: 1451 (23000): Cannot delete or update a parent row: a foreign key constraint fails (`mysqldb1`.`deck_attributes`, CONSTRAINT `deck_attributes_ibfk_1` FOREIGN KEY (`deck_id`) REFERENCES `deck` (`id`))

The above exception was the direct cause of the following exception:

Traceback (most recent call last):
  File "C:\Users\kevin\Documents\Cephadex\cards\models\helpers\log_decorators.py", line 17, in wrapper
    result = f(*args, **kwargs)
             ^^^^^^^^^^^^^^^^^^
  File "C:\Users\kevin\Documents\Cephadex\cards\views\deck_bp.py", line 106, in delete
    db.session.commit()
  File "<string>", line 2, in commit
  File "C:\Users\kevin\Documents\Cephadex\.venv\Lib\site-packages\sqlalchemy\orm\session.py", line 1451, in commit
    self._transaction.commit(_to_root=self.future)
  File "C:\Users\kevin\Documents\Cephadex\.venv\Lib\site-packages\sqlalchemy\orm\session.py", line 829, in commit
    self._prepare_impl()
  File "C:\Users\kevin\Documents\Cephadex\.venv\Lib\site-packages\sqlalchemy\orm\session.py", line 808, in _prepare_impl
    self.session.flush()
  File "C:\Users\kevin\Documents\Cephadex\.venv\Lib\site-packages\sqlalchemy\orm\session.py", line 3444, in flush
    self._flush(objects)
  File "C:\Users\kevin\Documents\Cephadex\.venv\Lib\site-packages\sqlalchemy\orm\session.py", line 3583, in _flush
    with util.safe_reraise():
  File "C:\Users\kevin\Documents\Cephadex\.venv\Lib\site-packages\sqlalchemy\util\langhelpers.py", line 70, in __exit__
    compat.raise_(
  File "C:\Users\kevin\Documents\Cephadex\.venv\Lib\site-packages\sqlalchemy\util\compat.py", line 211, in raise_
    raise exception
  File "C:\Users\kevin\Documents\Cephadex\.venv\Lib\site-packages\sqlalchemy\orm\session.py", line 3544, in _flush
    flush_context.execute()
  File "C:\Users\kevin\Documents\Cephadex\.venv\Lib\site-packages\sqlalchemy\orm\unitofwork.py", line 456, in execute
    rec.execute(self)
  File "C:\Users\kevin\Documents\Cephadex\.venv\Lib\site-packages\sqlalchemy\orm\unitofwork.py", line 667, in execute
    util.preloaded.orm_persistence.delete_obj(
  File "C:\Users\kevin\Documents\Cephadex\.venv\Lib\site-packages\sqlalchemy\orm\persistence.py", line 343, in delete_obj
    _emit_delete_statements(
  File "C:\Users\kevin\Documents\Cephadex\.venv\Lib\site-packages\sqlalchemy\orm\persistence.py", line 1468, in _emit_delete_statements
    c = connection._execute_20(
        ^^^^^^^^^^^^^^^^^^^^^^^
  File "C:\Users\kevin\Documents\Cephadex\.venv\Lib\site-packages\sqlalchemy\engine\base.py", line 1705, in _execute_20
    return meth(self, args_10style, kwargs_10style, execution_options)
           ^^^^^^^^^^^^^^^^^^^^^^^^^^^^^^^^^^^^^^^^^^^^^^^^^^^^^^^^^^^
  File "C:\Users\kevin\Documents\Cephadex\.venv\Lib\site-packages\sqlalchemy\sql\elements.py", line 334, in _execute_on_connection
    return connection._execute_clauseelement(
           ^^^^^^^^^^^^^^^^^^^^^^^^^^^^^^^^^^
  File "C:\Users\kevin\Documents\Cephadex\.venv\Lib\site-packages\sqlalchemy\engine\base.py", line 1572, in _execute_clauseelement
    ret = self._execute_context(
          ^^^^^^^^^^^^^^^^^^^^^^
  File "C:\Users\kevin\Documents\Cephadex\.venv\Lib\site-packages\sqlalchemy\engine\base.py", line 1943, in _execute_context
    self._handle_dbapi_exception(
  File "C:\Users\kevin\Documents\Cephadex\.venv\Lib\site-packages\sqlalchemy\engine\base.py", line 2124, in _handle_dbapi_exception
    util.raise_(
  File "C:\Users\kevin\Documents\Cephadex\.venv\Lib\site-packages\sqlalchemy\util\compat.py", line 211, in raise_
    raise exception
  File "C:\Users\kevin\Documents\Cephadex\.venv\Lib\site-packages\sqlalchemy\engine\base.py", line 1900, in _execute_context
    self.dialect.do_execute(
  File "C:\Users\kevin\Documents\Cephadex\.venv\Lib\site-packages\sqlalchemy\engine\default.py", line 736, in do_execute
    cursor.execute(statement, parameters)
  File "C:\Users\kevin\Documents\Cephadex\.venv\Lib\site-packages\mysql\connector\cursor_cext.py", line 330, in execute
    result = self._cnx.cmd_query(
             ^^^^^^^^^^^^^^^^^^^^
  File "C:\Users\kevin\Documents\Cephadex\.venv\Lib\site-packages\mysql\connector\connection_cext.py", line 616, in cmd_query
    raise get_mysql_exception(
sqlalchemy.exc.IntegrityError: (mysql.connector.errors.IntegrityError) 1451 (23000): Cannot delete or update a parent row: a foreign key constraint fails (`mysqldb1`.`deck_attributes`, CONSTRAINT `deck_attributes_ibfk_1` FOREIGN KEY (`deck_id`) REFERENCES `deck` (`id`))
[SQL: DELETE FROM deck WHERE deck.id = %(id)s]
[parameters: {'id': 753}]
(Background on this error at: https://sqlalche.me/e/14/gkpj)
2023-08-26 16:13:09,596 - flask_app - ERROR - Exception occurred in function delete. Extra info: No extra info provided.
Traceback (most recent call last):
  File "C:\Users\kevin\Documents\Cephadex\.venv\Lib\site-packages\mysql\connector\connection_cext.py", line 608, in cmd_query
    self._cmysql.query(
_mysql_connector.MySQLInterfaceError: Cannot delete or update a parent row: a foreign key constraint fails (`mysqldb1`.`deck_attributes`, CONSTRAINT `deck_attributes_ibfk_1` FOREIGN KEY (`deck_id`) REFERENCES `deck` (`id`))

The above exception was the direct cause of the following exception:

Traceback (most recent call last):
  File "C:\Users\kevin\Documents\Cephadex\.venv\Lib\site-packages\sqlalchemy\engine\base.py", line 1900, in _execute_context
    self.dialect.do_execute(
  File "C:\Users\kevin\Documents\Cephadex\.venv\Lib\site-packages\sqlalchemy\engine\default.py", line 736, in do_execute
    cursor.execute(statement, parameters)
  File "C:\Users\kevin\Documents\Cephadex\.venv\Lib\site-packages\mysql\connector\cursor_cext.py", line 330, in execute
    result = self._cnx.cmd_query(
             ^^^^^^^^^^^^^^^^^^^^
  File "C:\Users\kevin\Documents\Cephadex\.venv\Lib\site-packages\mysql\connector\connection_cext.py", line 616, in cmd_query
    raise get_mysql_exception(
mysql.connector.errors.IntegrityError: 1451 (23000): Cannot delete or update a parent row: a foreign key constraint fails (`mysqldb1`.`deck_attributes`, CONSTRAINT `deck_attributes_ibfk_1` FOREIGN KEY (`deck_id`) REFERENCES `deck` (`id`))

The above exception was the direct cause of the following exception:

Traceback (most recent call last):
  File "C:\Users\kevin\Documents\Cephadex\cards\models\helpers\log_decorators.py", line 17, in wrapper
    result = f(*args, **kwargs)
             ^^^^^^^^^^^^^^^^^^
  File "C:\Users\kevin\Documents\Cephadex\cards\views\deck_bp.py", line 106, in delete
    db.session.commit()
  File "<string>", line 2, in commit
  File "C:\Users\kevin\Documents\Cephadex\.venv\Lib\site-packages\sqlalchemy\orm\session.py", line 1451, in commit
    self._transaction.commit(_to_root=self.future)
  File "C:\Users\kevin\Documents\Cephadex\.venv\Lib\site-packages\sqlalchemy\orm\session.py", line 829, in commit
    self._prepare_impl()
  File "C:\Users\kevin\Documents\Cephadex\.venv\Lib\site-packages\sqlalchemy\orm\session.py", line 808, in _prepare_impl
    self.session.flush()
  File "C:\Users\kevin\Documents\Cephadex\.venv\Lib\site-packages\sqlalchemy\orm\session.py", line 3444, in flush
    self._flush(objects)
  File "C:\Users\kevin\Documents\Cephadex\.venv\Lib\site-packages\sqlalchemy\orm\session.py", line 3583, in _flush
    with util.safe_reraise():
  File "C:\Users\kevin\Documents\Cephadex\.venv\Lib\site-packages\sqlalchemy\util\langhelpers.py", line 70, in __exit__
    compat.raise_(
  File "C:\Users\kevin\Documents\Cephadex\.venv\Lib\site-packages\sqlalchemy\util\compat.py", line 211, in raise_
    raise exception
  File "C:\Users\kevin\Documents\Cephadex\.venv\Lib\site-packages\sqlalchemy\orm\session.py", line 3544, in _flush
    flush_context.execute()
  File "C:\Users\kevin\Documents\Cephadex\.venv\Lib\site-packages\sqlalchemy\orm\unitofwork.py", line 456, in execute
    rec.execute(self)
  File "C:\Users\kevin\Documents\Cephadex\.venv\Lib\site-packages\sqlalchemy\orm\unitofwork.py", line 667, in execute
    util.preloaded.orm_persistence.delete_obj(
  File "C:\Users\kevin\Documents\Cephadex\.venv\Lib\site-packages\sqlalchemy\orm\persistence.py", line 343, in delete_obj
    _emit_delete_statements(
  File "C:\Users\kevin\Documents\Cephadex\.venv\Lib\site-packages\sqlalchemy\orm\persistence.py", line 1468, in _emit_delete_statements
    c = connection._execute_20(
        ^^^^^^^^^^^^^^^^^^^^^^^
  File "C:\Users\kevin\Documents\Cephadex\.venv\Lib\site-packages\sqlalchemy\engine\base.py", line 1705, in _execute_20
    return meth(self, args_10style, kwargs_10style, execution_options)
           ^^^^^^^^^^^^^^^^^^^^^^^^^^^^^^^^^^^^^^^^^^^^^^^^^^^^^^^^^^^
  File "C:\Users\kevin\Documents\Cephadex\.venv\Lib\site-packages\sqlalchemy\sql\elements.py", line 334, in _execute_on_connection
    return connection._execute_clauseelement(
           ^^^^^^^^^^^^^^^^^^^^^^^^^^^^^^^^^^
  File "C:\Users\kevin\Documents\Cephadex\.venv\Lib\site-packages\sqlalchemy\engine\base.py", line 1572, in _execute_clauseelement
    ret = self._execute_context(
          ^^^^^^^^^^^^^^^^^^^^^^
  File "C:\Users\kevin\Documents\Cephadex\.venv\Lib\site-packages\sqlalchemy\engine\base.py", line 1943, in _execute_context
    self._handle_dbapi_exception(
  File "C:\Users\kevin\Documents\Cephadex\.venv\Lib\site-packages\sqlalchemy\engine\base.py", line 2124, in _handle_dbapi_exception
    util.raise_(
  File "C:\Users\kevin\Documents\Cephadex\.venv\Lib\site-packages\sqlalchemy\util\compat.py", line 211, in raise_
    raise exception
  File "C:\Users\kevin\Documents\Cephadex\.venv\Lib\site-packages\sqlalchemy\engine\base.py", line 1900, in _execute_context
    self.dialect.do_execute(
  File "C:\Users\kevin\Documents\Cephadex\.venv\Lib\site-packages\sqlalchemy\engine\default.py", line 736, in do_execute
    cursor.execute(statement, parameters)
  File "C:\Users\kevin\Documents\Cephadex\.venv\Lib\site-packages\mysql\connector\cursor_cext.py", line 330, in execute
    result = self._cnx.cmd_query(
             ^^^^^^^^^^^^^^^^^^^^
  File "C:\Users\kevin\Documents\Cephadex\.venv\Lib\site-packages\mysql\connector\connection_cext.py", line 616, in cmd_query
    raise get_mysql_exception(
sqlalchemy.exc.IntegrityError: (mysql.connector.errors.IntegrityError) 1451 (23000): Cannot delete or update a parent row: a foreign key constraint fails (`mysqldb1`.`deck_attributes`, CONSTRAINT `deck_attributes_ibfk_1` FOREIGN KEY (`deck_id`) REFERENCES `deck` (`id`))
[SQL: DELETE FROM deck WHERE deck.id = %(id)s]
[parameters: {'id': 715}]
(Background on this error at: https://sqlalche.me/e/14/gkpj)
2023-08-26 16:13:21,438 - flask_app - ERROR - Exception occurred in function delete. Extra info: No extra info provided.
Traceback (most recent call last):
  File "C:\Users\kevin\Documents\Cephadex\.venv\Lib\site-packages\mysql\connector\connection_cext.py", line 608, in cmd_query
    self._cmysql.query(
_mysql_connector.MySQLInterfaceError: Cannot delete or update a parent row: a foreign key constraint fails (`mysqldb1`.`deck_attributes`, CONSTRAINT `deck_attributes_ibfk_1` FOREIGN KEY (`deck_id`) REFERENCES `deck` (`id`))

The above exception was the direct cause of the following exception:

Traceback (most recent call last):
  File "C:\Users\kevin\Documents\Cephadex\.venv\Lib\site-packages\sqlalchemy\engine\base.py", line 1900, in _execute_context
    self.dialect.do_execute(
  File "C:\Users\kevin\Documents\Cephadex\.venv\Lib\site-packages\sqlalchemy\engine\default.py", line 736, in do_execute
    cursor.execute(statement, parameters)
  File "C:\Users\kevin\Documents\Cephadex\.venv\Lib\site-packages\mysql\connector\cursor_cext.py", line 330, in execute
    result = self._cnx.cmd_query(
             ^^^^^^^^^^^^^^^^^^^^
  File "C:\Users\kevin\Documents\Cephadex\.venv\Lib\site-packages\mysql\connector\connection_cext.py", line 616, in cmd_query
    raise get_mysql_exception(
mysql.connector.errors.IntegrityError: 1451 (23000): Cannot delete or update a parent row: a foreign key constraint fails (`mysqldb1`.`deck_attributes`, CONSTRAINT `deck_attributes_ibfk_1` FOREIGN KEY (`deck_id`) REFERENCES `deck` (`id`))

The above exception was the direct cause of the following exception:

Traceback (most recent call last):
  File "C:\Users\kevin\Documents\Cephadex\cards\models\helpers\log_decorators.py", line 17, in wrapper
    result = f(*args, **kwargs)
             ^^^^^^^^^^^^^^^^^^
  File "C:\Users\kevin\Documents\Cephadex\cards\views\deck_bp.py", line 106, in delete
    db.session.commit()
  File "<string>", line 2, in commit
  File "C:\Users\kevin\Documents\Cephadex\.venv\Lib\site-packages\sqlalchemy\orm\session.py", line 1451, in commit
    self._transaction.commit(_to_root=self.future)
  File "C:\Users\kevin\Documents\Cephadex\.venv\Lib\site-packages\sqlalchemy\orm\session.py", line 829, in commit
    self._prepare_impl()
  File "C:\Users\kevin\Documents\Cephadex\.venv\Lib\site-packages\sqlalchemy\orm\session.py", line 808, in _prepare_impl
    self.session.flush()
  File "C:\Users\kevin\Documents\Cephadex\.venv\Lib\site-packages\sqlalchemy\orm\session.py", line 3444, in flush
    self._flush(objects)
  File "C:\Users\kevin\Documents\Cephadex\.venv\Lib\site-packages\sqlalchemy\orm\session.py", line 3583, in _flush
    with util.safe_reraise():
  File "C:\Users\kevin\Documents\Cephadex\.venv\Lib\site-packages\sqlalchemy\util\langhelpers.py", line 70, in __exit__
    compat.raise_(
  File "C:\Users\kevin\Documents\Cephadex\.venv\Lib\site-packages\sqlalchemy\util\compat.py", line 211, in raise_
    raise exception
  File "C:\Users\kevin\Documents\Cephadex\.venv\Lib\site-packages\sqlalchemy\orm\session.py", line 3544, in _flush
    flush_context.execute()
  File "C:\Users\kevin\Documents\Cephadex\.venv\Lib\site-packages\sqlalchemy\orm\unitofwork.py", line 456, in execute
    rec.execute(self)
  File "C:\Users\kevin\Documents\Cephadex\.venv\Lib\site-packages\sqlalchemy\orm\unitofwork.py", line 667, in execute
    util.preloaded.orm_persistence.delete_obj(
  File "C:\Users\kevin\Documents\Cephadex\.venv\Lib\site-packages\sqlalchemy\orm\persistence.py", line 343, in delete_obj
    _emit_delete_statements(
  File "C:\Users\kevin\Documents\Cephadex\.venv\Lib\site-packages\sqlalchemy\orm\persistence.py", line 1468, in _emit_delete_statements
    c = connection._execute_20(
        ^^^^^^^^^^^^^^^^^^^^^^^
  File "C:\Users\kevin\Documents\Cephadex\.venv\Lib\site-packages\sqlalchemy\engine\base.py", line 1705, in _execute_20
    return meth(self, args_10style, kwargs_10style, execution_options)
           ^^^^^^^^^^^^^^^^^^^^^^^^^^^^^^^^^^^^^^^^^^^^^^^^^^^^^^^^^^^
  File "C:\Users\kevin\Documents\Cephadex\.venv\Lib\site-packages\sqlalchemy\sql\elements.py", line 334, in _execute_on_connection
    return connection._execute_clauseelement(
           ^^^^^^^^^^^^^^^^^^^^^^^^^^^^^^^^^^
  File "C:\Users\kevin\Documents\Cephadex\.venv\Lib\site-packages\sqlalchemy\engine\base.py", line 1572, in _execute_clauseelement
    ret = self._execute_context(
          ^^^^^^^^^^^^^^^^^^^^^^
  File "C:\Users\kevin\Documents\Cephadex\.venv\Lib\site-packages\sqlalchemy\engine\base.py", line 1943, in _execute_context
    self._handle_dbapi_exception(
  File "C:\Users\kevin\Documents\Cephadex\.venv\Lib\site-packages\sqlalchemy\engine\base.py", line 2124, in _handle_dbapi_exception
    util.raise_(
  File "C:\Users\kevin\Documents\Cephadex\.venv\Lib\site-packages\sqlalchemy\util\compat.py", line 211, in raise_
    raise exception
  File "C:\Users\kevin\Documents\Cephadex\.venv\Lib\site-packages\sqlalchemy\engine\base.py", line 1900, in _execute_context
    self.dialect.do_execute(
  File "C:\Users\kevin\Documents\Cephadex\.venv\Lib\site-packages\sqlalchemy\engine\default.py", line 736, in do_execute
    cursor.execute(statement, parameters)
  File "C:\Users\kevin\Documents\Cephadex\.venv\Lib\site-packages\mysql\connector\cursor_cext.py", line 330, in execute
    result = self._cnx.cmd_query(
             ^^^^^^^^^^^^^^^^^^^^
  File "C:\Users\kevin\Documents\Cephadex\.venv\Lib\site-packages\mysql\connector\connection_cext.py", line 616, in cmd_query
    raise get_mysql_exception(
sqlalchemy.exc.IntegrityError: (mysql.connector.errors.IntegrityError) 1451 (23000): Cannot delete or update a parent row: a foreign key constraint fails (`mysqldb1`.`deck_attributes`, CONSTRAINT `deck_attributes_ibfk_1` FOREIGN KEY (`deck_id`) REFERENCES `deck` (`id`))
[SQL: DELETE FROM deck WHERE deck.id = %(id)s]
[parameters: {'id': 655}]
(Background on this error at: https://sqlalche.me/e/14/gkpj)
2023-08-26 16:13:23,019 - flask_app - ERROR - Exception occurred in function delete. Extra info: No extra info provided.
Traceback (most recent call last):
  File "C:\Users\kevin\Documents\Cephadex\.venv\Lib\site-packages\mysql\connector\connection_cext.py", line 608, in cmd_query
    self._cmysql.query(
_mysql_connector.MySQLInterfaceError: Cannot delete or update a parent row: a foreign key constraint fails (`mysqldb1`.`deck_attributes`, CONSTRAINT `deck_attributes_ibfk_1` FOREIGN KEY (`deck_id`) REFERENCES `deck` (`id`))

The above exception was the direct cause of the following exception:

Traceback (most recent call last):
  File "C:\Users\kevin\Documents\Cephadex\.venv\Lib\site-packages\sqlalchemy\engine\base.py", line 1900, in _execute_context
    self.dialect.do_execute(
  File "C:\Users\kevin\Documents\Cephadex\.venv\Lib\site-packages\sqlalchemy\engine\default.py", line 736, in do_execute
    cursor.execute(statement, parameters)
  File "C:\Users\kevin\Documents\Cephadex\.venv\Lib\site-packages\mysql\connector\cursor_cext.py", line 330, in execute
    result = self._cnx.cmd_query(
             ^^^^^^^^^^^^^^^^^^^^
  File "C:\Users\kevin\Documents\Cephadex\.venv\Lib\site-packages\mysql\connector\connection_cext.py", line 616, in cmd_query
    raise get_mysql_exception(
mysql.connector.errors.IntegrityError: 1451 (23000): Cannot delete or update a parent row: a foreign key constraint fails (`mysqldb1`.`deck_attributes`, CONSTRAINT `deck_attributes_ibfk_1` FOREIGN KEY (`deck_id`) REFERENCES `deck` (`id`))

The above exception was the direct cause of the following exception:

Traceback (most recent call last):
  File "C:\Users\kevin\Documents\Cephadex\cards\models\helpers\log_decorators.py", line 17, in wrapper
    result = f(*args, **kwargs)
             ^^^^^^^^^^^^^^^^^^
  File "C:\Users\kevin\Documents\Cephadex\cards\views\deck_bp.py", line 106, in delete
    db.session.commit()
  File "<string>", line 2, in commit
  File "C:\Users\kevin\Documents\Cephadex\.venv\Lib\site-packages\sqlalchemy\orm\session.py", line 1451, in commit
    self._transaction.commit(_to_root=self.future)
  File "C:\Users\kevin\Documents\Cephadex\.venv\Lib\site-packages\sqlalchemy\orm\session.py", line 829, in commit
    self._prepare_impl()
  File "C:\Users\kevin\Documents\Cephadex\.venv\Lib\site-packages\sqlalchemy\orm\session.py", line 808, in _prepare_impl
    self.session.flush()
  File "C:\Users\kevin\Documents\Cephadex\.venv\Lib\site-packages\sqlalchemy\orm\session.py", line 3444, in flush
    self._flush(objects)
  File "C:\Users\kevin\Documents\Cephadex\.venv\Lib\site-packages\sqlalchemy\orm\session.py", line 3583, in _flush
    with util.safe_reraise():
  File "C:\Users\kevin\Documents\Cephadex\.venv\Lib\site-packages\sqlalchemy\util\langhelpers.py", line 70, in __exit__
    compat.raise_(
  File "C:\Users\kevin\Documents\Cephadex\.venv\Lib\site-packages\sqlalchemy\util\compat.py", line 211, in raise_
    raise exception
  File "C:\Users\kevin\Documents\Cephadex\.venv\Lib\site-packages\sqlalchemy\orm\session.py", line 3544, in _flush
    flush_context.execute()
  File "C:\Users\kevin\Documents\Cephadex\.venv\Lib\site-packages\sqlalchemy\orm\unitofwork.py", line 456, in execute
    rec.execute(self)
  File "C:\Users\kevin\Documents\Cephadex\.venv\Lib\site-packages\sqlalchemy\orm\unitofwork.py", line 667, in execute
    util.preloaded.orm_persistence.delete_obj(
  File "C:\Users\kevin\Documents\Cephadex\.venv\Lib\site-packages\sqlalchemy\orm\persistence.py", line 343, in delete_obj
    _emit_delete_statements(
  File "C:\Users\kevin\Documents\Cephadex\.venv\Lib\site-packages\sqlalchemy\orm\persistence.py", line 1468, in _emit_delete_statements
    c = connection._execute_20(
        ^^^^^^^^^^^^^^^^^^^^^^^
  File "C:\Users\kevin\Documents\Cephadex\.venv\Lib\site-packages\sqlalchemy\engine\base.py", line 1705, in _execute_20
    return meth(self, args_10style, kwargs_10style, execution_options)
           ^^^^^^^^^^^^^^^^^^^^^^^^^^^^^^^^^^^^^^^^^^^^^^^^^^^^^^^^^^^
  File "C:\Users\kevin\Documents\Cephadex\.venv\Lib\site-packages\sqlalchemy\sql\elements.py", line 334, in _execute_on_connection
    return connection._execute_clauseelement(
           ^^^^^^^^^^^^^^^^^^^^^^^^^^^^^^^^^^
  File "C:\Users\kevin\Documents\Cephadex\.venv\Lib\site-packages\sqlalchemy\engine\base.py", line 1572, in _execute_clauseelement
    ret = self._execute_context(
          ^^^^^^^^^^^^^^^^^^^^^^
  File "C:\Users\kevin\Documents\Cephadex\.venv\Lib\site-packages\sqlalchemy\engine\base.py", line 1943, in _execute_context
    self._handle_dbapi_exception(
  File "C:\Users\kevin\Documents\Cephadex\.venv\Lib\site-packages\sqlalchemy\engine\base.py", line 2124, in _handle_dbapi_exception
    util.raise_(
  File "C:\Users\kevin\Documents\Cephadex\.venv\Lib\site-packages\sqlalchemy\util\compat.py", line 211, in raise_
    raise exception
  File "C:\Users\kevin\Documents\Cephadex\.venv\Lib\site-packages\sqlalchemy\engine\base.py", line 1900, in _execute_context
    self.dialect.do_execute(
  File "C:\Users\kevin\Documents\Cephadex\.venv\Lib\site-packages\sqlalchemy\engine\default.py", line 736, in do_execute
    cursor.execute(statement, parameters)
  File "C:\Users\kevin\Documents\Cephadex\.venv\Lib\site-packages\mysql\connector\cursor_cext.py", line 330, in execute
    result = self._cnx.cmd_query(
             ^^^^^^^^^^^^^^^^^^^^
  File "C:\Users\kevin\Documents\Cephadex\.venv\Lib\site-packages\mysql\connector\connection_cext.py", line 616, in cmd_query
    raise get_mysql_exception(
sqlalchemy.exc.IntegrityError: (mysql.connector.errors.IntegrityError) 1451 (23000): Cannot delete or update a parent row: a foreign key constraint fails (`mysqldb1`.`deck_attributes`, CONSTRAINT `deck_attributes_ibfk_1` FOREIGN KEY (`deck_id`) REFERENCES `deck` (`id`))
[SQL: DELETE FROM deck WHERE deck.id = %(id)s]
[parameters: {'id': 653}]
(Background on this error at: https://sqlalche.me/e/14/gkpj)
2023-08-26 16:13:26,038 - flask_app - ERROR - Exception occurred in function delete. Extra info: No extra info provided.
Traceback (most recent call last):
  File "C:\Users\kevin\Documents\Cephadex\.venv\Lib\site-packages\mysql\connector\connection_cext.py", line 608, in cmd_query
    self._cmysql.query(
_mysql_connector.MySQLInterfaceError: Cannot delete or update a parent row: a foreign key constraint fails (`mysqldb1`.`deck_attributes`, CONSTRAINT `deck_attributes_ibfk_1` FOREIGN KEY (`deck_id`) REFERENCES `deck` (`id`))

The above exception was the direct cause of the following exception:

Traceback (most recent call last):
  File "C:\Users\kevin\Documents\Cephadex\.venv\Lib\site-packages\sqlalchemy\engine\base.py", line 1900, in _execute_context
    self.dialect.do_execute(
  File "C:\Users\kevin\Documents\Cephadex\.venv\Lib\site-packages\sqlalchemy\engine\default.py", line 736, in do_execute
    cursor.execute(statement, parameters)
  File "C:\Users\kevin\Documents\Cephadex\.venv\Lib\site-packages\mysql\connector\cursor_cext.py", line 330, in execute
    result = self._cnx.cmd_query(
             ^^^^^^^^^^^^^^^^^^^^
  File "C:\Users\kevin\Documents\Cephadex\.venv\Lib\site-packages\mysql\connector\connection_cext.py", line 616, in cmd_query
    raise get_mysql_exception(
mysql.connector.errors.IntegrityError: 1451 (23000): Cannot delete or update a parent row: a foreign key constraint fails (`mysqldb1`.`deck_attributes`, CONSTRAINT `deck_attributes_ibfk_1` FOREIGN KEY (`deck_id`) REFERENCES `deck` (`id`))

The above exception was the direct cause of the following exception:

Traceback (most recent call last):
  File "C:\Users\kevin\Documents\Cephadex\cards\models\helpers\log_decorators.py", line 17, in wrapper
    result = f(*args, **kwargs)
             ^^^^^^^^^^^^^^^^^^
  File "C:\Users\kevin\Documents\Cephadex\cards\views\deck_bp.py", line 106, in delete
    db.session.commit()
  File "<string>", line 2, in commit
  File "C:\Users\kevin\Documents\Cephadex\.venv\Lib\site-packages\sqlalchemy\orm\session.py", line 1451, in commit
    self._transaction.commit(_to_root=self.future)
  File "C:\Users\kevin\Documents\Cephadex\.venv\Lib\site-packages\sqlalchemy\orm\session.py", line 829, in commit
    self._prepare_impl()
  File "C:\Users\kevin\Documents\Cephadex\.venv\Lib\site-packages\sqlalchemy\orm\session.py", line 808, in _prepare_impl
    self.session.flush()
  File "C:\Users\kevin\Documents\Cephadex\.venv\Lib\site-packages\sqlalchemy\orm\session.py", line 3444, in flush
    self._flush(objects)
  File "C:\Users\kevin\Documents\Cephadex\.venv\Lib\site-packages\sqlalchemy\orm\session.py", line 3583, in _flush
    with util.safe_reraise():
  File "C:\Users\kevin\Documents\Cephadex\.venv\Lib\site-packages\sqlalchemy\util\langhelpers.py", line 70, in __exit__
    compat.raise_(
  File "C:\Users\kevin\Documents\Cephadex\.venv\Lib\site-packages\sqlalchemy\util\compat.py", line 211, in raise_
    raise exception
  File "C:\Users\kevin\Documents\Cephadex\.venv\Lib\site-packages\sqlalchemy\orm\session.py", line 3544, in _flush
    flush_context.execute()
  File "C:\Users\kevin\Documents\Cephadex\.venv\Lib\site-packages\sqlalchemy\orm\unitofwork.py", line 456, in execute
    rec.execute(self)
  File "C:\Users\kevin\Documents\Cephadex\.venv\Lib\site-packages\sqlalchemy\orm\unitofwork.py", line 667, in execute
    util.preloaded.orm_persistence.delete_obj(
  File "C:\Users\kevin\Documents\Cephadex\.venv\Lib\site-packages\sqlalchemy\orm\persistence.py", line 343, in delete_obj
    _emit_delete_statements(
  File "C:\Users\kevin\Documents\Cephadex\.venv\Lib\site-packages\sqlalchemy\orm\persistence.py", line 1468, in _emit_delete_statements
    c = connection._execute_20(
        ^^^^^^^^^^^^^^^^^^^^^^^
  File "C:\Users\kevin\Documents\Cephadex\.venv\Lib\site-packages\sqlalchemy\engine\base.py", line 1705, in _execute_20
    return meth(self, args_10style, kwargs_10style, execution_options)
           ^^^^^^^^^^^^^^^^^^^^^^^^^^^^^^^^^^^^^^^^^^^^^^^^^^^^^^^^^^^
  File "C:\Users\kevin\Documents\Cephadex\.venv\Lib\site-packages\sqlalchemy\sql\elements.py", line 334, in _execute_on_connection
    return connection._execute_clauseelement(
           ^^^^^^^^^^^^^^^^^^^^^^^^^^^^^^^^^^
  File "C:\Users\kevin\Documents\Cephadex\.venv\Lib\site-packages\sqlalchemy\engine\base.py", line 1572, in _execute_clauseelement
    ret = self._execute_context(
          ^^^^^^^^^^^^^^^^^^^^^^
  File "C:\Users\kevin\Documents\Cephadex\.venv\Lib\site-packages\sqlalchemy\engine\base.py", line 1943, in _execute_context
    self._handle_dbapi_exception(
  File "C:\Users\kevin\Documents\Cephadex\.venv\Lib\site-packages\sqlalchemy\engine\base.py", line 2124, in _handle_dbapi_exception
    util.raise_(
  File "C:\Users\kevin\Documents\Cephadex\.venv\Lib\site-packages\sqlalchemy\util\compat.py", line 211, in raise_
    raise exception
  File "C:\Users\kevin\Documents\Cephadex\.venv\Lib\site-packages\sqlalchemy\engine\base.py", line 1900, in _execute_context
    self.dialect.do_execute(
  File "C:\Users\kevin\Documents\Cephadex\.venv\Lib\site-packages\sqlalchemy\engine\default.py", line 736, in do_execute
    cursor.execute(statement, parameters)
  File "C:\Users\kevin\Documents\Cephadex\.venv\Lib\site-packages\mysql\connector\cursor_cext.py", line 330, in execute
    result = self._cnx.cmd_query(
             ^^^^^^^^^^^^^^^^^^^^
  File "C:\Users\kevin\Documents\Cephadex\.venv\Lib\site-packages\mysql\connector\connection_cext.py", line 616, in cmd_query
    raise get_mysql_exception(
sqlalchemy.exc.IntegrityError: (mysql.connector.errors.IntegrityError) 1451 (23000): Cannot delete or update a parent row: a foreign key constraint fails (`mysqldb1`.`deck_attributes`, CONSTRAINT `deck_attributes_ibfk_1` FOREIGN KEY (`deck_id`) REFERENCES `deck` (`id`))
[SQL: DELETE FROM deck WHERE deck.id = %(id)s]
[parameters: {'id': 663}]
(Background on this error at: https://sqlalche.me/e/14/gkpj)
2023-08-26 16:13:29,370 - flask_app - ERROR - Exception occurred in function delete. Extra info: No extra info provided.
Traceback (most recent call last):
  File "C:\Users\kevin\Documents\Cephadex\.venv\Lib\site-packages\mysql\connector\connection_cext.py", line 608, in cmd_query
    self._cmysql.query(
_mysql_connector.MySQLInterfaceError: Cannot delete or update a parent row: a foreign key constraint fails (`mysqldb1`.`deck_attributes`, CONSTRAINT `deck_attributes_ibfk_1` FOREIGN KEY (`deck_id`) REFERENCES `deck` (`id`))

The above exception was the direct cause of the following exception:

Traceback (most recent call last):
  File "C:\Users\kevin\Documents\Cephadex\.venv\Lib\site-packages\sqlalchemy\engine\base.py", line 1900, in _execute_context
    self.dialect.do_execute(
  File "C:\Users\kevin\Documents\Cephadex\.venv\Lib\site-packages\sqlalchemy\engine\default.py", line 736, in do_execute
    cursor.execute(statement, parameters)
  File "C:\Users\kevin\Documents\Cephadex\.venv\Lib\site-packages\mysql\connector\cursor_cext.py", line 330, in execute
    result = self._cnx.cmd_query(
             ^^^^^^^^^^^^^^^^^^^^
  File "C:\Users\kevin\Documents\Cephadex\.venv\Lib\site-packages\mysql\connector\connection_cext.py", line 616, in cmd_query
    raise get_mysql_exception(
mysql.connector.errors.IntegrityError: 1451 (23000): Cannot delete or update a parent row: a foreign key constraint fails (`mysqldb1`.`deck_attributes`, CONSTRAINT `deck_attributes_ibfk_1` FOREIGN KEY (`deck_id`) REFERENCES `deck` (`id`))

The above exception was the direct cause of the following exception:

Traceback (most recent call last):
  File "C:\Users\kevin\Documents\Cephadex\cards\models\helpers\log_decorators.py", line 17, in wrapper
    result = f(*args, **kwargs)
             ^^^^^^^^^^^^^^^^^^
  File "C:\Users\kevin\Documents\Cephadex\cards\views\deck_bp.py", line 106, in delete
    db.session.commit()
  File "<string>", line 2, in commit
  File "C:\Users\kevin\Documents\Cephadex\.venv\Lib\site-packages\sqlalchemy\orm\session.py", line 1451, in commit
    self._transaction.commit(_to_root=self.future)
  File "C:\Users\kevin\Documents\Cephadex\.venv\Lib\site-packages\sqlalchemy\orm\session.py", line 829, in commit
    self._prepare_impl()
  File "C:\Users\kevin\Documents\Cephadex\.venv\Lib\site-packages\sqlalchemy\orm\session.py", line 808, in _prepare_impl
    self.session.flush()
  File "C:\Users\kevin\Documents\Cephadex\.venv\Lib\site-packages\sqlalchemy\orm\session.py", line 3444, in flush
    self._flush(objects)
  File "C:\Users\kevin\Documents\Cephadex\.venv\Lib\site-packages\sqlalchemy\orm\session.py", line 3583, in _flush
    with util.safe_reraise():
  File "C:\Users\kevin\Documents\Cephadex\.venv\Lib\site-packages\sqlalchemy\util\langhelpers.py", line 70, in __exit__
    compat.raise_(
  File "C:\Users\kevin\Documents\Cephadex\.venv\Lib\site-packages\sqlalchemy\util\compat.py", line 211, in raise_
    raise exception
  File "C:\Users\kevin\Documents\Cephadex\.venv\Lib\site-packages\sqlalchemy\orm\session.py", line 3544, in _flush
    flush_context.execute()
  File "C:\Users\kevin\Documents\Cephadex\.venv\Lib\site-packages\sqlalchemy\orm\unitofwork.py", line 456, in execute
    rec.execute(self)
  File "C:\Users\kevin\Documents\Cephadex\.venv\Lib\site-packages\sqlalchemy\orm\unitofwork.py", line 667, in execute
    util.preloaded.orm_persistence.delete_obj(
  File "C:\Users\kevin\Documents\Cephadex\.venv\Lib\site-packages\sqlalchemy\orm\persistence.py", line 343, in delete_obj
    _emit_delete_statements(
  File "C:\Users\kevin\Documents\Cephadex\.venv\Lib\site-packages\sqlalchemy\orm\persistence.py", line 1468, in _emit_delete_statements
    c = connection._execute_20(
        ^^^^^^^^^^^^^^^^^^^^^^^
  File "C:\Users\kevin\Documents\Cephadex\.venv\Lib\site-packages\sqlalchemy\engine\base.py", line 1705, in _execute_20
    return meth(self, args_10style, kwargs_10style, execution_options)
           ^^^^^^^^^^^^^^^^^^^^^^^^^^^^^^^^^^^^^^^^^^^^^^^^^^^^^^^^^^^
  File "C:\Users\kevin\Documents\Cephadex\.venv\Lib\site-packages\sqlalchemy\sql\elements.py", line 334, in _execute_on_connection
    return connection._execute_clauseelement(
           ^^^^^^^^^^^^^^^^^^^^^^^^^^^^^^^^^^
  File "C:\Users\kevin\Documents\Cephadex\.venv\Lib\site-packages\sqlalchemy\engine\base.py", line 1572, in _execute_clauseelement
    ret = self._execute_context(
          ^^^^^^^^^^^^^^^^^^^^^^
  File "C:\Users\kevin\Documents\Cephadex\.venv\Lib\site-packages\sqlalchemy\engine\base.py", line 1943, in _execute_context
    self._handle_dbapi_exception(
  File "C:\Users\kevin\Documents\Cephadex\.venv\Lib\site-packages\sqlalchemy\engine\base.py", line 2124, in _handle_dbapi_exception
    util.raise_(
  File "C:\Users\kevin\Documents\Cephadex\.venv\Lib\site-packages\sqlalchemy\util\compat.py", line 211, in raise_
    raise exception
  File "C:\Users\kevin\Documents\Cephadex\.venv\Lib\site-packages\sqlalchemy\engine\base.py", line 1900, in _execute_context
    self.dialect.do_execute(
  File "C:\Users\kevin\Documents\Cephadex\.venv\Lib\site-packages\sqlalchemy\engine\default.py", line 736, in do_execute
    cursor.execute(statement, parameters)
  File "C:\Users\kevin\Documents\Cephadex\.venv\Lib\site-packages\mysql\connector\cursor_cext.py", line 330, in execute
    result = self._cnx.cmd_query(
             ^^^^^^^^^^^^^^^^^^^^
  File "C:\Users\kevin\Documents\Cephadex\.venv\Lib\site-packages\mysql\connector\connection_cext.py", line 616, in cmd_query
    raise get_mysql_exception(
sqlalchemy.exc.IntegrityError: (mysql.connector.errors.IntegrityError) 1451 (23000): Cannot delete or update a parent row: a foreign key constraint fails (`mysqldb1`.`deck_attributes`, CONSTRAINT `deck_attributes_ibfk_1` FOREIGN KEY (`deck_id`) REFERENCES `deck` (`id`))
[SQL: DELETE FROM deck WHERE deck.id = %(id)s]
[parameters: {'id': 659}]
(Background on this error at: https://sqlalche.me/e/14/gkpj)
2023-08-26 16:13:30,465 - flask_app - ERROR - Exception occurred in function delete. Extra info: No extra info provided.
Traceback (most recent call last):
  File "C:\Users\kevin\Documents\Cephadex\.venv\Lib\site-packages\mysql\connector\connection_cext.py", line 608, in cmd_query
    self._cmysql.query(
_mysql_connector.MySQLInterfaceError: Cannot delete or update a parent row: a foreign key constraint fails (`mysqldb1`.`deck_attributes`, CONSTRAINT `deck_attributes_ibfk_1` FOREIGN KEY (`deck_id`) REFERENCES `deck` (`id`))

The above exception was the direct cause of the following exception:

Traceback (most recent call last):
  File "C:\Users\kevin\Documents\Cephadex\.venv\Lib\site-packages\sqlalchemy\engine\base.py", line 1900, in _execute_context
    self.dialect.do_execute(
  File "C:\Users\kevin\Documents\Cephadex\.venv\Lib\site-packages\sqlalchemy\engine\default.py", line 736, in do_execute
    cursor.execute(statement, parameters)
  File "C:\Users\kevin\Documents\Cephadex\.venv\Lib\site-packages\mysql\connector\cursor_cext.py", line 330, in execute
    result = self._cnx.cmd_query(
             ^^^^^^^^^^^^^^^^^^^^
  File "C:\Users\kevin\Documents\Cephadex\.venv\Lib\site-packages\mysql\connector\connection_cext.py", line 616, in cmd_query
    raise get_mysql_exception(
mysql.connector.errors.IntegrityError: 1451 (23000): Cannot delete or update a parent row: a foreign key constraint fails (`mysqldb1`.`deck_attributes`, CONSTRAINT `deck_attributes_ibfk_1` FOREIGN KEY (`deck_id`) REFERENCES `deck` (`id`))

The above exception was the direct cause of the following exception:

Traceback (most recent call last):
  File "C:\Users\kevin\Documents\Cephadex\cards\models\helpers\log_decorators.py", line 17, in wrapper
    result = f(*args, **kwargs)
             ^^^^^^^^^^^^^^^^^^
  File "C:\Users\kevin\Documents\Cephadex\cards\views\deck_bp.py", line 106, in delete
    db.session.commit()
  File "<string>", line 2, in commit
  File "C:\Users\kevin\Documents\Cephadex\.venv\Lib\site-packages\sqlalchemy\orm\session.py", line 1451, in commit
    self._transaction.commit(_to_root=self.future)
  File "C:\Users\kevin\Documents\Cephadex\.venv\Lib\site-packages\sqlalchemy\orm\session.py", line 829, in commit
    self._prepare_impl()
  File "C:\Users\kevin\Documents\Cephadex\.venv\Lib\site-packages\sqlalchemy\orm\session.py", line 808, in _prepare_impl
    self.session.flush()
  File "C:\Users\kevin\Documents\Cephadex\.venv\Lib\site-packages\sqlalchemy\orm\session.py", line 3444, in flush
    self._flush(objects)
  File "C:\Users\kevin\Documents\Cephadex\.venv\Lib\site-packages\sqlalchemy\orm\session.py", line 3583, in _flush
    with util.safe_reraise():
  File "C:\Users\kevin\Documents\Cephadex\.venv\Lib\site-packages\sqlalchemy\util\langhelpers.py", line 70, in __exit__
    compat.raise_(
  File "C:\Users\kevin\Documents\Cephadex\.venv\Lib\site-packages\sqlalchemy\util\compat.py", line 211, in raise_
    raise exception
  File "C:\Users\kevin\Documents\Cephadex\.venv\Lib\site-packages\sqlalchemy\orm\session.py", line 3544, in _flush
    flush_context.execute()
  File "C:\Users\kevin\Documents\Cephadex\.venv\Lib\site-packages\sqlalchemy\orm\unitofwork.py", line 456, in execute
    rec.execute(self)
  File "C:\Users\kevin\Documents\Cephadex\.venv\Lib\site-packages\sqlalchemy\orm\unitofwork.py", line 667, in execute
    util.preloaded.orm_persistence.delete_obj(
  File "C:\Users\kevin\Documents\Cephadex\.venv\Lib\site-packages\sqlalchemy\orm\persistence.py", line 343, in delete_obj
    _emit_delete_statements(
  File "C:\Users\kevin\Documents\Cephadex\.venv\Lib\site-packages\sqlalchemy\orm\persistence.py", line 1468, in _emit_delete_statements
    c = connection._execute_20(
        ^^^^^^^^^^^^^^^^^^^^^^^
  File "C:\Users\kevin\Documents\Cephadex\.venv\Lib\site-packages\sqlalchemy\engine\base.py", line 1705, in _execute_20
    return meth(self, args_10style, kwargs_10style, execution_options)
           ^^^^^^^^^^^^^^^^^^^^^^^^^^^^^^^^^^^^^^^^^^^^^^^^^^^^^^^^^^^
  File "C:\Users\kevin\Documents\Cephadex\.venv\Lib\site-packages\sqlalchemy\sql\elements.py", line 334, in _execute_on_connection
    return connection._execute_clauseelement(
           ^^^^^^^^^^^^^^^^^^^^^^^^^^^^^^^^^^
  File "C:\Users\kevin\Documents\Cephadex\.venv\Lib\site-packages\sqlalchemy\engine\base.py", line 1572, in _execute_clauseelement
    ret = self._execute_context(
          ^^^^^^^^^^^^^^^^^^^^^^
  File "C:\Users\kevin\Documents\Cephadex\.venv\Lib\site-packages\sqlalchemy\engine\base.py", line 1943, in _execute_context
    self._handle_dbapi_exception(
  File "C:\Users\kevin\Documents\Cephadex\.venv\Lib\site-packages\sqlalchemy\engine\base.py", line 2124, in _handle_dbapi_exception
    util.raise_(
  File "C:\Users\kevin\Documents\Cephadex\.venv\Lib\site-packages\sqlalchemy\util\compat.py", line 211, in raise_
    raise exception
  File "C:\Users\kevin\Documents\Cephadex\.venv\Lib\site-packages\sqlalchemy\engine\base.py", line 1900, in _execute_context
    self.dialect.do_execute(
  File "C:\Users\kevin\Documents\Cephadex\.venv\Lib\site-packages\sqlalchemy\engine\default.py", line 736, in do_execute
    cursor.execute(statement, parameters)
  File "C:\Users\kevin\Documents\Cephadex\.venv\Lib\site-packages\mysql\connector\cursor_cext.py", line 330, in execute
    result = self._cnx.cmd_query(
             ^^^^^^^^^^^^^^^^^^^^
  File "C:\Users\kevin\Documents\Cephadex\.venv\Lib\site-packages\mysql\connector\connection_cext.py", line 616, in cmd_query
    raise get_mysql_exception(
sqlalchemy.exc.IntegrityError: (mysql.connector.errors.IntegrityError) 1451 (23000): Cannot delete or update a parent row: a foreign key constraint fails (`mysqldb1`.`deck_attributes`, CONSTRAINT `deck_attributes_ibfk_1` FOREIGN KEY (`deck_id`) REFERENCES `deck` (`id`))
[SQL: DELETE FROM deck WHERE deck.id = %(id)s]
[parameters: {'id': 657}]
(Background on this error at: https://sqlalche.me/e/14/gkpj)
2023-08-26 16:13:31,985 - flask_app - ERROR - Exception occurred in function delete. Extra info: No extra info provided.
Traceback (most recent call last):
  File "C:\Users\kevin\Documents\Cephadex\.venv\Lib\site-packages\mysql\connector\connection_cext.py", line 608, in cmd_query
    self._cmysql.query(
_mysql_connector.MySQLInterfaceError: Cannot delete or update a parent row: a foreign key constraint fails (`mysqldb1`.`deck_attributes`, CONSTRAINT `deck_attributes_ibfk_1` FOREIGN KEY (`deck_id`) REFERENCES `deck` (`id`))

The above exception was the direct cause of the following exception:

Traceback (most recent call last):
  File "C:\Users\kevin\Documents\Cephadex\.venv\Lib\site-packages\sqlalchemy\engine\base.py", line 1900, in _execute_context
    self.dialect.do_execute(
  File "C:\Users\kevin\Documents\Cephadex\.venv\Lib\site-packages\sqlalchemy\engine\default.py", line 736, in do_execute
    cursor.execute(statement, parameters)
  File "C:\Users\kevin\Documents\Cephadex\.venv\Lib\site-packages\mysql\connector\cursor_cext.py", line 330, in execute
    result = self._cnx.cmd_query(
             ^^^^^^^^^^^^^^^^^^^^
  File "C:\Users\kevin\Documents\Cephadex\.venv\Lib\site-packages\mysql\connector\connection_cext.py", line 616, in cmd_query
    raise get_mysql_exception(
mysql.connector.errors.IntegrityError: 1451 (23000): Cannot delete or update a parent row: a foreign key constraint fails (`mysqldb1`.`deck_attributes`, CONSTRAINT `deck_attributes_ibfk_1` FOREIGN KEY (`deck_id`) REFERENCES `deck` (`id`))

The above exception was the direct cause of the following exception:

Traceback (most recent call last):
  File "C:\Users\kevin\Documents\Cephadex\cards\models\helpers\log_decorators.py", line 17, in wrapper
    result = f(*args, **kwargs)
             ^^^^^^^^^^^^^^^^^^
  File "C:\Users\kevin\Documents\Cephadex\cards\views\deck_bp.py", line 106, in delete
    db.session.commit()
  File "<string>", line 2, in commit
  File "C:\Users\kevin\Documents\Cephadex\.venv\Lib\site-packages\sqlalchemy\orm\session.py", line 1451, in commit
    self._transaction.commit(_to_root=self.future)
  File "C:\Users\kevin\Documents\Cephadex\.venv\Lib\site-packages\sqlalchemy\orm\session.py", line 829, in commit
    self._prepare_impl()
  File "C:\Users\kevin\Documents\Cephadex\.venv\Lib\site-packages\sqlalchemy\orm\session.py", line 808, in _prepare_impl
    self.session.flush()
  File "C:\Users\kevin\Documents\Cephadex\.venv\Lib\site-packages\sqlalchemy\orm\session.py", line 3444, in flush
    self._flush(objects)
  File "C:\Users\kevin\Documents\Cephadex\.venv\Lib\site-packages\sqlalchemy\orm\session.py", line 3583, in _flush
    with util.safe_reraise():
  File "C:\Users\kevin\Documents\Cephadex\.venv\Lib\site-packages\sqlalchemy\util\langhelpers.py", line 70, in __exit__
    compat.raise_(
  File "C:\Users\kevin\Documents\Cephadex\.venv\Lib\site-packages\sqlalchemy\util\compat.py", line 211, in raise_
    raise exception
  File "C:\Users\kevin\Documents\Cephadex\.venv\Lib\site-packages\sqlalchemy\orm\session.py", line 3544, in _flush
    flush_context.execute()
  File "C:\Users\kevin\Documents\Cephadex\.venv\Lib\site-packages\sqlalchemy\orm\unitofwork.py", line 456, in execute
    rec.execute(self)
  File "C:\Users\kevin\Documents\Cephadex\.venv\Lib\site-packages\sqlalchemy\orm\unitofwork.py", line 667, in execute
    util.preloaded.orm_persistence.delete_obj(
  File "C:\Users\kevin\Documents\Cephadex\.venv\Lib\site-packages\sqlalchemy\orm\persistence.py", line 343, in delete_obj
    _emit_delete_statements(
  File "C:\Users\kevin\Documents\Cephadex\.venv\Lib\site-packages\sqlalchemy\orm\persistence.py", line 1468, in _emit_delete_statements
    c = connection._execute_20(
        ^^^^^^^^^^^^^^^^^^^^^^^
  File "C:\Users\kevin\Documents\Cephadex\.venv\Lib\site-packages\sqlalchemy\engine\base.py", line 1705, in _execute_20
    return meth(self, args_10style, kwargs_10style, execution_options)
           ^^^^^^^^^^^^^^^^^^^^^^^^^^^^^^^^^^^^^^^^^^^^^^^^^^^^^^^^^^^
  File "C:\Users\kevin\Documents\Cephadex\.venv\Lib\site-packages\sqlalchemy\sql\elements.py", line 334, in _execute_on_connection
    return connection._execute_clauseelement(
           ^^^^^^^^^^^^^^^^^^^^^^^^^^^^^^^^^^
  File "C:\Users\kevin\Documents\Cephadex\.venv\Lib\site-packages\sqlalchemy\engine\base.py", line 1572, in _execute_clauseelement
    ret = self._execute_context(
          ^^^^^^^^^^^^^^^^^^^^^^
  File "C:\Users\kevin\Documents\Cephadex\.venv\Lib\site-packages\sqlalchemy\engine\base.py", line 1943, in _execute_context
    self._handle_dbapi_exception(
  File "C:\Users\kevin\Documents\Cephadex\.venv\Lib\site-packages\sqlalchemy\engine\base.py", line 2124, in _handle_dbapi_exception
    util.raise_(
  File "C:\Users\kevin\Documents\Cephadex\.venv\Lib\site-packages\sqlalchemy\util\compat.py", line 211, in raise_
    raise exception
  File "C:\Users\kevin\Documents\Cephadex\.venv\Lib\site-packages\sqlalchemy\engine\base.py", line 1900, in _execute_context
    self.dialect.do_execute(
  File "C:\Users\kevin\Documents\Cephadex\.venv\Lib\site-packages\sqlalchemy\engine\default.py", line 736, in do_execute
    cursor.execute(statement, parameters)
  File "C:\Users\kevin\Documents\Cephadex\.venv\Lib\site-packages\mysql\connector\cursor_cext.py", line 330, in execute
    result = self._cnx.cmd_query(
             ^^^^^^^^^^^^^^^^^^^^
  File "C:\Users\kevin\Documents\Cephadex\.venv\Lib\site-packages\mysql\connector\connection_cext.py", line 616, in cmd_query
    raise get_mysql_exception(
sqlalchemy.exc.IntegrityError: (mysql.connector.errors.IntegrityError) 1451 (23000): Cannot delete or update a parent row: a foreign key constraint fails (`mysqldb1`.`deck_attributes`, CONSTRAINT `deck_attributes_ibfk_1` FOREIGN KEY (`deck_id`) REFERENCES `deck` (`id`))
[SQL: DELETE FROM deck WHERE deck.id = %(id)s]
[parameters: {'id': 669}]
(Background on this error at: https://sqlalche.me/e/14/gkpj)
2023-08-26 16:13:33,382 - flask_app - ERROR - Exception occurred in function delete. Extra info: No extra info provided.
Traceback (most recent call last):
  File "C:\Users\kevin\Documents\Cephadex\.venv\Lib\site-packages\mysql\connector\connection_cext.py", line 608, in cmd_query
    self._cmysql.query(
_mysql_connector.MySQLInterfaceError: Cannot delete or update a parent row: a foreign key constraint fails (`mysqldb1`.`deck_attributes`, CONSTRAINT `deck_attributes_ibfk_1` FOREIGN KEY (`deck_id`) REFERENCES `deck` (`id`))

The above exception was the direct cause of the following exception:

Traceback (most recent call last):
  File "C:\Users\kevin\Documents\Cephadex\.venv\Lib\site-packages\sqlalchemy\engine\base.py", line 1900, in _execute_context
    self.dialect.do_execute(
  File "C:\Users\kevin\Documents\Cephadex\.venv\Lib\site-packages\sqlalchemy\engine\default.py", line 736, in do_execute
    cursor.execute(statement, parameters)
  File "C:\Users\kevin\Documents\Cephadex\.venv\Lib\site-packages\mysql\connector\cursor_cext.py", line 330, in execute
    result = self._cnx.cmd_query(
             ^^^^^^^^^^^^^^^^^^^^
  File "C:\Users\kevin\Documents\Cephadex\.venv\Lib\site-packages\mysql\connector\connection_cext.py", line 616, in cmd_query
    raise get_mysql_exception(
mysql.connector.errors.IntegrityError: 1451 (23000): Cannot delete or update a parent row: a foreign key constraint fails (`mysqldb1`.`deck_attributes`, CONSTRAINT `deck_attributes_ibfk_1` FOREIGN KEY (`deck_id`) REFERENCES `deck` (`id`))

The above exception was the direct cause of the following exception:

Traceback (most recent call last):
  File "C:\Users\kevin\Documents\Cephadex\cards\models\helpers\log_decorators.py", line 17, in wrapper
    result = f(*args, **kwargs)
             ^^^^^^^^^^^^^^^^^^
  File "C:\Users\kevin\Documents\Cephadex\cards\views\deck_bp.py", line 106, in delete
    db.session.commit()
  File "<string>", line 2, in commit
  File "C:\Users\kevin\Documents\Cephadex\.venv\Lib\site-packages\sqlalchemy\orm\session.py", line 1451, in commit
    self._transaction.commit(_to_root=self.future)
  File "C:\Users\kevin\Documents\Cephadex\.venv\Lib\site-packages\sqlalchemy\orm\session.py", line 829, in commit
    self._prepare_impl()
  File "C:\Users\kevin\Documents\Cephadex\.venv\Lib\site-packages\sqlalchemy\orm\session.py", line 808, in _prepare_impl
    self.session.flush()
  File "C:\Users\kevin\Documents\Cephadex\.venv\Lib\site-packages\sqlalchemy\orm\session.py", line 3444, in flush
    self._flush(objects)
  File "C:\Users\kevin\Documents\Cephadex\.venv\Lib\site-packages\sqlalchemy\orm\session.py", line 3583, in _flush
    with util.safe_reraise():
  File "C:\Users\kevin\Documents\Cephadex\.venv\Lib\site-packages\sqlalchemy\util\langhelpers.py", line 70, in __exit__
    compat.raise_(
  File "C:\Users\kevin\Documents\Cephadex\.venv\Lib\site-packages\sqlalchemy\util\compat.py", line 211, in raise_
    raise exception
  File "C:\Users\kevin\Documents\Cephadex\.venv\Lib\site-packages\sqlalchemy\orm\session.py", line 3544, in _flush
    flush_context.execute()
  File "C:\Users\kevin\Documents\Cephadex\.venv\Lib\site-packages\sqlalchemy\orm\unitofwork.py", line 456, in execute
    rec.execute(self)
  File "C:\Users\kevin\Documents\Cephadex\.venv\Lib\site-packages\sqlalchemy\orm\unitofwork.py", line 667, in execute
    util.preloaded.orm_persistence.delete_obj(
  File "C:\Users\kevin\Documents\Cephadex\.venv\Lib\site-packages\sqlalchemy\orm\persistence.py", line 343, in delete_obj
    _emit_delete_statements(
  File "C:\Users\kevin\Documents\Cephadex\.venv\Lib\site-packages\sqlalchemy\orm\persistence.py", line 1468, in _emit_delete_statements
    c = connection._execute_20(
        ^^^^^^^^^^^^^^^^^^^^^^^
  File "C:\Users\kevin\Documents\Cephadex\.venv\Lib\site-packages\sqlalchemy\engine\base.py", line 1705, in _execute_20
    return meth(self, args_10style, kwargs_10style, execution_options)
           ^^^^^^^^^^^^^^^^^^^^^^^^^^^^^^^^^^^^^^^^^^^^^^^^^^^^^^^^^^^
  File "C:\Users\kevin\Documents\Cephadex\.venv\Lib\site-packages\sqlalchemy\sql\elements.py", line 334, in _execute_on_connection
    return connection._execute_clauseelement(
           ^^^^^^^^^^^^^^^^^^^^^^^^^^^^^^^^^^
  File "C:\Users\kevin\Documents\Cephadex\.venv\Lib\site-packages\sqlalchemy\engine\base.py", line 1572, in _execute_clauseelement
    ret = self._execute_context(
          ^^^^^^^^^^^^^^^^^^^^^^
  File "C:\Users\kevin\Documents\Cephadex\.venv\Lib\site-packages\sqlalchemy\engine\base.py", line 1943, in _execute_context
    self._handle_dbapi_exception(
  File "C:\Users\kevin\Documents\Cephadex\.venv\Lib\site-packages\sqlalchemy\engine\base.py", line 2124, in _handle_dbapi_exception
    util.raise_(
  File "C:\Users\kevin\Documents\Cephadex\.venv\Lib\site-packages\sqlalchemy\util\compat.py", line 211, in raise_
    raise exception
  File "C:\Users\kevin\Documents\Cephadex\.venv\Lib\site-packages\sqlalchemy\engine\base.py", line 1900, in _execute_context
    self.dialect.do_execute(
  File "C:\Users\kevin\Documents\Cephadex\.venv\Lib\site-packages\sqlalchemy\engine\default.py", line 736, in do_execute
    cursor.execute(statement, parameters)
  File "C:\Users\kevin\Documents\Cephadex\.venv\Lib\site-packages\mysql\connector\cursor_cext.py", line 330, in execute
    result = self._cnx.cmd_query(
             ^^^^^^^^^^^^^^^^^^^^
  File "C:\Users\kevin\Documents\Cephadex\.venv\Lib\site-packages\mysql\connector\connection_cext.py", line 616, in cmd_query
    raise get_mysql_exception(
sqlalchemy.exc.IntegrityError: (mysql.connector.errors.IntegrityError) 1451 (23000): Cannot delete or update a parent row: a foreign key constraint fails (`mysqldb1`.`deck_attributes`, CONSTRAINT `deck_attributes_ibfk_1` FOREIGN KEY (`deck_id`) REFERENCES `deck` (`id`))
[SQL: DELETE FROM deck WHERE deck.id = %(id)s]
[parameters: {'id': 671}]
(Background on this error at: https://sqlalche.me/e/14/gkpj)
2023-08-26 16:13:35,088 - flask_app - ERROR - Exception occurred in function delete. Extra info: No extra info provided.
Traceback (most recent call last):
  File "C:\Users\kevin\Documents\Cephadex\.venv\Lib\site-packages\mysql\connector\connection_cext.py", line 608, in cmd_query
    self._cmysql.query(
_mysql_connector.MySQLInterfaceError: Cannot delete or update a parent row: a foreign key constraint fails (`mysqldb1`.`deck_attributes`, CONSTRAINT `deck_attributes_ibfk_1` FOREIGN KEY (`deck_id`) REFERENCES `deck` (`id`))

The above exception was the direct cause of the following exception:

Traceback (most recent call last):
  File "C:\Users\kevin\Documents\Cephadex\.venv\Lib\site-packages\sqlalchemy\engine\base.py", line 1900, in _execute_context
    self.dialect.do_execute(
  File "C:\Users\kevin\Documents\Cephadex\.venv\Lib\site-packages\sqlalchemy\engine\default.py", line 736, in do_execute
    cursor.execute(statement, parameters)
  File "C:\Users\kevin\Documents\Cephadex\.venv\Lib\site-packages\mysql\connector\cursor_cext.py", line 330, in execute
    result = self._cnx.cmd_query(
             ^^^^^^^^^^^^^^^^^^^^
  File "C:\Users\kevin\Documents\Cephadex\.venv\Lib\site-packages\mysql\connector\connection_cext.py", line 616, in cmd_query
    raise get_mysql_exception(
mysql.connector.errors.IntegrityError: 1451 (23000): Cannot delete or update a parent row: a foreign key constraint fails (`mysqldb1`.`deck_attributes`, CONSTRAINT `deck_attributes_ibfk_1` FOREIGN KEY (`deck_id`) REFERENCES `deck` (`id`))

The above exception was the direct cause of the following exception:

Traceback (most recent call last):
  File "C:\Users\kevin\Documents\Cephadex\cards\models\helpers\log_decorators.py", line 17, in wrapper
    result = f(*args, **kwargs)
             ^^^^^^^^^^^^^^^^^^
  File "C:\Users\kevin\Documents\Cephadex\cards\views\deck_bp.py", line 106, in delete
    db.session.commit()
  File "<string>", line 2, in commit
  File "C:\Users\kevin\Documents\Cephadex\.venv\Lib\site-packages\sqlalchemy\orm\session.py", line 1451, in commit
    self._transaction.commit(_to_root=self.future)
  File "C:\Users\kevin\Documents\Cephadex\.venv\Lib\site-packages\sqlalchemy\orm\session.py", line 829, in commit
    self._prepare_impl()
  File "C:\Users\kevin\Documents\Cephadex\.venv\Lib\site-packages\sqlalchemy\orm\session.py", line 808, in _prepare_impl
    self.session.flush()
  File "C:\Users\kevin\Documents\Cephadex\.venv\Lib\site-packages\sqlalchemy\orm\session.py", line 3444, in flush
    self._flush(objects)
  File "C:\Users\kevin\Documents\Cephadex\.venv\Lib\site-packages\sqlalchemy\orm\session.py", line 3583, in _flush
    with util.safe_reraise():
  File "C:\Users\kevin\Documents\Cephadex\.venv\Lib\site-packages\sqlalchemy\util\langhelpers.py", line 70, in __exit__
    compat.raise_(
  File "C:\Users\kevin\Documents\Cephadex\.venv\Lib\site-packages\sqlalchemy\util\compat.py", line 211, in raise_
    raise exception
  File "C:\Users\kevin\Documents\Cephadex\.venv\Lib\site-packages\sqlalchemy\orm\session.py", line 3544, in _flush
    flush_context.execute()
  File "C:\Users\kevin\Documents\Cephadex\.venv\Lib\site-packages\sqlalchemy\orm\unitofwork.py", line 456, in execute
    rec.execute(self)
  File "C:\Users\kevin\Documents\Cephadex\.venv\Lib\site-packages\sqlalchemy\orm\unitofwork.py", line 667, in execute
    util.preloaded.orm_persistence.delete_obj(
  File "C:\Users\kevin\Documents\Cephadex\.venv\Lib\site-packages\sqlalchemy\orm\persistence.py", line 343, in delete_obj
    _emit_delete_statements(
  File "C:\Users\kevin\Documents\Cephadex\.venv\Lib\site-packages\sqlalchemy\orm\persistence.py", line 1468, in _emit_delete_statements
    c = connection._execute_20(
        ^^^^^^^^^^^^^^^^^^^^^^^
  File "C:\Users\kevin\Documents\Cephadex\.venv\Lib\site-packages\sqlalchemy\engine\base.py", line 1705, in _execute_20
    return meth(self, args_10style, kwargs_10style, execution_options)
           ^^^^^^^^^^^^^^^^^^^^^^^^^^^^^^^^^^^^^^^^^^^^^^^^^^^^^^^^^^^
  File "C:\Users\kevin\Documents\Cephadex\.venv\Lib\site-packages\sqlalchemy\sql\elements.py", line 334, in _execute_on_connection
    return connection._execute_clauseelement(
           ^^^^^^^^^^^^^^^^^^^^^^^^^^^^^^^^^^
  File "C:\Users\kevin\Documents\Cephadex\.venv\Lib\site-packages\sqlalchemy\engine\base.py", line 1572, in _execute_clauseelement
    ret = self._execute_context(
          ^^^^^^^^^^^^^^^^^^^^^^
  File "C:\Users\kevin\Documents\Cephadex\.venv\Lib\site-packages\sqlalchemy\engine\base.py", line 1943, in _execute_context
    self._handle_dbapi_exception(
  File "C:\Users\kevin\Documents\Cephadex\.venv\Lib\site-packages\sqlalchemy\engine\base.py", line 2124, in _handle_dbapi_exception
    util.raise_(
  File "C:\Users\kevin\Documents\Cephadex\.venv\Lib\site-packages\sqlalchemy\util\compat.py", line 211, in raise_
    raise exception
  File "C:\Users\kevin\Documents\Cephadex\.venv\Lib\site-packages\sqlalchemy\engine\base.py", line 1900, in _execute_context
    self.dialect.do_execute(
  File "C:\Users\kevin\Documents\Cephadex\.venv\Lib\site-packages\sqlalchemy\engine\default.py", line 736, in do_execute
    cursor.execute(statement, parameters)
  File "C:\Users\kevin\Documents\Cephadex\.venv\Lib\site-packages\mysql\connector\cursor_cext.py", line 330, in execute
    result = self._cnx.cmd_query(
             ^^^^^^^^^^^^^^^^^^^^
  File "C:\Users\kevin\Documents\Cephadex\.venv\Lib\site-packages\mysql\connector\connection_cext.py", line 616, in cmd_query
    raise get_mysql_exception(
sqlalchemy.exc.IntegrityError: (mysql.connector.errors.IntegrityError) 1451 (23000): Cannot delete or update a parent row: a foreign key constraint fails (`mysqldb1`.`deck_attributes`, CONSTRAINT `deck_attributes_ibfk_1` FOREIGN KEY (`deck_id`) REFERENCES `deck` (`id`))
[SQL: DELETE FROM deck WHERE deck.id = %(id)s]
[parameters: {'id': 673}]
(Background on this error at: https://sqlalche.me/e/14/gkpj)
2023-08-26 16:13:41,890 - flask_app - ERROR - Exception occurred in function delete. Extra info: No extra info provided.
Traceback (most recent call last):
  File "C:\Users\kevin\Documents\Cephadex\.venv\Lib\site-packages\mysql\connector\connection_cext.py", line 608, in cmd_query
    self._cmysql.query(
_mysql_connector.MySQLInterfaceError: Cannot delete or update a parent row: a foreign key constraint fails (`mysqldb1`.`deck_attributes`, CONSTRAINT `deck_attributes_ibfk_1` FOREIGN KEY (`deck_id`) REFERENCES `deck` (`id`))

The above exception was the direct cause of the following exception:

Traceback (most recent call last):
  File "C:\Users\kevin\Documents\Cephadex\.venv\Lib\site-packages\sqlalchemy\engine\base.py", line 1900, in _execute_context
    self.dialect.do_execute(
  File "C:\Users\kevin\Documents\Cephadex\.venv\Lib\site-packages\sqlalchemy\engine\default.py", line 736, in do_execute
    cursor.execute(statement, parameters)
  File "C:\Users\kevin\Documents\Cephadex\.venv\Lib\site-packages\mysql\connector\cursor_cext.py", line 330, in execute
    result = self._cnx.cmd_query(
             ^^^^^^^^^^^^^^^^^^^^
  File "C:\Users\kevin\Documents\Cephadex\.venv\Lib\site-packages\mysql\connector\connection_cext.py", line 616, in cmd_query
    raise get_mysql_exception(
mysql.connector.errors.IntegrityError: 1451 (23000): Cannot delete or update a parent row: a foreign key constraint fails (`mysqldb1`.`deck_attributes`, CONSTRAINT `deck_attributes_ibfk_1` FOREIGN KEY (`deck_id`) REFERENCES `deck` (`id`))

The above exception was the direct cause of the following exception:

Traceback (most recent call last):
  File "C:\Users\kevin\Documents\Cephadex\cards\models\helpers\log_decorators.py", line 17, in wrapper
    result = f(*args, **kwargs)
             ^^^^^^^^^^^^^^^^^^
  File "C:\Users\kevin\Documents\Cephadex\cards\views\deck_bp.py", line 106, in delete
    db.session.commit()
  File "<string>", line 2, in commit
  File "C:\Users\kevin\Documents\Cephadex\.venv\Lib\site-packages\sqlalchemy\orm\session.py", line 1451, in commit
    self._transaction.commit(_to_root=self.future)
  File "C:\Users\kevin\Documents\Cephadex\.venv\Lib\site-packages\sqlalchemy\orm\session.py", line 829, in commit
    self._prepare_impl()
  File "C:\Users\kevin\Documents\Cephadex\.venv\Lib\site-packages\sqlalchemy\orm\session.py", line 808, in _prepare_impl
    self.session.flush()
  File "C:\Users\kevin\Documents\Cephadex\.venv\Lib\site-packages\sqlalchemy\orm\session.py", line 3444, in flush
    self._flush(objects)
  File "C:\Users\kevin\Documents\Cephadex\.venv\Lib\site-packages\sqlalchemy\orm\session.py", line 3583, in _flush
    with util.safe_reraise():
  File "C:\Users\kevin\Documents\Cephadex\.venv\Lib\site-packages\sqlalchemy\util\langhelpers.py", line 70, in __exit__
    compat.raise_(
  File "C:\Users\kevin\Documents\Cephadex\.venv\Lib\site-packages\sqlalchemy\util\compat.py", line 211, in raise_
    raise exception
  File "C:\Users\kevin\Documents\Cephadex\.venv\Lib\site-packages\sqlalchemy\orm\session.py", line 3544, in _flush
    flush_context.execute()
  File "C:\Users\kevin\Documents\Cephadex\.venv\Lib\site-packages\sqlalchemy\orm\unitofwork.py", line 456, in execute
    rec.execute(self)
  File "C:\Users\kevin\Documents\Cephadex\.venv\Lib\site-packages\sqlalchemy\orm\unitofwork.py", line 667, in execute
    util.preloaded.orm_persistence.delete_obj(
  File "C:\Users\kevin\Documents\Cephadex\.venv\Lib\site-packages\sqlalchemy\orm\persistence.py", line 343, in delete_obj
    _emit_delete_statements(
  File "C:\Users\kevin\Documents\Cephadex\.venv\Lib\site-packages\sqlalchemy\orm\persistence.py", line 1468, in _emit_delete_statements
    c = connection._execute_20(
        ^^^^^^^^^^^^^^^^^^^^^^^
  File "C:\Users\kevin\Documents\Cephadex\.venv\Lib\site-packages\sqlalchemy\engine\base.py", line 1705, in _execute_20
    return meth(self, args_10style, kwargs_10style, execution_options)
           ^^^^^^^^^^^^^^^^^^^^^^^^^^^^^^^^^^^^^^^^^^^^^^^^^^^^^^^^^^^
  File "C:\Users\kevin\Documents\Cephadex\.venv\Lib\site-packages\sqlalchemy\sql\elements.py", line 334, in _execute_on_connection
    return connection._execute_clauseelement(
           ^^^^^^^^^^^^^^^^^^^^^^^^^^^^^^^^^^
  File "C:\Users\kevin\Documents\Cephadex\.venv\Lib\site-packages\sqlalchemy\engine\base.py", line 1572, in _execute_clauseelement
    ret = self._execute_context(
          ^^^^^^^^^^^^^^^^^^^^^^
  File "C:\Users\kevin\Documents\Cephadex\.venv\Lib\site-packages\sqlalchemy\engine\base.py", line 1943, in _execute_context
    self._handle_dbapi_exception(
  File "C:\Users\kevin\Documents\Cephadex\.venv\Lib\site-packages\sqlalchemy\engine\base.py", line 2124, in _handle_dbapi_exception
    util.raise_(
  File "C:\Users\kevin\Documents\Cephadex\.venv\Lib\site-packages\sqlalchemy\util\compat.py", line 211, in raise_
    raise exception
  File "C:\Users\kevin\Documents\Cephadex\.venv\Lib\site-packages\sqlalchemy\engine\base.py", line 1900, in _execute_context
    self.dialect.do_execute(
  File "C:\Users\kevin\Documents\Cephadex\.venv\Lib\site-packages\sqlalchemy\engine\default.py", line 736, in do_execute
    cursor.execute(statement, parameters)
  File "C:\Users\kevin\Documents\Cephadex\.venv\Lib\site-packages\mysql\connector\cursor_cext.py", line 330, in execute
    result = self._cnx.cmd_query(
             ^^^^^^^^^^^^^^^^^^^^
  File "C:\Users\kevin\Documents\Cephadex\.venv\Lib\site-packages\mysql\connector\connection_cext.py", line 616, in cmd_query
    raise get_mysql_exception(
sqlalchemy.exc.IntegrityError: (mysql.connector.errors.IntegrityError) 1451 (23000): Cannot delete or update a parent row: a foreign key constraint fails (`mysqldb1`.`deck_attributes`, CONSTRAINT `deck_attributes_ibfk_1` FOREIGN KEY (`deck_id`) REFERENCES `deck` (`id`))
[SQL: DELETE FROM deck WHERE deck.id = %(id)s]
[parameters: {'id': 665}]
(Background on this error at: https://sqlalche.me/e/14/gkpj)
2023-08-26 16:13:50,812 - flask_app - ERROR - Exception occurred in function delete. Extra info: No extra info provided.
Traceback (most recent call last):
  File "C:\Users\kevin\Documents\Cephadex\.venv\Lib\site-packages\mysql\connector\connection_cext.py", line 608, in cmd_query
    self._cmysql.query(
_mysql_connector.MySQLInterfaceError: Cannot delete or update a parent row: a foreign key constraint fails (`mysqldb1`.`deck_attributes`, CONSTRAINT `deck_attributes_ibfk_1` FOREIGN KEY (`deck_id`) REFERENCES `deck` (`id`))

The above exception was the direct cause of the following exception:

Traceback (most recent call last):
  File "C:\Users\kevin\Documents\Cephadex\.venv\Lib\site-packages\sqlalchemy\engine\base.py", line 1900, in _execute_context
    self.dialect.do_execute(
  File "C:\Users\kevin\Documents\Cephadex\.venv\Lib\site-packages\sqlalchemy\engine\default.py", line 736, in do_execute
    cursor.execute(statement, parameters)
  File "C:\Users\kevin\Documents\Cephadex\.venv\Lib\site-packages\mysql\connector\cursor_cext.py", line 330, in execute
    result = self._cnx.cmd_query(
             ^^^^^^^^^^^^^^^^^^^^
  File "C:\Users\kevin\Documents\Cephadex\.venv\Lib\site-packages\mysql\connector\connection_cext.py", line 616, in cmd_query
    raise get_mysql_exception(
mysql.connector.errors.IntegrityError: 1451 (23000): Cannot delete or update a parent row: a foreign key constraint fails (`mysqldb1`.`deck_attributes`, CONSTRAINT `deck_attributes_ibfk_1` FOREIGN KEY (`deck_id`) REFERENCES `deck` (`id`))

The above exception was the direct cause of the following exception:

Traceback (most recent call last):
  File "C:\Users\kevin\Documents\Cephadex\cards\models\helpers\log_decorators.py", line 17, in wrapper
    result = f(*args, **kwargs)
             ^^^^^^^^^^^^^^^^^^
  File "C:\Users\kevin\Documents\Cephadex\cards\views\deck_bp.py", line 106, in delete
    db.session.commit()
  File "<string>", line 2, in commit
  File "C:\Users\kevin\Documents\Cephadex\.venv\Lib\site-packages\sqlalchemy\orm\session.py", line 1451, in commit
    self._transaction.commit(_to_root=self.future)
  File "C:\Users\kevin\Documents\Cephadex\.venv\Lib\site-packages\sqlalchemy\orm\session.py", line 829, in commit
    self._prepare_impl()
  File "C:\Users\kevin\Documents\Cephadex\.venv\Lib\site-packages\sqlalchemy\orm\session.py", line 808, in _prepare_impl
    self.session.flush()
  File "C:\Users\kevin\Documents\Cephadex\.venv\Lib\site-packages\sqlalchemy\orm\session.py", line 3444, in flush
    self._flush(objects)
  File "C:\Users\kevin\Documents\Cephadex\.venv\Lib\site-packages\sqlalchemy\orm\session.py", line 3583, in _flush
    with util.safe_reraise():
  File "C:\Users\kevin\Documents\Cephadex\.venv\Lib\site-packages\sqlalchemy\util\langhelpers.py", line 70, in __exit__
    compat.raise_(
  File "C:\Users\kevin\Documents\Cephadex\.venv\Lib\site-packages\sqlalchemy\util\compat.py", line 211, in raise_
    raise exception
  File "C:\Users\kevin\Documents\Cephadex\.venv\Lib\site-packages\sqlalchemy\orm\session.py", line 3544, in _flush
    flush_context.execute()
  File "C:\Users\kevin\Documents\Cephadex\.venv\Lib\site-packages\sqlalchemy\orm\unitofwork.py", line 456, in execute
    rec.execute(self)
  File "C:\Users\kevin\Documents\Cephadex\.venv\Lib\site-packages\sqlalchemy\orm\unitofwork.py", line 667, in execute
    util.preloaded.orm_persistence.delete_obj(
  File "C:\Users\kevin\Documents\Cephadex\.venv\Lib\site-packages\sqlalchemy\orm\persistence.py", line 343, in delete_obj
    _emit_delete_statements(
  File "C:\Users\kevin\Documents\Cephadex\.venv\Lib\site-packages\sqlalchemy\orm\persistence.py", line 1468, in _emit_delete_statements
    c = connection._execute_20(
        ^^^^^^^^^^^^^^^^^^^^^^^
  File "C:\Users\kevin\Documents\Cephadex\.venv\Lib\site-packages\sqlalchemy\engine\base.py", line 1705, in _execute_20
    return meth(self, args_10style, kwargs_10style, execution_options)
           ^^^^^^^^^^^^^^^^^^^^^^^^^^^^^^^^^^^^^^^^^^^^^^^^^^^^^^^^^^^
  File "C:\Users\kevin\Documents\Cephadex\.venv\Lib\site-packages\sqlalchemy\sql\elements.py", line 334, in _execute_on_connection
    return connection._execute_clauseelement(
           ^^^^^^^^^^^^^^^^^^^^^^^^^^^^^^^^^^
  File "C:\Users\kevin\Documents\Cephadex\.venv\Lib\site-packages\sqlalchemy\engine\base.py", line 1572, in _execute_clauseelement
    ret = self._execute_context(
          ^^^^^^^^^^^^^^^^^^^^^^
  File "C:\Users\kevin\Documents\Cephadex\.venv\Lib\site-packages\sqlalchemy\engine\base.py", line 1943, in _execute_context
    self._handle_dbapi_exception(
  File "C:\Users\kevin\Documents\Cephadex\.venv\Lib\site-packages\sqlalchemy\engine\base.py", line 2124, in _handle_dbapi_exception
    util.raise_(
  File "C:\Users\kevin\Documents\Cephadex\.venv\Lib\site-packages\sqlalchemy\util\compat.py", line 211, in raise_
    raise exception
  File "C:\Users\kevin\Documents\Cephadex\.venv\Lib\site-packages\sqlalchemy\engine\base.py", line 1900, in _execute_context
    self.dialect.do_execute(
  File "C:\Users\kevin\Documents\Cephadex\.venv\Lib\site-packages\sqlalchemy\engine\default.py", line 736, in do_execute
    cursor.execute(statement, parameters)
  File "C:\Users\kevin\Documents\Cephadex\.venv\Lib\site-packages\mysql\connector\cursor_cext.py", line 330, in execute
    result = self._cnx.cmd_query(
             ^^^^^^^^^^^^^^^^^^^^
  File "C:\Users\kevin\Documents\Cephadex\.venv\Lib\site-packages\mysql\connector\connection_cext.py", line 616, in cmd_query
    raise get_mysql_exception(
sqlalchemy.exc.IntegrityError: (mysql.connector.errors.IntegrityError) 1451 (23000): Cannot delete or update a parent row: a foreign key constraint fails (`mysqldb1`.`deck_attributes`, CONSTRAINT `deck_attributes_ibfk_1` FOREIGN KEY (`deck_id`) REFERENCES `deck` (`id`))
[SQL: DELETE FROM deck WHERE deck.id = %(id)s]
[parameters: {'id': 569}]
(Background on this error at: https://sqlalche.me/e/14/gkpj)
2023-08-26 16:13:52,858 - flask_app - ERROR - Exception occurred in function delete. Extra info: No extra info provided.
Traceback (most recent call last):
  File "C:\Users\kevin\Documents\Cephadex\.venv\Lib\site-packages\mysql\connector\connection_cext.py", line 608, in cmd_query
    self._cmysql.query(
_mysql_connector.MySQLInterfaceError: Cannot delete or update a parent row: a foreign key constraint fails (`mysqldb1`.`deck_attributes`, CONSTRAINT `deck_attributes_ibfk_1` FOREIGN KEY (`deck_id`) REFERENCES `deck` (`id`))

The above exception was the direct cause of the following exception:

Traceback (most recent call last):
  File "C:\Users\kevin\Documents\Cephadex\.venv\Lib\site-packages\sqlalchemy\engine\base.py", line 1900, in _execute_context
    self.dialect.do_execute(
  File "C:\Users\kevin\Documents\Cephadex\.venv\Lib\site-packages\sqlalchemy\engine\default.py", line 736, in do_execute
    cursor.execute(statement, parameters)
  File "C:\Users\kevin\Documents\Cephadex\.venv\Lib\site-packages\mysql\connector\cursor_cext.py", line 330, in execute
    result = self._cnx.cmd_query(
             ^^^^^^^^^^^^^^^^^^^^
  File "C:\Users\kevin\Documents\Cephadex\.venv\Lib\site-packages\mysql\connector\connection_cext.py", line 616, in cmd_query
    raise get_mysql_exception(
mysql.connector.errors.IntegrityError: 1451 (23000): Cannot delete or update a parent row: a foreign key constraint fails (`mysqldb1`.`deck_attributes`, CONSTRAINT `deck_attributes_ibfk_1` FOREIGN KEY (`deck_id`) REFERENCES `deck` (`id`))

The above exception was the direct cause of the following exception:

Traceback (most recent call last):
  File "C:\Users\kevin\Documents\Cephadex\cards\models\helpers\log_decorators.py", line 17, in wrapper
    result = f(*args, **kwargs)
             ^^^^^^^^^^^^^^^^^^
  File "C:\Users\kevin\Documents\Cephadex\cards\views\deck_bp.py", line 106, in delete
    db.session.commit()
  File "<string>", line 2, in commit
  File "C:\Users\kevin\Documents\Cephadex\.venv\Lib\site-packages\sqlalchemy\orm\session.py", line 1451, in commit
    self._transaction.commit(_to_root=self.future)
  File "C:\Users\kevin\Documents\Cephadex\.venv\Lib\site-packages\sqlalchemy\orm\session.py", line 829, in commit
    self._prepare_impl()
  File "C:\Users\kevin\Documents\Cephadex\.venv\Lib\site-packages\sqlalchemy\orm\session.py", line 808, in _prepare_impl
    self.session.flush()
  File "C:\Users\kevin\Documents\Cephadex\.venv\Lib\site-packages\sqlalchemy\orm\session.py", line 3444, in flush
    self._flush(objects)
  File "C:\Users\kevin\Documents\Cephadex\.venv\Lib\site-packages\sqlalchemy\orm\session.py", line 3583, in _flush
    with util.safe_reraise():
  File "C:\Users\kevin\Documents\Cephadex\.venv\Lib\site-packages\sqlalchemy\util\langhelpers.py", line 70, in __exit__
    compat.raise_(
  File "C:\Users\kevin\Documents\Cephadex\.venv\Lib\site-packages\sqlalchemy\util\compat.py", line 211, in raise_
    raise exception
  File "C:\Users\kevin\Documents\Cephadex\.venv\Lib\site-packages\sqlalchemy\orm\session.py", line 3544, in _flush
    flush_context.execute()
  File "C:\Users\kevin\Documents\Cephadex\.venv\Lib\site-packages\sqlalchemy\orm\unitofwork.py", line 456, in execute
    rec.execute(self)
  File "C:\Users\kevin\Documents\Cephadex\.venv\Lib\site-packages\sqlalchemy\orm\unitofwork.py", line 667, in execute
    util.preloaded.orm_persistence.delete_obj(
  File "C:\Users\kevin\Documents\Cephadex\.venv\Lib\site-packages\sqlalchemy\orm\persistence.py", line 343, in delete_obj
    _emit_delete_statements(
  File "C:\Users\kevin\Documents\Cephadex\.venv\Lib\site-packages\sqlalchemy\orm\persistence.py", line 1468, in _emit_delete_statements
    c = connection._execute_20(
        ^^^^^^^^^^^^^^^^^^^^^^^
  File "C:\Users\kevin\Documents\Cephadex\.venv\Lib\site-packages\sqlalchemy\engine\base.py", line 1705, in _execute_20
    return meth(self, args_10style, kwargs_10style, execution_options)
           ^^^^^^^^^^^^^^^^^^^^^^^^^^^^^^^^^^^^^^^^^^^^^^^^^^^^^^^^^^^
  File "C:\Users\kevin\Documents\Cephadex\.venv\Lib\site-packages\sqlalchemy\sql\elements.py", line 334, in _execute_on_connection
    return connection._execute_clauseelement(
           ^^^^^^^^^^^^^^^^^^^^^^^^^^^^^^^^^^
  File "C:\Users\kevin\Documents\Cephadex\.venv\Lib\site-packages\sqlalchemy\engine\base.py", line 1572, in _execute_clauseelement
    ret = self._execute_context(
          ^^^^^^^^^^^^^^^^^^^^^^
  File "C:\Users\kevin\Documents\Cephadex\.venv\Lib\site-packages\sqlalchemy\engine\base.py", line 1943, in _execute_context
    self._handle_dbapi_exception(
  File "C:\Users\kevin\Documents\Cephadex\.venv\Lib\site-packages\sqlalchemy\engine\base.py", line 2124, in _handle_dbapi_exception
    util.raise_(
  File "C:\Users\kevin\Documents\Cephadex\.venv\Lib\site-packages\sqlalchemy\util\compat.py", line 211, in raise_
    raise exception
  File "C:\Users\kevin\Documents\Cephadex\.venv\Lib\site-packages\sqlalchemy\engine\base.py", line 1900, in _execute_context
    self.dialect.do_execute(
  File "C:\Users\kevin\Documents\Cephadex\.venv\Lib\site-packages\sqlalchemy\engine\default.py", line 736, in do_execute
    cursor.execute(statement, parameters)
  File "C:\Users\kevin\Documents\Cephadex\.venv\Lib\site-packages\mysql\connector\cursor_cext.py", line 330, in execute
    result = self._cnx.cmd_query(
             ^^^^^^^^^^^^^^^^^^^^
  File "C:\Users\kevin\Documents\Cephadex\.venv\Lib\site-packages\mysql\connector\connection_cext.py", line 616, in cmd_query
    raise get_mysql_exception(
sqlalchemy.exc.IntegrityError: (mysql.connector.errors.IntegrityError) 1451 (23000): Cannot delete or update a parent row: a foreign key constraint fails (`mysqldb1`.`deck_attributes`, CONSTRAINT `deck_attributes_ibfk_1` FOREIGN KEY (`deck_id`) REFERENCES `deck` (`id`))
[SQL: DELETE FROM deck WHERE deck.id = %(id)s]
[parameters: {'id': 569}]
(Background on this error at: https://sqlalche.me/e/14/gkpj)
2023-08-26 16:13:55,151 - flask_app - ERROR - Exception occurred in function delete. Extra info: No extra info provided.
Traceback (most recent call last):
  File "C:\Users\kevin\Documents\Cephadex\.venv\Lib\site-packages\mysql\connector\connection_cext.py", line 608, in cmd_query
    self._cmysql.query(
_mysql_connector.MySQLInterfaceError: Cannot delete or update a parent row: a foreign key constraint fails (`mysqldb1`.`deck_attributes`, CONSTRAINT `deck_attributes_ibfk_1` FOREIGN KEY (`deck_id`) REFERENCES `deck` (`id`))

The above exception was the direct cause of the following exception:

Traceback (most recent call last):
  File "C:\Users\kevin\Documents\Cephadex\.venv\Lib\site-packages\sqlalchemy\engine\base.py", line 1900, in _execute_context
    self.dialect.do_execute(
  File "C:\Users\kevin\Documents\Cephadex\.venv\Lib\site-packages\sqlalchemy\engine\default.py", line 736, in do_execute
    cursor.execute(statement, parameters)
  File "C:\Users\kevin\Documents\Cephadex\.venv\Lib\site-packages\mysql\connector\cursor_cext.py", line 330, in execute
    result = self._cnx.cmd_query(
             ^^^^^^^^^^^^^^^^^^^^
  File "C:\Users\kevin\Documents\Cephadex\.venv\Lib\site-packages\mysql\connector\connection_cext.py", line 616, in cmd_query
    raise get_mysql_exception(
mysql.connector.errors.IntegrityError: 1451 (23000): Cannot delete or update a parent row: a foreign key constraint fails (`mysqldb1`.`deck_attributes`, CONSTRAINT `deck_attributes_ibfk_1` FOREIGN KEY (`deck_id`) REFERENCES `deck` (`id`))

The above exception was the direct cause of the following exception:

Traceback (most recent call last):
  File "C:\Users\kevin\Documents\Cephadex\cards\models\helpers\log_decorators.py", line 17, in wrapper
    result = f(*args, **kwargs)
             ^^^^^^^^^^^^^^^^^^
  File "C:\Users\kevin\Documents\Cephadex\cards\views\deck_bp.py", line 106, in delete
    db.session.commit()
  File "<string>", line 2, in commit
  File "C:\Users\kevin\Documents\Cephadex\.venv\Lib\site-packages\sqlalchemy\orm\session.py", line 1451, in commit
    self._transaction.commit(_to_root=self.future)
  File "C:\Users\kevin\Documents\Cephadex\.venv\Lib\site-packages\sqlalchemy\orm\session.py", line 829, in commit
    self._prepare_impl()
  File "C:\Users\kevin\Documents\Cephadex\.venv\Lib\site-packages\sqlalchemy\orm\session.py", line 808, in _prepare_impl
    self.session.flush()
  File "C:\Users\kevin\Documents\Cephadex\.venv\Lib\site-packages\sqlalchemy\orm\session.py", line 3444, in flush
    self._flush(objects)
  File "C:\Users\kevin\Documents\Cephadex\.venv\Lib\site-packages\sqlalchemy\orm\session.py", line 3583, in _flush
    with util.safe_reraise():
  File "C:\Users\kevin\Documents\Cephadex\.venv\Lib\site-packages\sqlalchemy\util\langhelpers.py", line 70, in __exit__
    compat.raise_(
  File "C:\Users\kevin\Documents\Cephadex\.venv\Lib\site-packages\sqlalchemy\util\compat.py", line 211, in raise_
    raise exception
  File "C:\Users\kevin\Documents\Cephadex\.venv\Lib\site-packages\sqlalchemy\orm\session.py", line 3544, in _flush
    flush_context.execute()
  File "C:\Users\kevin\Documents\Cephadex\.venv\Lib\site-packages\sqlalchemy\orm\unitofwork.py", line 456, in execute
    rec.execute(self)
  File "C:\Users\kevin\Documents\Cephadex\.venv\Lib\site-packages\sqlalchemy\orm\unitofwork.py", line 667, in execute
    util.preloaded.orm_persistence.delete_obj(
  File "C:\Users\kevin\Documents\Cephadex\.venv\Lib\site-packages\sqlalchemy\orm\persistence.py", line 343, in delete_obj
    _emit_delete_statements(
  File "C:\Users\kevin\Documents\Cephadex\.venv\Lib\site-packages\sqlalchemy\orm\persistence.py", line 1468, in _emit_delete_statements
    c = connection._execute_20(
        ^^^^^^^^^^^^^^^^^^^^^^^
  File "C:\Users\kevin\Documents\Cephadex\.venv\Lib\site-packages\sqlalchemy\engine\base.py", line 1705, in _execute_20
    return meth(self, args_10style, kwargs_10style, execution_options)
           ^^^^^^^^^^^^^^^^^^^^^^^^^^^^^^^^^^^^^^^^^^^^^^^^^^^^^^^^^^^
  File "C:\Users\kevin\Documents\Cephadex\.venv\Lib\site-packages\sqlalchemy\sql\elements.py", line 334, in _execute_on_connection
    return connection._execute_clauseelement(
           ^^^^^^^^^^^^^^^^^^^^^^^^^^^^^^^^^^
  File "C:\Users\kevin\Documents\Cephadex\.venv\Lib\site-packages\sqlalchemy\engine\base.py", line 1572, in _execute_clauseelement
    ret = self._execute_context(
          ^^^^^^^^^^^^^^^^^^^^^^
  File "C:\Users\kevin\Documents\Cephadex\.venv\Lib\site-packages\sqlalchemy\engine\base.py", line 1943, in _execute_context
    self._handle_dbapi_exception(
  File "C:\Users\kevin\Documents\Cephadex\.venv\Lib\site-packages\sqlalchemy\engine\base.py", line 2124, in _handle_dbapi_exception
    util.raise_(
  File "C:\Users\kevin\Documents\Cephadex\.venv\Lib\site-packages\sqlalchemy\util\compat.py", line 211, in raise_
    raise exception
  File "C:\Users\kevin\Documents\Cephadex\.venv\Lib\site-packages\sqlalchemy\engine\base.py", line 1900, in _execute_context
    self.dialect.do_execute(
  File "C:\Users\kevin\Documents\Cephadex\.venv\Lib\site-packages\sqlalchemy\engine\default.py", line 736, in do_execute
    cursor.execute(statement, parameters)
  File "C:\Users\kevin\Documents\Cephadex\.venv\Lib\site-packages\mysql\connector\cursor_cext.py", line 330, in execute
    result = self._cnx.cmd_query(
             ^^^^^^^^^^^^^^^^^^^^
  File "C:\Users\kevin\Documents\Cephadex\.venv\Lib\site-packages\mysql\connector\connection_cext.py", line 616, in cmd_query
    raise get_mysql_exception(
sqlalchemy.exc.IntegrityError: (mysql.connector.errors.IntegrityError) 1451 (23000): Cannot delete or update a parent row: a foreign key constraint fails (`mysqldb1`.`deck_attributes`, CONSTRAINT `deck_attributes_ibfk_1` FOREIGN KEY (`deck_id`) REFERENCES `deck` (`id`))
[SQL: DELETE FROM deck WHERE deck.id = %(id)s]
[parameters: {'id': 665}]
(Background on this error at: https://sqlalche.me/e/14/gkpj)
2023-08-26 16:13:57,077 - flask_app - ERROR - Exception occurred in function delete. Extra info: No extra info provided.
Traceback (most recent call last):
  File "C:\Users\kevin\Documents\Cephadex\.venv\Lib\site-packages\mysql\connector\connection_cext.py", line 608, in cmd_query
    self._cmysql.query(
_mysql_connector.MySQLInterfaceError: Cannot delete or update a parent row: a foreign key constraint fails (`mysqldb1`.`deck_attributes`, CONSTRAINT `deck_attributes_ibfk_1` FOREIGN KEY (`deck_id`) REFERENCES `deck` (`id`))

The above exception was the direct cause of the following exception:

Traceback (most recent call last):
  File "C:\Users\kevin\Documents\Cephadex\.venv\Lib\site-packages\sqlalchemy\engine\base.py", line 1900, in _execute_context
    self.dialect.do_execute(
  File "C:\Users\kevin\Documents\Cephadex\.venv\Lib\site-packages\sqlalchemy\engine\default.py", line 736, in do_execute
    cursor.execute(statement, parameters)
  File "C:\Users\kevin\Documents\Cephadex\.venv\Lib\site-packages\mysql\connector\cursor_cext.py", line 330, in execute
    result = self._cnx.cmd_query(
             ^^^^^^^^^^^^^^^^^^^^
  File "C:\Users\kevin\Documents\Cephadex\.venv\Lib\site-packages\mysql\connector\connection_cext.py", line 616, in cmd_query
    raise get_mysql_exception(
mysql.connector.errors.IntegrityError: 1451 (23000): Cannot delete or update a parent row: a foreign key constraint fails (`mysqldb1`.`deck_attributes`, CONSTRAINT `deck_attributes_ibfk_1` FOREIGN KEY (`deck_id`) REFERENCES `deck` (`id`))

The above exception was the direct cause of the following exception:

Traceback (most recent call last):
  File "C:\Users\kevin\Documents\Cephadex\cards\models\helpers\log_decorators.py", line 17, in wrapper
    result = f(*args, **kwargs)
             ^^^^^^^^^^^^^^^^^^
  File "C:\Users\kevin\Documents\Cephadex\cards\views\deck_bp.py", line 106, in delete
    db.session.commit()
  File "<string>", line 2, in commit
  File "C:\Users\kevin\Documents\Cephadex\.venv\Lib\site-packages\sqlalchemy\orm\session.py", line 1451, in commit
    self._transaction.commit(_to_root=self.future)
  File "C:\Users\kevin\Documents\Cephadex\.venv\Lib\site-packages\sqlalchemy\orm\session.py", line 829, in commit
    self._prepare_impl()
  File "C:\Users\kevin\Documents\Cephadex\.venv\Lib\site-packages\sqlalchemy\orm\session.py", line 808, in _prepare_impl
    self.session.flush()
  File "C:\Users\kevin\Documents\Cephadex\.venv\Lib\site-packages\sqlalchemy\orm\session.py", line 3444, in flush
    self._flush(objects)
  File "C:\Users\kevin\Documents\Cephadex\.venv\Lib\site-packages\sqlalchemy\orm\session.py", line 3583, in _flush
    with util.safe_reraise():
  File "C:\Users\kevin\Documents\Cephadex\.venv\Lib\site-packages\sqlalchemy\util\langhelpers.py", line 70, in __exit__
    compat.raise_(
  File "C:\Users\kevin\Documents\Cephadex\.venv\Lib\site-packages\sqlalchemy\util\compat.py", line 211, in raise_
    raise exception
  File "C:\Users\kevin\Documents\Cephadex\.venv\Lib\site-packages\sqlalchemy\orm\session.py", line 3544, in _flush
    flush_context.execute()
  File "C:\Users\kevin\Documents\Cephadex\.venv\Lib\site-packages\sqlalchemy\orm\unitofwork.py", line 456, in execute
    rec.execute(self)
  File "C:\Users\kevin\Documents\Cephadex\.venv\Lib\site-packages\sqlalchemy\orm\unitofwork.py", line 667, in execute
    util.preloaded.orm_persistence.delete_obj(
  File "C:\Users\kevin\Documents\Cephadex\.venv\Lib\site-packages\sqlalchemy\orm\persistence.py", line 343, in delete_obj
    _emit_delete_statements(
  File "C:\Users\kevin\Documents\Cephadex\.venv\Lib\site-packages\sqlalchemy\orm\persistence.py", line 1468, in _emit_delete_statements
    c = connection._execute_20(
        ^^^^^^^^^^^^^^^^^^^^^^^
  File "C:\Users\kevin\Documents\Cephadex\.venv\Lib\site-packages\sqlalchemy\engine\base.py", line 1705, in _execute_20
    return meth(self, args_10style, kwargs_10style, execution_options)
           ^^^^^^^^^^^^^^^^^^^^^^^^^^^^^^^^^^^^^^^^^^^^^^^^^^^^^^^^^^^
  File "C:\Users\kevin\Documents\Cephadex\.venv\Lib\site-packages\sqlalchemy\sql\elements.py", line 334, in _execute_on_connection
    return connection._execute_clauseelement(
           ^^^^^^^^^^^^^^^^^^^^^^^^^^^^^^^^^^
  File "C:\Users\kevin\Documents\Cephadex\.venv\Lib\site-packages\sqlalchemy\engine\base.py", line 1572, in _execute_clauseelement
    ret = self._execute_context(
          ^^^^^^^^^^^^^^^^^^^^^^
  File "C:\Users\kevin\Documents\Cephadex\.venv\Lib\site-packages\sqlalchemy\engine\base.py", line 1943, in _execute_context
    self._handle_dbapi_exception(
  File "C:\Users\kevin\Documents\Cephadex\.venv\Lib\site-packages\sqlalchemy\engine\base.py", line 2124, in _handle_dbapi_exception
    util.raise_(
  File "C:\Users\kevin\Documents\Cephadex\.venv\Lib\site-packages\sqlalchemy\util\compat.py", line 211, in raise_
    raise exception
  File "C:\Users\kevin\Documents\Cephadex\.venv\Lib\site-packages\sqlalchemy\engine\base.py", line 1900, in _execute_context
    self.dialect.do_execute(
  File "C:\Users\kevin\Documents\Cephadex\.venv\Lib\site-packages\sqlalchemy\engine\default.py", line 736, in do_execute
    cursor.execute(statement, parameters)
  File "C:\Users\kevin\Documents\Cephadex\.venv\Lib\site-packages\mysql\connector\cursor_cext.py", line 330, in execute
    result = self._cnx.cmd_query(
             ^^^^^^^^^^^^^^^^^^^^
  File "C:\Users\kevin\Documents\Cephadex\.venv\Lib\site-packages\mysql\connector\connection_cext.py", line 616, in cmd_query
    raise get_mysql_exception(
sqlalchemy.exc.IntegrityError: (mysql.connector.errors.IntegrityError) 1451 (23000): Cannot delete or update a parent row: a foreign key constraint fails (`mysqldb1`.`deck_attributes`, CONSTRAINT `deck_attributes_ibfk_1` FOREIGN KEY (`deck_id`) REFERENCES `deck` (`id`))
[SQL: DELETE FROM deck WHERE deck.id = %(id)s]
[parameters: {'id': 663}]
(Background on this error at: https://sqlalche.me/e/14/gkpj)
2023-08-26 16:14:00,713 - flask_app - ERROR - Exception occurred in function delete. Extra info: No extra info provided.
Traceback (most recent call last):
  File "C:\Users\kevin\Documents\Cephadex\.venv\Lib\site-packages\mysql\connector\connection_cext.py", line 608, in cmd_query
    self._cmysql.query(
_mysql_connector.MySQLInterfaceError: Cannot delete or update a parent row: a foreign key constraint fails (`mysqldb1`.`deck_attributes`, CONSTRAINT `deck_attributes_ibfk_1` FOREIGN KEY (`deck_id`) REFERENCES `deck` (`id`))

The above exception was the direct cause of the following exception:

Traceback (most recent call last):
  File "C:\Users\kevin\Documents\Cephadex\.venv\Lib\site-packages\sqlalchemy\engine\base.py", line 1900, in _execute_context
    self.dialect.do_execute(
  File "C:\Users\kevin\Documents\Cephadex\.venv\Lib\site-packages\sqlalchemy\engine\default.py", line 736, in do_execute
    cursor.execute(statement, parameters)
  File "C:\Users\kevin\Documents\Cephadex\.venv\Lib\site-packages\mysql\connector\cursor_cext.py", line 330, in execute
    result = self._cnx.cmd_query(
             ^^^^^^^^^^^^^^^^^^^^
  File "C:\Users\kevin\Documents\Cephadex\.venv\Lib\site-packages\mysql\connector\connection_cext.py", line 616, in cmd_query
    raise get_mysql_exception(
mysql.connector.errors.IntegrityError: 1451 (23000): Cannot delete or update a parent row: a foreign key constraint fails (`mysqldb1`.`deck_attributes`, CONSTRAINT `deck_attributes_ibfk_1` FOREIGN KEY (`deck_id`) REFERENCES `deck` (`id`))

The above exception was the direct cause of the following exception:

Traceback (most recent call last):
  File "C:\Users\kevin\Documents\Cephadex\cards\models\helpers\log_decorators.py", line 17, in wrapper
    result = f(*args, **kwargs)
             ^^^^^^^^^^^^^^^^^^
  File "C:\Users\kevin\Documents\Cephadex\cards\views\deck_bp.py", line 106, in delete
    db.session.commit()
  File "<string>", line 2, in commit
  File "C:\Users\kevin\Documents\Cephadex\.venv\Lib\site-packages\sqlalchemy\orm\session.py", line 1451, in commit
    self._transaction.commit(_to_root=self.future)
  File "C:\Users\kevin\Documents\Cephadex\.venv\Lib\site-packages\sqlalchemy\orm\session.py", line 829, in commit
    self._prepare_impl()
  File "C:\Users\kevin\Documents\Cephadex\.venv\Lib\site-packages\sqlalchemy\orm\session.py", line 808, in _prepare_impl
    self.session.flush()
  File "C:\Users\kevin\Documents\Cephadex\.venv\Lib\site-packages\sqlalchemy\orm\session.py", line 3444, in flush
    self._flush(objects)
  File "C:\Users\kevin\Documents\Cephadex\.venv\Lib\site-packages\sqlalchemy\orm\session.py", line 3583, in _flush
    with util.safe_reraise():
  File "C:\Users\kevin\Documents\Cephadex\.venv\Lib\site-packages\sqlalchemy\util\langhelpers.py", line 70, in __exit__
    compat.raise_(
  File "C:\Users\kevin\Documents\Cephadex\.venv\Lib\site-packages\sqlalchemy\util\compat.py", line 211, in raise_
    raise exception
  File "C:\Users\kevin\Documents\Cephadex\.venv\Lib\site-packages\sqlalchemy\orm\session.py", line 3544, in _flush
    flush_context.execute()
  File "C:\Users\kevin\Documents\Cephadex\.venv\Lib\site-packages\sqlalchemy\orm\unitofwork.py", line 456, in execute
    rec.execute(self)
  File "C:\Users\kevin\Documents\Cephadex\.venv\Lib\site-packages\sqlalchemy\orm\unitofwork.py", line 667, in execute
    util.preloaded.orm_persistence.delete_obj(
  File "C:\Users\kevin\Documents\Cephadex\.venv\Lib\site-packages\sqlalchemy\orm\persistence.py", line 343, in delete_obj
    _emit_delete_statements(
  File "C:\Users\kevin\Documents\Cephadex\.venv\Lib\site-packages\sqlalchemy\orm\persistence.py", line 1468, in _emit_delete_statements
    c = connection._execute_20(
        ^^^^^^^^^^^^^^^^^^^^^^^
  File "C:\Users\kevin\Documents\Cephadex\.venv\Lib\site-packages\sqlalchemy\engine\base.py", line 1705, in _execute_20
    return meth(self, args_10style, kwargs_10style, execution_options)
           ^^^^^^^^^^^^^^^^^^^^^^^^^^^^^^^^^^^^^^^^^^^^^^^^^^^^^^^^^^^
  File "C:\Users\kevin\Documents\Cephadex\.venv\Lib\site-packages\sqlalchemy\sql\elements.py", line 334, in _execute_on_connection
    return connection._execute_clauseelement(
           ^^^^^^^^^^^^^^^^^^^^^^^^^^^^^^^^^^
  File "C:\Users\kevin\Documents\Cephadex\.venv\Lib\site-packages\sqlalchemy\engine\base.py", line 1572, in _execute_clauseelement
    ret = self._execute_context(
          ^^^^^^^^^^^^^^^^^^^^^^
  File "C:\Users\kevin\Documents\Cephadex\.venv\Lib\site-packages\sqlalchemy\engine\base.py", line 1943, in _execute_context
    self._handle_dbapi_exception(
  File "C:\Users\kevin\Documents\Cephadex\.venv\Lib\site-packages\sqlalchemy\engine\base.py", line 2124, in _handle_dbapi_exception
    util.raise_(
  File "C:\Users\kevin\Documents\Cephadex\.venv\Lib\site-packages\sqlalchemy\util\compat.py", line 211, in raise_
    raise exception
  File "C:\Users\kevin\Documents\Cephadex\.venv\Lib\site-packages\sqlalchemy\engine\base.py", line 1900, in _execute_context
    self.dialect.do_execute(
  File "C:\Users\kevin\Documents\Cephadex\.venv\Lib\site-packages\sqlalchemy\engine\default.py", line 736, in do_execute
    cursor.execute(statement, parameters)
  File "C:\Users\kevin\Documents\Cephadex\.venv\Lib\site-packages\mysql\connector\cursor_cext.py", line 330, in execute
    result = self._cnx.cmd_query(
             ^^^^^^^^^^^^^^^^^^^^
  File "C:\Users\kevin\Documents\Cephadex\.venv\Lib\site-packages\mysql\connector\connection_cext.py", line 616, in cmd_query
    raise get_mysql_exception(
sqlalchemy.exc.IntegrityError: (mysql.connector.errors.IntegrityError) 1451 (23000): Cannot delete or update a parent row: a foreign key constraint fails (`mysqldb1`.`deck_attributes`, CONSTRAINT `deck_attributes_ibfk_1` FOREIGN KEY (`deck_id`) REFERENCES `deck` (`id`))
[SQL: DELETE FROM deck WHERE deck.id = %(id)s]
[parameters: {'id': 777}]
(Background on this error at: https://sqlalche.me/e/14/gkpj)
2023-08-26 16:14:06,952 - flask_app - ERROR - Exception occurred in function delete. Extra info: No extra info provided.
Traceback (most recent call last):
  File "C:\Users\kevin\Documents\Cephadex\.venv\Lib\site-packages\mysql\connector\connection_cext.py", line 608, in cmd_query
    self._cmysql.query(
_mysql_connector.MySQLInterfaceError: Cannot delete or update a parent row: a foreign key constraint fails (`mysqldb1`.`deck_attributes`, CONSTRAINT `deck_attributes_ibfk_1` FOREIGN KEY (`deck_id`) REFERENCES `deck` (`id`))

The above exception was the direct cause of the following exception:

Traceback (most recent call last):
  File "C:\Users\kevin\Documents\Cephadex\.venv\Lib\site-packages\sqlalchemy\engine\base.py", line 1900, in _execute_context
    self.dialect.do_execute(
  File "C:\Users\kevin\Documents\Cephadex\.venv\Lib\site-packages\sqlalchemy\engine\default.py", line 736, in do_execute
    cursor.execute(statement, parameters)
  File "C:\Users\kevin\Documents\Cephadex\.venv\Lib\site-packages\mysql\connector\cursor_cext.py", line 330, in execute
    result = self._cnx.cmd_query(
             ^^^^^^^^^^^^^^^^^^^^
  File "C:\Users\kevin\Documents\Cephadex\.venv\Lib\site-packages\mysql\connector\connection_cext.py", line 616, in cmd_query
    raise get_mysql_exception(
mysql.connector.errors.IntegrityError: 1451 (23000): Cannot delete or update a parent row: a foreign key constraint fails (`mysqldb1`.`deck_attributes`, CONSTRAINT `deck_attributes_ibfk_1` FOREIGN KEY (`deck_id`) REFERENCES `deck` (`id`))

The above exception was the direct cause of the following exception:

Traceback (most recent call last):
  File "C:\Users\kevin\Documents\Cephadex\cards\models\helpers\log_decorators.py", line 17, in wrapper
    result = f(*args, **kwargs)
             ^^^^^^^^^^^^^^^^^^
  File "C:\Users\kevin\Documents\Cephadex\cards\views\deck_bp.py", line 106, in delete
    db.session.commit()
  File "<string>", line 2, in commit
  File "C:\Users\kevin\Documents\Cephadex\.venv\Lib\site-packages\sqlalchemy\orm\session.py", line 1451, in commit
    self._transaction.commit(_to_root=self.future)
  File "C:\Users\kevin\Documents\Cephadex\.venv\Lib\site-packages\sqlalchemy\orm\session.py", line 829, in commit
    self._prepare_impl()
  File "C:\Users\kevin\Documents\Cephadex\.venv\Lib\site-packages\sqlalchemy\orm\session.py", line 808, in _prepare_impl
    self.session.flush()
  File "C:\Users\kevin\Documents\Cephadex\.venv\Lib\site-packages\sqlalchemy\orm\session.py", line 3444, in flush
    self._flush(objects)
  File "C:\Users\kevin\Documents\Cephadex\.venv\Lib\site-packages\sqlalchemy\orm\session.py", line 3583, in _flush
    with util.safe_reraise():
  File "C:\Users\kevin\Documents\Cephadex\.venv\Lib\site-packages\sqlalchemy\util\langhelpers.py", line 70, in __exit__
    compat.raise_(
  File "C:\Users\kevin\Documents\Cephadex\.venv\Lib\site-packages\sqlalchemy\util\compat.py", line 211, in raise_
    raise exception
  File "C:\Users\kevin\Documents\Cephadex\.venv\Lib\site-packages\sqlalchemy\orm\session.py", line 3544, in _flush
    flush_context.execute()
  File "C:\Users\kevin\Documents\Cephadex\.venv\Lib\site-packages\sqlalchemy\orm\unitofwork.py", line 456, in execute
    rec.execute(self)
  File "C:\Users\kevin\Documents\Cephadex\.venv\Lib\site-packages\sqlalchemy\orm\unitofwork.py", line 667, in execute
    util.preloaded.orm_persistence.delete_obj(
  File "C:\Users\kevin\Documents\Cephadex\.venv\Lib\site-packages\sqlalchemy\orm\persistence.py", line 343, in delete_obj
    _emit_delete_statements(
  File "C:\Users\kevin\Documents\Cephadex\.venv\Lib\site-packages\sqlalchemy\orm\persistence.py", line 1468, in _emit_delete_statements
    c = connection._execute_20(
        ^^^^^^^^^^^^^^^^^^^^^^^
  File "C:\Users\kevin\Documents\Cephadex\.venv\Lib\site-packages\sqlalchemy\engine\base.py", line 1705, in _execute_20
    return meth(self, args_10style, kwargs_10style, execution_options)
           ^^^^^^^^^^^^^^^^^^^^^^^^^^^^^^^^^^^^^^^^^^^^^^^^^^^^^^^^^^^
  File "C:\Users\kevin\Documents\Cephadex\.venv\Lib\site-packages\sqlalchemy\sql\elements.py", line 334, in _execute_on_connection
    return connection._execute_clauseelement(
           ^^^^^^^^^^^^^^^^^^^^^^^^^^^^^^^^^^
  File "C:\Users\kevin\Documents\Cephadex\.venv\Lib\site-packages\sqlalchemy\engine\base.py", line 1572, in _execute_clauseelement
    ret = self._execute_context(
          ^^^^^^^^^^^^^^^^^^^^^^
  File "C:\Users\kevin\Documents\Cephadex\.venv\Lib\site-packages\sqlalchemy\engine\base.py", line 1943, in _execute_context
    self._handle_dbapi_exception(
  File "C:\Users\kevin\Documents\Cephadex\.venv\Lib\site-packages\sqlalchemy\engine\base.py", line 2124, in _handle_dbapi_exception
    util.raise_(
  File "C:\Users\kevin\Documents\Cephadex\.venv\Lib\site-packages\sqlalchemy\util\compat.py", line 211, in raise_
    raise exception
  File "C:\Users\kevin\Documents\Cephadex\.venv\Lib\site-packages\sqlalchemy\engine\base.py", line 1900, in _execute_context
    self.dialect.do_execute(
  File "C:\Users\kevin\Documents\Cephadex\.venv\Lib\site-packages\sqlalchemy\engine\default.py", line 736, in do_execute
    cursor.execute(statement, parameters)
  File "C:\Users\kevin\Documents\Cephadex\.venv\Lib\site-packages\mysql\connector\cursor_cext.py", line 330, in execute
    result = self._cnx.cmd_query(
             ^^^^^^^^^^^^^^^^^^^^
  File "C:\Users\kevin\Documents\Cephadex\.venv\Lib\site-packages\mysql\connector\connection_cext.py", line 616, in cmd_query
    raise get_mysql_exception(
sqlalchemy.exc.IntegrityError: (mysql.connector.errors.IntegrityError) 1451 (23000): Cannot delete or update a parent row: a foreign key constraint fails (`mysqldb1`.`deck_attributes`, CONSTRAINT `deck_attributes_ibfk_1` FOREIGN KEY (`deck_id`) REFERENCES `deck` (`id`))
[SQL: DELETE FROM deck WHERE deck.id = %(id)s]
[parameters: {'id': 777}]
(Background on this error at: https://sqlalche.me/e/14/gkpj)
2023-08-26 16:14:10,150 - flask_app - ERROR - Exception occurred in function delete. Extra info: No extra info provided.
Traceback (most recent call last):
  File "C:\Users\kevin\Documents\Cephadex\.venv\Lib\site-packages\mysql\connector\connection_cext.py", line 608, in cmd_query
    self._cmysql.query(
_mysql_connector.MySQLInterfaceError: Cannot delete or update a parent row: a foreign key constraint fails (`mysqldb1`.`deck_attributes`, CONSTRAINT `deck_attributes_ibfk_1` FOREIGN KEY (`deck_id`) REFERENCES `deck` (`id`))

The above exception was the direct cause of the following exception:

Traceback (most recent call last):
  File "C:\Users\kevin\Documents\Cephadex\.venv\Lib\site-packages\sqlalchemy\engine\base.py", line 1900, in _execute_context
    self.dialect.do_execute(
  File "C:\Users\kevin\Documents\Cephadex\.venv\Lib\site-packages\sqlalchemy\engine\default.py", line 736, in do_execute
    cursor.execute(statement, parameters)
  File "C:\Users\kevin\Documents\Cephadex\.venv\Lib\site-packages\mysql\connector\cursor_cext.py", line 330, in execute
    result = self._cnx.cmd_query(
             ^^^^^^^^^^^^^^^^^^^^
  File "C:\Users\kevin\Documents\Cephadex\.venv\Lib\site-packages\mysql\connector\connection_cext.py", line 616, in cmd_query
    raise get_mysql_exception(
mysql.connector.errors.IntegrityError: 1451 (23000): Cannot delete or update a parent row: a foreign key constraint fails (`mysqldb1`.`deck_attributes`, CONSTRAINT `deck_attributes_ibfk_1` FOREIGN KEY (`deck_id`) REFERENCES `deck` (`id`))

The above exception was the direct cause of the following exception:

Traceback (most recent call last):
  File "C:\Users\kevin\Documents\Cephadex\cards\models\helpers\log_decorators.py", line 17, in wrapper
    result = f(*args, **kwargs)
             ^^^^^^^^^^^^^^^^^^
  File "C:\Users\kevin\Documents\Cephadex\cards\views\deck_bp.py", line 106, in delete
    db.session.commit()
  File "<string>", line 2, in commit
  File "C:\Users\kevin\Documents\Cephadex\.venv\Lib\site-packages\sqlalchemy\orm\session.py", line 1451, in commit
    self._transaction.commit(_to_root=self.future)
  File "C:\Users\kevin\Documents\Cephadex\.venv\Lib\site-packages\sqlalchemy\orm\session.py", line 829, in commit
    self._prepare_impl()
  File "C:\Users\kevin\Documents\Cephadex\.venv\Lib\site-packages\sqlalchemy\orm\session.py", line 808, in _prepare_impl
    self.session.flush()
  File "C:\Users\kevin\Documents\Cephadex\.venv\Lib\site-packages\sqlalchemy\orm\session.py", line 3444, in flush
    self._flush(objects)
  File "C:\Users\kevin\Documents\Cephadex\.venv\Lib\site-packages\sqlalchemy\orm\session.py", line 3583, in _flush
    with util.safe_reraise():
  File "C:\Users\kevin\Documents\Cephadex\.venv\Lib\site-packages\sqlalchemy\util\langhelpers.py", line 70, in __exit__
    compat.raise_(
  File "C:\Users\kevin\Documents\Cephadex\.venv\Lib\site-packages\sqlalchemy\util\compat.py", line 211, in raise_
    raise exception
  File "C:\Users\kevin\Documents\Cephadex\.venv\Lib\site-packages\sqlalchemy\orm\session.py", line 3544, in _flush
    flush_context.execute()
  File "C:\Users\kevin\Documents\Cephadex\.venv\Lib\site-packages\sqlalchemy\orm\unitofwork.py", line 456, in execute
    rec.execute(self)
  File "C:\Users\kevin\Documents\Cephadex\.venv\Lib\site-packages\sqlalchemy\orm\unitofwork.py", line 667, in execute
    util.preloaded.orm_persistence.delete_obj(
  File "C:\Users\kevin\Documents\Cephadex\.venv\Lib\site-packages\sqlalchemy\orm\persistence.py", line 343, in delete_obj
    _emit_delete_statements(
  File "C:\Users\kevin\Documents\Cephadex\.venv\Lib\site-packages\sqlalchemy\orm\persistence.py", line 1468, in _emit_delete_statements
    c = connection._execute_20(
        ^^^^^^^^^^^^^^^^^^^^^^^
  File "C:\Users\kevin\Documents\Cephadex\.venv\Lib\site-packages\sqlalchemy\engine\base.py", line 1705, in _execute_20
    return meth(self, args_10style, kwargs_10style, execution_options)
           ^^^^^^^^^^^^^^^^^^^^^^^^^^^^^^^^^^^^^^^^^^^^^^^^^^^^^^^^^^^
  File "C:\Users\kevin\Documents\Cephadex\.venv\Lib\site-packages\sqlalchemy\sql\elements.py", line 334, in _execute_on_connection
    return connection._execute_clauseelement(
           ^^^^^^^^^^^^^^^^^^^^^^^^^^^^^^^^^^
  File "C:\Users\kevin\Documents\Cephadex\.venv\Lib\site-packages\sqlalchemy\engine\base.py", line 1572, in _execute_clauseelement
    ret = self._execute_context(
          ^^^^^^^^^^^^^^^^^^^^^^
  File "C:\Users\kevin\Documents\Cephadex\.venv\Lib\site-packages\sqlalchemy\engine\base.py", line 1943, in _execute_context
    self._handle_dbapi_exception(
  File "C:\Users\kevin\Documents\Cephadex\.venv\Lib\site-packages\sqlalchemy\engine\base.py", line 2124, in _handle_dbapi_exception
    util.raise_(
  File "C:\Users\kevin\Documents\Cephadex\.venv\Lib\site-packages\sqlalchemy\util\compat.py", line 211, in raise_
    raise exception
  File "C:\Users\kevin\Documents\Cephadex\.venv\Lib\site-packages\sqlalchemy\engine\base.py", line 1900, in _execute_context
    self.dialect.do_execute(
  File "C:\Users\kevin\Documents\Cephadex\.venv\Lib\site-packages\sqlalchemy\engine\default.py", line 736, in do_execute
    cursor.execute(statement, parameters)
  File "C:\Users\kevin\Documents\Cephadex\.venv\Lib\site-packages\mysql\connector\cursor_cext.py", line 330, in execute
    result = self._cnx.cmd_query(
             ^^^^^^^^^^^^^^^^^^^^
  File "C:\Users\kevin\Documents\Cephadex\.venv\Lib\site-packages\mysql\connector\connection_cext.py", line 616, in cmd_query
    raise get_mysql_exception(
sqlalchemy.exc.IntegrityError: (mysql.connector.errors.IntegrityError) 1451 (23000): Cannot delete or update a parent row: a foreign key constraint fails (`mysqldb1`.`deck_attributes`, CONSTRAINT `deck_attributes_ibfk_1` FOREIGN KEY (`deck_id`) REFERENCES `deck` (`id`))
[SQL: DELETE FROM deck WHERE deck.id = %(id)s]
[parameters: {'id': 775}]
(Background on this error at: https://sqlalche.me/e/14/gkpj)
2023-08-26 16:14:16,761 - flask_app - ERROR - Exception occurred in function delete. Extra info: No extra info provided.
Traceback (most recent call last):
  File "C:\Users\kevin\Documents\Cephadex\.venv\Lib\site-packages\mysql\connector\connection_cext.py", line 608, in cmd_query
    self._cmysql.query(
_mysql_connector.MySQLInterfaceError: Cannot delete or update a parent row: a foreign key constraint fails (`mysqldb1`.`deck_attributes`, CONSTRAINT `deck_attributes_ibfk_1` FOREIGN KEY (`deck_id`) REFERENCES `deck` (`id`))

The above exception was the direct cause of the following exception:

Traceback (most recent call last):
  File "C:\Users\kevin\Documents\Cephadex\.venv\Lib\site-packages\sqlalchemy\engine\base.py", line 1900, in _execute_context
    self.dialect.do_execute(
  File "C:\Users\kevin\Documents\Cephadex\.venv\Lib\site-packages\sqlalchemy\engine\default.py", line 736, in do_execute
    cursor.execute(statement, parameters)
  File "C:\Users\kevin\Documents\Cephadex\.venv\Lib\site-packages\mysql\connector\cursor_cext.py", line 330, in execute
    result = self._cnx.cmd_query(
             ^^^^^^^^^^^^^^^^^^^^
  File "C:\Users\kevin\Documents\Cephadex\.venv\Lib\site-packages\mysql\connector\connection_cext.py", line 616, in cmd_query
    raise get_mysql_exception(
mysql.connector.errors.IntegrityError: 1451 (23000): Cannot delete or update a parent row: a foreign key constraint fails (`mysqldb1`.`deck_attributes`, CONSTRAINT `deck_attributes_ibfk_1` FOREIGN KEY (`deck_id`) REFERENCES `deck` (`id`))

The above exception was the direct cause of the following exception:

Traceback (most recent call last):
  File "C:\Users\kevin\Documents\Cephadex\cards\models\helpers\log_decorators.py", line 17, in wrapper
    result = f(*args, **kwargs)
             ^^^^^^^^^^^^^^^^^^
  File "C:\Users\kevin\Documents\Cephadex\cards\views\deck_bp.py", line 106, in delete
    db.session.commit()
  File "<string>", line 2, in commit
  File "C:\Users\kevin\Documents\Cephadex\.venv\Lib\site-packages\sqlalchemy\orm\session.py", line 1451, in commit
    self._transaction.commit(_to_root=self.future)
  File "C:\Users\kevin\Documents\Cephadex\.venv\Lib\site-packages\sqlalchemy\orm\session.py", line 829, in commit
    self._prepare_impl()
  File "C:\Users\kevin\Documents\Cephadex\.venv\Lib\site-packages\sqlalchemy\orm\session.py", line 808, in _prepare_impl
    self.session.flush()
  File "C:\Users\kevin\Documents\Cephadex\.venv\Lib\site-packages\sqlalchemy\orm\session.py", line 3444, in flush
    self._flush(objects)
  File "C:\Users\kevin\Documents\Cephadex\.venv\Lib\site-packages\sqlalchemy\orm\session.py", line 3583, in _flush
    with util.safe_reraise():
  File "C:\Users\kevin\Documents\Cephadex\.venv\Lib\site-packages\sqlalchemy\util\langhelpers.py", line 70, in __exit__
    compat.raise_(
  File "C:\Users\kevin\Documents\Cephadex\.venv\Lib\site-packages\sqlalchemy\util\compat.py", line 211, in raise_
    raise exception
  File "C:\Users\kevin\Documents\Cephadex\.venv\Lib\site-packages\sqlalchemy\orm\session.py", line 3544, in _flush
    flush_context.execute()
  File "C:\Users\kevin\Documents\Cephadex\.venv\Lib\site-packages\sqlalchemy\orm\unitofwork.py", line 456, in execute
    rec.execute(self)
  File "C:\Users\kevin\Documents\Cephadex\.venv\Lib\site-packages\sqlalchemy\orm\unitofwork.py", line 667, in execute
    util.preloaded.orm_persistence.delete_obj(
  File "C:\Users\kevin\Documents\Cephadex\.venv\Lib\site-packages\sqlalchemy\orm\persistence.py", line 343, in delete_obj
    _emit_delete_statements(
  File "C:\Users\kevin\Documents\Cephadex\.venv\Lib\site-packages\sqlalchemy\orm\persistence.py", line 1468, in _emit_delete_statements
    c = connection._execute_20(
        ^^^^^^^^^^^^^^^^^^^^^^^
  File "C:\Users\kevin\Documents\Cephadex\.venv\Lib\site-packages\sqlalchemy\engine\base.py", line 1705, in _execute_20
    return meth(self, args_10style, kwargs_10style, execution_options)
           ^^^^^^^^^^^^^^^^^^^^^^^^^^^^^^^^^^^^^^^^^^^^^^^^^^^^^^^^^^^
  File "C:\Users\kevin\Documents\Cephadex\.venv\Lib\site-packages\sqlalchemy\sql\elements.py", line 334, in _execute_on_connection
    return connection._execute_clauseelement(
           ^^^^^^^^^^^^^^^^^^^^^^^^^^^^^^^^^^
  File "C:\Users\kevin\Documents\Cephadex\.venv\Lib\site-packages\sqlalchemy\engine\base.py", line 1572, in _execute_clauseelement
    ret = self._execute_context(
          ^^^^^^^^^^^^^^^^^^^^^^
  File "C:\Users\kevin\Documents\Cephadex\.venv\Lib\site-packages\sqlalchemy\engine\base.py", line 1943, in _execute_context
    self._handle_dbapi_exception(
  File "C:\Users\kevin\Documents\Cephadex\.venv\Lib\site-packages\sqlalchemy\engine\base.py", line 2124, in _handle_dbapi_exception
    util.raise_(
  File "C:\Users\kevin\Documents\Cephadex\.venv\Lib\site-packages\sqlalchemy\util\compat.py", line 211, in raise_
    raise exception
  File "C:\Users\kevin\Documents\Cephadex\.venv\Lib\site-packages\sqlalchemy\engine\base.py", line 1900, in _execute_context
    self.dialect.do_execute(
  File "C:\Users\kevin\Documents\Cephadex\.venv\Lib\site-packages\sqlalchemy\engine\default.py", line 736, in do_execute
    cursor.execute(statement, parameters)
  File "C:\Users\kevin\Documents\Cephadex\.venv\Lib\site-packages\mysql\connector\cursor_cext.py", line 330, in execute
    result = self._cnx.cmd_query(
             ^^^^^^^^^^^^^^^^^^^^
  File "C:\Users\kevin\Documents\Cephadex\.venv\Lib\site-packages\mysql\connector\connection_cext.py", line 616, in cmd_query
    raise get_mysql_exception(
sqlalchemy.exc.IntegrityError: (mysql.connector.errors.IntegrityError) 1451 (23000): Cannot delete or update a parent row: a foreign key constraint fails (`mysqldb1`.`deck_attributes`, CONSTRAINT `deck_attributes_ibfk_1` FOREIGN KEY (`deck_id`) REFERENCES `deck` (`id`))
[SQL: DELETE FROM deck WHERE deck.id = %(id)s]
[parameters: {'id': 777}]
(Background on this error at: https://sqlalche.me/e/14/gkpj)
2023-08-26 16:14:20,489 - flask_app - ERROR - Exception occurred in function delete. Extra info: No extra info provided.
Traceback (most recent call last):
  File "C:\Users\kevin\Documents\Cephadex\.venv\Lib\site-packages\mysql\connector\connection_cext.py", line 608, in cmd_query
    self._cmysql.query(
_mysql_connector.MySQLInterfaceError: Cannot delete or update a parent row: a foreign key constraint fails (`mysqldb1`.`deck_attributes`, CONSTRAINT `deck_attributes_ibfk_1` FOREIGN KEY (`deck_id`) REFERENCES `deck` (`id`))

The above exception was the direct cause of the following exception:

Traceback (most recent call last):
  File "C:\Users\kevin\Documents\Cephadex\.venv\Lib\site-packages\sqlalchemy\engine\base.py", line 1900, in _execute_context
    self.dialect.do_execute(
  File "C:\Users\kevin\Documents\Cephadex\.venv\Lib\site-packages\sqlalchemy\engine\default.py", line 736, in do_execute
    cursor.execute(statement, parameters)
  File "C:\Users\kevin\Documents\Cephadex\.venv\Lib\site-packages\mysql\connector\cursor_cext.py", line 330, in execute
    result = self._cnx.cmd_query(
             ^^^^^^^^^^^^^^^^^^^^
  File "C:\Users\kevin\Documents\Cephadex\.venv\Lib\site-packages\mysql\connector\connection_cext.py", line 616, in cmd_query
    raise get_mysql_exception(
mysql.connector.errors.IntegrityError: 1451 (23000): Cannot delete or update a parent row: a foreign key constraint fails (`mysqldb1`.`deck_attributes`, CONSTRAINT `deck_attributes_ibfk_1` FOREIGN KEY (`deck_id`) REFERENCES `deck` (`id`))

The above exception was the direct cause of the following exception:

Traceback (most recent call last):
  File "C:\Users\kevin\Documents\Cephadex\cards\models\helpers\log_decorators.py", line 17, in wrapper
    result = f(*args, **kwargs)
             ^^^^^^^^^^^^^^^^^^
  File "C:\Users\kevin\Documents\Cephadex\cards\views\deck_bp.py", line 106, in delete
    db.session.commit()
  File "<string>", line 2, in commit
  File "C:\Users\kevin\Documents\Cephadex\.venv\Lib\site-packages\sqlalchemy\orm\session.py", line 1451, in commit
    self._transaction.commit(_to_root=self.future)
  File "C:\Users\kevin\Documents\Cephadex\.venv\Lib\site-packages\sqlalchemy\orm\session.py", line 829, in commit
    self._prepare_impl()
  File "C:\Users\kevin\Documents\Cephadex\.venv\Lib\site-packages\sqlalchemy\orm\session.py", line 808, in _prepare_impl
    self.session.flush()
  File "C:\Users\kevin\Documents\Cephadex\.venv\Lib\site-packages\sqlalchemy\orm\session.py", line 3444, in flush
    self._flush(objects)
  File "C:\Users\kevin\Documents\Cephadex\.venv\Lib\site-packages\sqlalchemy\orm\session.py", line 3583, in _flush
    with util.safe_reraise():
  File "C:\Users\kevin\Documents\Cephadex\.venv\Lib\site-packages\sqlalchemy\util\langhelpers.py", line 70, in __exit__
    compat.raise_(
  File "C:\Users\kevin\Documents\Cephadex\.venv\Lib\site-packages\sqlalchemy\util\compat.py", line 211, in raise_
    raise exception
  File "C:\Users\kevin\Documents\Cephadex\.venv\Lib\site-packages\sqlalchemy\orm\session.py", line 3544, in _flush
    flush_context.execute()
  File "C:\Users\kevin\Documents\Cephadex\.venv\Lib\site-packages\sqlalchemy\orm\unitofwork.py", line 456, in execute
    rec.execute(self)
  File "C:\Users\kevin\Documents\Cephadex\.venv\Lib\site-packages\sqlalchemy\orm\unitofwork.py", line 667, in execute
    util.preloaded.orm_persistence.delete_obj(
  File "C:\Users\kevin\Documents\Cephadex\.venv\Lib\site-packages\sqlalchemy\orm\persistence.py", line 343, in delete_obj
    _emit_delete_statements(
  File "C:\Users\kevin\Documents\Cephadex\.venv\Lib\site-packages\sqlalchemy\orm\persistence.py", line 1468, in _emit_delete_statements
    c = connection._execute_20(
        ^^^^^^^^^^^^^^^^^^^^^^^
  File "C:\Users\kevin\Documents\Cephadex\.venv\Lib\site-packages\sqlalchemy\engine\base.py", line 1705, in _execute_20
    return meth(self, args_10style, kwargs_10style, execution_options)
           ^^^^^^^^^^^^^^^^^^^^^^^^^^^^^^^^^^^^^^^^^^^^^^^^^^^^^^^^^^^
  File "C:\Users\kevin\Documents\Cephadex\.venv\Lib\site-packages\sqlalchemy\sql\elements.py", line 334, in _execute_on_connection
    return connection._execute_clauseelement(
           ^^^^^^^^^^^^^^^^^^^^^^^^^^^^^^^^^^
  File "C:\Users\kevin\Documents\Cephadex\.venv\Lib\site-packages\sqlalchemy\engine\base.py", line 1572, in _execute_clauseelement
    ret = self._execute_context(
          ^^^^^^^^^^^^^^^^^^^^^^
  File "C:\Users\kevin\Documents\Cephadex\.venv\Lib\site-packages\sqlalchemy\engine\base.py", line 1943, in _execute_context
    self._handle_dbapi_exception(
  File "C:\Users\kevin\Documents\Cephadex\.venv\Lib\site-packages\sqlalchemy\engine\base.py", line 2124, in _handle_dbapi_exception
    util.raise_(
  File "C:\Users\kevin\Documents\Cephadex\.venv\Lib\site-packages\sqlalchemy\util\compat.py", line 211, in raise_
    raise exception
  File "C:\Users\kevin\Documents\Cephadex\.venv\Lib\site-packages\sqlalchemy\engine\base.py", line 1900, in _execute_context
    self.dialect.do_execute(
  File "C:\Users\kevin\Documents\Cephadex\.venv\Lib\site-packages\sqlalchemy\engine\default.py", line 736, in do_execute
    cursor.execute(statement, parameters)
  File "C:\Users\kevin\Documents\Cephadex\.venv\Lib\site-packages\mysql\connector\cursor_cext.py", line 330, in execute
    result = self._cnx.cmd_query(
             ^^^^^^^^^^^^^^^^^^^^
  File "C:\Users\kevin\Documents\Cephadex\.venv\Lib\site-packages\mysql\connector\connection_cext.py", line 616, in cmd_query
    raise get_mysql_exception(
sqlalchemy.exc.IntegrityError: (mysql.connector.errors.IntegrityError) 1451 (23000): Cannot delete or update a parent row: a foreign key constraint fails (`mysqldb1`.`deck_attributes`, CONSTRAINT `deck_attributes_ibfk_1` FOREIGN KEY (`deck_id`) REFERENCES `deck` (`id`))
[SQL: DELETE FROM deck WHERE deck.id = %(id)s]
[parameters: {'id': 777}]
(Background on this error at: https://sqlalche.me/e/14/gkpj)
2023-08-26 16:19:07,698 - flask_app - ERROR - Exception occurred in function delete. Extra info: No extra info provided.
Traceback (most recent call last):
  File "C:\Users\kevin\Documents\Cephadex\.venv\Lib\site-packages\sqlalchemy\orm\session.py", line 2700, in delete
    state = attributes.instance_state(instance)
            ^^^^^^^^^^^^^^^^^^^^^^^^^^^^^^^^^^^
AttributeError: 'BaseQuery' object has no attribute '_sa_instance_state'

The above exception was the direct cause of the following exception:

Traceback (most recent call last):
  File "C:\Users\kevin\Documents\Cephadex\cards\models\helpers\log_decorators.py", line 17, in wrapper
    result = f(*args, **kwargs)
             ^^^^^^^^^^^^^^^^^^
  File "C:\Users\kevin\Documents\Cephadex\cards\views\deck_bp.py", line 106, in delete
    db.session.delete(deck_attributes)
  File "<string>", line 2, in delete
  File "C:\Users\kevin\Documents\Cephadex\.venv\Lib\site-packages\sqlalchemy\orm\session.py", line 2702, in delete
    util.raise_(
  File "C:\Users\kevin\Documents\Cephadex\.venv\Lib\site-packages\sqlalchemy\util\compat.py", line 211, in raise_
    raise exception
sqlalchemy.orm.exc.UnmappedInstanceError: Class 'flask_sqlalchemy.BaseQuery' is not mapped
2023-08-26 16:23:06,875 - flask_app - ERROR - Exception occurred in function delete. Extra info: No extra info provided.
Traceback (most recent call last):
  File "C:\Users\kevin\Documents\Cephadex\cards\models\helpers\log_decorators.py", line 17, in wrapper
    result = f(*args, **kwargs)
             ^^^^^^^^^^^^^^^^^^
  File "C:\Users\kevin\Documents\Cephadex\cards\views\deck_bp.py", line 102, in delete
    deck_to_delete = Deck.query.get_or_404(id)
                     ^^^^^^^^^^^^^^^^^^^^^^^^^
  File "C:\Users\kevin\Documents\Cephadex\.venv\Lib\site-packages\flask_sqlalchemy\__init__.py", line 462, in get_or_404
    abort(404, description=description)
  File "C:\Users\kevin\Documents\Cephadex\.venv\Lib\site-packages\flask\helpers.py", line 277, in abort
    current_app.aborter(code, *args, **kwargs)
  File "C:\Users\kevin\Documents\Cephadex\.venv\Lib\site-packages\werkzeug\exceptions.py", line 861, in __call__
    raise self.mapping[code](*args, **kwargs)
werkzeug.exceptions.NotFound: 404 Not Found: The requested URL was not found on the server. If you entered the URL manually please check your spelling and try again.
2023-08-26 16:25:01,223 - flask_app - ERROR - Exception occurred in function delete. Extra info: No extra info provided.
Traceback (most recent call last):
  File "C:\Users\kevin\Documents\Cephadex\.venv\Lib\site-packages\mysql\connector\connection_cext.py", line 608, in cmd_query
    self._cmysql.query(
_mysql_connector.MySQLInterfaceError: Cannot delete or update a parent row: a foreign key constraint fails (`mysqldb1`.`game`, CONSTRAINT `game_ibfk_3` FOREIGN KEY (`deck_id`) REFERENCES `deck` (`id`))

The above exception was the direct cause of the following exception:

Traceback (most recent call last):
  File "C:\Users\kevin\Documents\Cephadex\.venv\Lib\site-packages\sqlalchemy\engine\base.py", line 1900, in _execute_context
    self.dialect.do_execute(
  File "C:\Users\kevin\Documents\Cephadex\.venv\Lib\site-packages\sqlalchemy\engine\default.py", line 736, in do_execute
    cursor.execute(statement, parameters)
  File "C:\Users\kevin\Documents\Cephadex\.venv\Lib\site-packages\mysql\connector\cursor_cext.py", line 330, in execute
    result = self._cnx.cmd_query(
             ^^^^^^^^^^^^^^^^^^^^
  File "C:\Users\kevin\Documents\Cephadex\.venv\Lib\site-packages\mysql\connector\connection_cext.py", line 616, in cmd_query
    raise get_mysql_exception(
mysql.connector.errors.IntegrityError: 1451 (23000): Cannot delete or update a parent row: a foreign key constraint fails (`mysqldb1`.`game`, CONSTRAINT `game_ibfk_3` FOREIGN KEY (`deck_id`) REFERENCES `deck` (`id`))

The above exception was the direct cause of the following exception:

Traceback (most recent call last):
  File "C:\Users\kevin\Documents\Cephadex\cards\models\helpers\log_decorators.py", line 17, in wrapper
    result = f(*args, **kwargs)
             ^^^^^^^^^^^^^^^^^^
  File "C:\Users\kevin\Documents\Cephadex\cards\views\deck_bp.py", line 109, in delete
    db.session.commit()
  File "<string>", line 2, in commit
  File "C:\Users\kevin\Documents\Cephadex\.venv\Lib\site-packages\sqlalchemy\orm\session.py", line 1451, in commit
    self._transaction.commit(_to_root=self.future)
  File "C:\Users\kevin\Documents\Cephadex\.venv\Lib\site-packages\sqlalchemy\orm\session.py", line 829, in commit
    self._prepare_impl()
  File "C:\Users\kevin\Documents\Cephadex\.venv\Lib\site-packages\sqlalchemy\orm\session.py", line 808, in _prepare_impl
    self.session.flush()
  File "C:\Users\kevin\Documents\Cephadex\.venv\Lib\site-packages\sqlalchemy\orm\session.py", line 3444, in flush
    self._flush(objects)
  File "C:\Users\kevin\Documents\Cephadex\.venv\Lib\site-packages\sqlalchemy\orm\session.py", line 3583, in _flush
    with util.safe_reraise():
  File "C:\Users\kevin\Documents\Cephadex\.venv\Lib\site-packages\sqlalchemy\util\langhelpers.py", line 70, in __exit__
    compat.raise_(
  File "C:\Users\kevin\Documents\Cephadex\.venv\Lib\site-packages\sqlalchemy\util\compat.py", line 211, in raise_
    raise exception
  File "C:\Users\kevin\Documents\Cephadex\.venv\Lib\site-packages\sqlalchemy\orm\session.py", line 3544, in _flush
    flush_context.execute()
  File "C:\Users\kevin\Documents\Cephadex\.venv\Lib\site-packages\sqlalchemy\orm\unitofwork.py", line 456, in execute
    rec.execute(self)
  File "C:\Users\kevin\Documents\Cephadex\.venv\Lib\site-packages\sqlalchemy\orm\unitofwork.py", line 667, in execute
    util.preloaded.orm_persistence.delete_obj(
  File "C:\Users\kevin\Documents\Cephadex\.venv\Lib\site-packages\sqlalchemy\orm\persistence.py", line 343, in delete_obj
    _emit_delete_statements(
  File "C:\Users\kevin\Documents\Cephadex\.venv\Lib\site-packages\sqlalchemy\orm\persistence.py", line 1468, in _emit_delete_statements
    c = connection._execute_20(
        ^^^^^^^^^^^^^^^^^^^^^^^
  File "C:\Users\kevin\Documents\Cephadex\.venv\Lib\site-packages\sqlalchemy\engine\base.py", line 1705, in _execute_20
    return meth(self, args_10style, kwargs_10style, execution_options)
           ^^^^^^^^^^^^^^^^^^^^^^^^^^^^^^^^^^^^^^^^^^^^^^^^^^^^^^^^^^^
  File "C:\Users\kevin\Documents\Cephadex\.venv\Lib\site-packages\sqlalchemy\sql\elements.py", line 334, in _execute_on_connection
    return connection._execute_clauseelement(
           ^^^^^^^^^^^^^^^^^^^^^^^^^^^^^^^^^^
  File "C:\Users\kevin\Documents\Cephadex\.venv\Lib\site-packages\sqlalchemy\engine\base.py", line 1572, in _execute_clauseelement
    ret = self._execute_context(
          ^^^^^^^^^^^^^^^^^^^^^^
  File "C:\Users\kevin\Documents\Cephadex\.venv\Lib\site-packages\sqlalchemy\engine\base.py", line 1943, in _execute_context
    self._handle_dbapi_exception(
  File "C:\Users\kevin\Documents\Cephadex\.venv\Lib\site-packages\sqlalchemy\engine\base.py", line 2124, in _handle_dbapi_exception
    util.raise_(
  File "C:\Users\kevin\Documents\Cephadex\.venv\Lib\site-packages\sqlalchemy\util\compat.py", line 211, in raise_
    raise exception
  File "C:\Users\kevin\Documents\Cephadex\.venv\Lib\site-packages\sqlalchemy\engine\base.py", line 1900, in _execute_context
    self.dialect.do_execute(
  File "C:\Users\kevin\Documents\Cephadex\.venv\Lib\site-packages\sqlalchemy\engine\default.py", line 736, in do_execute
    cursor.execute(statement, parameters)
  File "C:\Users\kevin\Documents\Cephadex\.venv\Lib\site-packages\mysql\connector\cursor_cext.py", line 330, in execute
    result = self._cnx.cmd_query(
             ^^^^^^^^^^^^^^^^^^^^
  File "C:\Users\kevin\Documents\Cephadex\.venv\Lib\site-packages\mysql\connector\connection_cext.py", line 616, in cmd_query
    raise get_mysql_exception(
sqlalchemy.exc.IntegrityError: (mysql.connector.errors.IntegrityError) 1451 (23000): Cannot delete or update a parent row: a foreign key constraint fails (`mysqldb1`.`game`, CONSTRAINT `game_ibfk_3` FOREIGN KEY (`deck_id`) REFERENCES `deck` (`id`))
[SQL: DELETE FROM deck WHERE deck.id = %(id)s]
[parameters: {'id': 54}]
(Background on this error at: https://sqlalche.me/e/14/gkpj)
2023-08-26 16:25:02,925 - flask_app - ERROR - Exception occurred in function delete. Extra info: No extra info provided.
Traceback (most recent call last):
  File "C:\Users\kevin\Documents\Cephadex\.venv\Lib\site-packages\mysql\connector\connection_cext.py", line 608, in cmd_query
    self._cmysql.query(
_mysql_connector.MySQLInterfaceError: Cannot delete or update a parent row: a foreign key constraint fails (`mysqldb1`.`game`, CONSTRAINT `game_ibfk_3` FOREIGN KEY (`deck_id`) REFERENCES `deck` (`id`))

The above exception was the direct cause of the following exception:

Traceback (most recent call last):
  File "C:\Users\kevin\Documents\Cephadex\.venv\Lib\site-packages\sqlalchemy\engine\base.py", line 1900, in _execute_context
    self.dialect.do_execute(
  File "C:\Users\kevin\Documents\Cephadex\.venv\Lib\site-packages\sqlalchemy\engine\default.py", line 736, in do_execute
    cursor.execute(statement, parameters)
  File "C:\Users\kevin\Documents\Cephadex\.venv\Lib\site-packages\mysql\connector\cursor_cext.py", line 330, in execute
    result = self._cnx.cmd_query(
             ^^^^^^^^^^^^^^^^^^^^
  File "C:\Users\kevin\Documents\Cephadex\.venv\Lib\site-packages\mysql\connector\connection_cext.py", line 616, in cmd_query
    raise get_mysql_exception(
mysql.connector.errors.IntegrityError: 1451 (23000): Cannot delete or update a parent row: a foreign key constraint fails (`mysqldb1`.`game`, CONSTRAINT `game_ibfk_3` FOREIGN KEY (`deck_id`) REFERENCES `deck` (`id`))

The above exception was the direct cause of the following exception:

Traceback (most recent call last):
  File "C:\Users\kevin\Documents\Cephadex\cards\models\helpers\log_decorators.py", line 17, in wrapper
    result = f(*args, **kwargs)
             ^^^^^^^^^^^^^^^^^^
  File "C:\Users\kevin\Documents\Cephadex\cards\views\deck_bp.py", line 109, in delete
    db.session.commit()
  File "<string>", line 2, in commit
  File "C:\Users\kevin\Documents\Cephadex\.venv\Lib\site-packages\sqlalchemy\orm\session.py", line 1451, in commit
    self._transaction.commit(_to_root=self.future)
  File "C:\Users\kevin\Documents\Cephadex\.venv\Lib\site-packages\sqlalchemy\orm\session.py", line 829, in commit
    self._prepare_impl()
  File "C:\Users\kevin\Documents\Cephadex\.venv\Lib\site-packages\sqlalchemy\orm\session.py", line 808, in _prepare_impl
    self.session.flush()
  File "C:\Users\kevin\Documents\Cephadex\.venv\Lib\site-packages\sqlalchemy\orm\session.py", line 3444, in flush
    self._flush(objects)
  File "C:\Users\kevin\Documents\Cephadex\.venv\Lib\site-packages\sqlalchemy\orm\session.py", line 3583, in _flush
    with util.safe_reraise():
  File "C:\Users\kevin\Documents\Cephadex\.venv\Lib\site-packages\sqlalchemy\util\langhelpers.py", line 70, in __exit__
    compat.raise_(
  File "C:\Users\kevin\Documents\Cephadex\.venv\Lib\site-packages\sqlalchemy\util\compat.py", line 211, in raise_
    raise exception
  File "C:\Users\kevin\Documents\Cephadex\.venv\Lib\site-packages\sqlalchemy\orm\session.py", line 3544, in _flush
    flush_context.execute()
  File "C:\Users\kevin\Documents\Cephadex\.venv\Lib\site-packages\sqlalchemy\orm\unitofwork.py", line 456, in execute
    rec.execute(self)
  File "C:\Users\kevin\Documents\Cephadex\.venv\Lib\site-packages\sqlalchemy\orm\unitofwork.py", line 667, in execute
    util.preloaded.orm_persistence.delete_obj(
  File "C:\Users\kevin\Documents\Cephadex\.venv\Lib\site-packages\sqlalchemy\orm\persistence.py", line 343, in delete_obj
    _emit_delete_statements(
  File "C:\Users\kevin\Documents\Cephadex\.venv\Lib\site-packages\sqlalchemy\orm\persistence.py", line 1468, in _emit_delete_statements
    c = connection._execute_20(
        ^^^^^^^^^^^^^^^^^^^^^^^
  File "C:\Users\kevin\Documents\Cephadex\.venv\Lib\site-packages\sqlalchemy\engine\base.py", line 1705, in _execute_20
    return meth(self, args_10style, kwargs_10style, execution_options)
           ^^^^^^^^^^^^^^^^^^^^^^^^^^^^^^^^^^^^^^^^^^^^^^^^^^^^^^^^^^^
  File "C:\Users\kevin\Documents\Cephadex\.venv\Lib\site-packages\sqlalchemy\sql\elements.py", line 334, in _execute_on_connection
    return connection._execute_clauseelement(
           ^^^^^^^^^^^^^^^^^^^^^^^^^^^^^^^^^^
  File "C:\Users\kevin\Documents\Cephadex\.venv\Lib\site-packages\sqlalchemy\engine\base.py", line 1572, in _execute_clauseelement
    ret = self._execute_context(
          ^^^^^^^^^^^^^^^^^^^^^^
  File "C:\Users\kevin\Documents\Cephadex\.venv\Lib\site-packages\sqlalchemy\engine\base.py", line 1943, in _execute_context
    self._handle_dbapi_exception(
  File "C:\Users\kevin\Documents\Cephadex\.venv\Lib\site-packages\sqlalchemy\engine\base.py", line 2124, in _handle_dbapi_exception
    util.raise_(
  File "C:\Users\kevin\Documents\Cephadex\.venv\Lib\site-packages\sqlalchemy\util\compat.py", line 211, in raise_
    raise exception
  File "C:\Users\kevin\Documents\Cephadex\.venv\Lib\site-packages\sqlalchemy\engine\base.py", line 1900, in _execute_context
    self.dialect.do_execute(
  File "C:\Users\kevin\Documents\Cephadex\.venv\Lib\site-packages\sqlalchemy\engine\default.py", line 736, in do_execute
    cursor.execute(statement, parameters)
  File "C:\Users\kevin\Documents\Cephadex\.venv\Lib\site-packages\mysql\connector\cursor_cext.py", line 330, in execute
    result = self._cnx.cmd_query(
             ^^^^^^^^^^^^^^^^^^^^
  File "C:\Users\kevin\Documents\Cephadex\.venv\Lib\site-packages\mysql\connector\connection_cext.py", line 616, in cmd_query
    raise get_mysql_exception(
sqlalchemy.exc.IntegrityError: (mysql.connector.errors.IntegrityError) 1451 (23000): Cannot delete or update a parent row: a foreign key constraint fails (`mysqldb1`.`game`, CONSTRAINT `game_ibfk_3` FOREIGN KEY (`deck_id`) REFERENCES `deck` (`id`))
[SQL: DELETE FROM deck WHERE deck.id = %(id)s]
[parameters: {'id': 54}]
(Background on this error at: https://sqlalche.me/e/14/gkpj)
2023-08-26 16:25:05,047 - flask_app - ERROR - Exception occurred in function delete. Extra info: No extra info provided.
Traceback (most recent call last):
  File "C:\Users\kevin\Documents\Cephadex\.venv\Lib\site-packages\mysql\connector\connection_cext.py", line 608, in cmd_query
    self._cmysql.query(
_mysql_connector.MySQLInterfaceError: Cannot delete or update a parent row: a foreign key constraint fails (`mysqldb1`.`game`, CONSTRAINT `game_ibfk_3` FOREIGN KEY (`deck_id`) REFERENCES `deck` (`id`))

The above exception was the direct cause of the following exception:

Traceback (most recent call last):
  File "C:\Users\kevin\Documents\Cephadex\.venv\Lib\site-packages\sqlalchemy\engine\base.py", line 1900, in _execute_context
    self.dialect.do_execute(
  File "C:\Users\kevin\Documents\Cephadex\.venv\Lib\site-packages\sqlalchemy\engine\default.py", line 736, in do_execute
    cursor.execute(statement, parameters)
  File "C:\Users\kevin\Documents\Cephadex\.venv\Lib\site-packages\mysql\connector\cursor_cext.py", line 330, in execute
    result = self._cnx.cmd_query(
             ^^^^^^^^^^^^^^^^^^^^
  File "C:\Users\kevin\Documents\Cephadex\.venv\Lib\site-packages\mysql\connector\connection_cext.py", line 616, in cmd_query
    raise get_mysql_exception(
mysql.connector.errors.IntegrityError: 1451 (23000): Cannot delete or update a parent row: a foreign key constraint fails (`mysqldb1`.`game`, CONSTRAINT `game_ibfk_3` FOREIGN KEY (`deck_id`) REFERENCES `deck` (`id`))

The above exception was the direct cause of the following exception:

Traceback (most recent call last):
  File "C:\Users\kevin\Documents\Cephadex\cards\models\helpers\log_decorators.py", line 17, in wrapper
    result = f(*args, **kwargs)
             ^^^^^^^^^^^^^^^^^^
  File "C:\Users\kevin\Documents\Cephadex\cards\views\deck_bp.py", line 109, in delete
    db.session.commit()
  File "<string>", line 2, in commit
  File "C:\Users\kevin\Documents\Cephadex\.venv\Lib\site-packages\sqlalchemy\orm\session.py", line 1451, in commit
    self._transaction.commit(_to_root=self.future)
  File "C:\Users\kevin\Documents\Cephadex\.venv\Lib\site-packages\sqlalchemy\orm\session.py", line 829, in commit
    self._prepare_impl()
  File "C:\Users\kevin\Documents\Cephadex\.venv\Lib\site-packages\sqlalchemy\orm\session.py", line 808, in _prepare_impl
    self.session.flush()
  File "C:\Users\kevin\Documents\Cephadex\.venv\Lib\site-packages\sqlalchemy\orm\session.py", line 3444, in flush
    self._flush(objects)
  File "C:\Users\kevin\Documents\Cephadex\.venv\Lib\site-packages\sqlalchemy\orm\session.py", line 3583, in _flush
    with util.safe_reraise():
  File "C:\Users\kevin\Documents\Cephadex\.venv\Lib\site-packages\sqlalchemy\util\langhelpers.py", line 70, in __exit__
    compat.raise_(
  File "C:\Users\kevin\Documents\Cephadex\.venv\Lib\site-packages\sqlalchemy\util\compat.py", line 211, in raise_
    raise exception
  File "C:\Users\kevin\Documents\Cephadex\.venv\Lib\site-packages\sqlalchemy\orm\session.py", line 3544, in _flush
    flush_context.execute()
  File "C:\Users\kevin\Documents\Cephadex\.venv\Lib\site-packages\sqlalchemy\orm\unitofwork.py", line 456, in execute
    rec.execute(self)
  File "C:\Users\kevin\Documents\Cephadex\.venv\Lib\site-packages\sqlalchemy\orm\unitofwork.py", line 667, in execute
    util.preloaded.orm_persistence.delete_obj(
  File "C:\Users\kevin\Documents\Cephadex\.venv\Lib\site-packages\sqlalchemy\orm\persistence.py", line 343, in delete_obj
    _emit_delete_statements(
  File "C:\Users\kevin\Documents\Cephadex\.venv\Lib\site-packages\sqlalchemy\orm\persistence.py", line 1468, in _emit_delete_statements
    c = connection._execute_20(
        ^^^^^^^^^^^^^^^^^^^^^^^
  File "C:\Users\kevin\Documents\Cephadex\.venv\Lib\site-packages\sqlalchemy\engine\base.py", line 1705, in _execute_20
    return meth(self, args_10style, kwargs_10style, execution_options)
           ^^^^^^^^^^^^^^^^^^^^^^^^^^^^^^^^^^^^^^^^^^^^^^^^^^^^^^^^^^^
  File "C:\Users\kevin\Documents\Cephadex\.venv\Lib\site-packages\sqlalchemy\sql\elements.py", line 334, in _execute_on_connection
    return connection._execute_clauseelement(
           ^^^^^^^^^^^^^^^^^^^^^^^^^^^^^^^^^^
  File "C:\Users\kevin\Documents\Cephadex\.venv\Lib\site-packages\sqlalchemy\engine\base.py", line 1572, in _execute_clauseelement
    ret = self._execute_context(
          ^^^^^^^^^^^^^^^^^^^^^^
  File "C:\Users\kevin\Documents\Cephadex\.venv\Lib\site-packages\sqlalchemy\engine\base.py", line 1943, in _execute_context
    self._handle_dbapi_exception(
  File "C:\Users\kevin\Documents\Cephadex\.venv\Lib\site-packages\sqlalchemy\engine\base.py", line 2124, in _handle_dbapi_exception
    util.raise_(
  File "C:\Users\kevin\Documents\Cephadex\.venv\Lib\site-packages\sqlalchemy\util\compat.py", line 211, in raise_
    raise exception
  File "C:\Users\kevin\Documents\Cephadex\.venv\Lib\site-packages\sqlalchemy\engine\base.py", line 1900, in _execute_context
    self.dialect.do_execute(
  File "C:\Users\kevin\Documents\Cephadex\.venv\Lib\site-packages\sqlalchemy\engine\default.py", line 736, in do_execute
    cursor.execute(statement, parameters)
  File "C:\Users\kevin\Documents\Cephadex\.venv\Lib\site-packages\mysql\connector\cursor_cext.py", line 330, in execute
    result = self._cnx.cmd_query(
             ^^^^^^^^^^^^^^^^^^^^
  File "C:\Users\kevin\Documents\Cephadex\.venv\Lib\site-packages\mysql\connector\connection_cext.py", line 616, in cmd_query
    raise get_mysql_exception(
sqlalchemy.exc.IntegrityError: (mysql.connector.errors.IntegrityError) 1451 (23000): Cannot delete or update a parent row: a foreign key constraint fails (`mysqldb1`.`game`, CONSTRAINT `game_ibfk_3` FOREIGN KEY (`deck_id`) REFERENCES `deck` (`id`))
[SQL: DELETE FROM deck WHERE deck.id = %(id)s]
[parameters: {'id': 54}]
(Background on this error at: https://sqlalche.me/e/14/gkpj)
2023-08-26 16:27:04,037 - flask_app - ERROR - Exception occurred in function delete. Extra info: No extra info provided.
Traceback (most recent call last):
  File "C:\Users\kevin\Documents\Cephadex\.venv\Lib\site-packages\mysql\connector\connection_cext.py", line 608, in cmd_query
    self._cmysql.query(
_mysql_connector.MySQLInterfaceError: Cannot delete or update a parent row: a foreign key constraint fails (`mysqldb1`.`game`, CONSTRAINT `game_ibfk_3` FOREIGN KEY (`deck_id`) REFERENCES `deck` (`id`))

The above exception was the direct cause of the following exception:

Traceback (most recent call last):
  File "C:\Users\kevin\Documents\Cephadex\.venv\Lib\site-packages\sqlalchemy\engine\base.py", line 1900, in _execute_context
    self.dialect.do_execute(
  File "C:\Users\kevin\Documents\Cephadex\.venv\Lib\site-packages\sqlalchemy\engine\default.py", line 736, in do_execute
    cursor.execute(statement, parameters)
  File "C:\Users\kevin\Documents\Cephadex\.venv\Lib\site-packages\mysql\connector\cursor_cext.py", line 330, in execute
    result = self._cnx.cmd_query(
             ^^^^^^^^^^^^^^^^^^^^
  File "C:\Users\kevin\Documents\Cephadex\.venv\Lib\site-packages\mysql\connector\connection_cext.py", line 616, in cmd_query
    raise get_mysql_exception(
mysql.connector.errors.IntegrityError: 1451 (23000): Cannot delete or update a parent row: a foreign key constraint fails (`mysqldb1`.`game`, CONSTRAINT `game_ibfk_3` FOREIGN KEY (`deck_id`) REFERENCES `deck` (`id`))

The above exception was the direct cause of the following exception:

Traceback (most recent call last):
  File "C:\Users\kevin\Documents\Cephadex\cards\models\helpers\log_decorators.py", line 17, in wrapper
    result = f(*args, **kwargs)
             ^^^^^^^^^^^^^^^^^^
  File "C:\Users\kevin\Documents\Cephadex\cards\views\deck_bp.py", line 109, in delete
    db.session.commit()
  File "<string>", line 2, in commit
  File "C:\Users\kevin\Documents\Cephadex\.venv\Lib\site-packages\sqlalchemy\orm\session.py", line 1451, in commit
    self._transaction.commit(_to_root=self.future)
  File "C:\Users\kevin\Documents\Cephadex\.venv\Lib\site-packages\sqlalchemy\orm\session.py", line 829, in commit
    self._prepare_impl()
  File "C:\Users\kevin\Documents\Cephadex\.venv\Lib\site-packages\sqlalchemy\orm\session.py", line 808, in _prepare_impl
    self.session.flush()
  File "C:\Users\kevin\Documents\Cephadex\.venv\Lib\site-packages\sqlalchemy\orm\session.py", line 3444, in flush
    self._flush(objects)
  File "C:\Users\kevin\Documents\Cephadex\.venv\Lib\site-packages\sqlalchemy\orm\session.py", line 3583, in _flush
    with util.safe_reraise():
  File "C:\Users\kevin\Documents\Cephadex\.venv\Lib\site-packages\sqlalchemy\util\langhelpers.py", line 70, in __exit__
    compat.raise_(
  File "C:\Users\kevin\Documents\Cephadex\.venv\Lib\site-packages\sqlalchemy\util\compat.py", line 211, in raise_
    raise exception
  File "C:\Users\kevin\Documents\Cephadex\.venv\Lib\site-packages\sqlalchemy\orm\session.py", line 3544, in _flush
    flush_context.execute()
  File "C:\Users\kevin\Documents\Cephadex\.venv\Lib\site-packages\sqlalchemy\orm\unitofwork.py", line 456, in execute
    rec.execute(self)
  File "C:\Users\kevin\Documents\Cephadex\.venv\Lib\site-packages\sqlalchemy\orm\unitofwork.py", line 667, in execute
    util.preloaded.orm_persistence.delete_obj(
  File "C:\Users\kevin\Documents\Cephadex\.venv\Lib\site-packages\sqlalchemy\orm\persistence.py", line 343, in delete_obj
    _emit_delete_statements(
  File "C:\Users\kevin\Documents\Cephadex\.venv\Lib\site-packages\sqlalchemy\orm\persistence.py", line 1468, in _emit_delete_statements
    c = connection._execute_20(
        ^^^^^^^^^^^^^^^^^^^^^^^
  File "C:\Users\kevin\Documents\Cephadex\.venv\Lib\site-packages\sqlalchemy\engine\base.py", line 1705, in _execute_20
    return meth(self, args_10style, kwargs_10style, execution_options)
           ^^^^^^^^^^^^^^^^^^^^^^^^^^^^^^^^^^^^^^^^^^^^^^^^^^^^^^^^^^^
  File "C:\Users\kevin\Documents\Cephadex\.venv\Lib\site-packages\sqlalchemy\sql\elements.py", line 334, in _execute_on_connection
    return connection._execute_clauseelement(
           ^^^^^^^^^^^^^^^^^^^^^^^^^^^^^^^^^^
  File "C:\Users\kevin\Documents\Cephadex\.venv\Lib\site-packages\sqlalchemy\engine\base.py", line 1572, in _execute_clauseelement
    ret = self._execute_context(
          ^^^^^^^^^^^^^^^^^^^^^^
  File "C:\Users\kevin\Documents\Cephadex\.venv\Lib\site-packages\sqlalchemy\engine\base.py", line 1943, in _execute_context
    self._handle_dbapi_exception(
  File "C:\Users\kevin\Documents\Cephadex\.venv\Lib\site-packages\sqlalchemy\engine\base.py", line 2124, in _handle_dbapi_exception
    util.raise_(
  File "C:\Users\kevin\Documents\Cephadex\.venv\Lib\site-packages\sqlalchemy\util\compat.py", line 211, in raise_
    raise exception
  File "C:\Users\kevin\Documents\Cephadex\.venv\Lib\site-packages\sqlalchemy\engine\base.py", line 1900, in _execute_context
    self.dialect.do_execute(
  File "C:\Users\kevin\Documents\Cephadex\.venv\Lib\site-packages\sqlalchemy\engine\default.py", line 736, in do_execute
    cursor.execute(statement, parameters)
  File "C:\Users\kevin\Documents\Cephadex\.venv\Lib\site-packages\mysql\connector\cursor_cext.py", line 330, in execute
    result = self._cnx.cmd_query(
             ^^^^^^^^^^^^^^^^^^^^
  File "C:\Users\kevin\Documents\Cephadex\.venv\Lib\site-packages\mysql\connector\connection_cext.py", line 616, in cmd_query
    raise get_mysql_exception(
sqlalchemy.exc.IntegrityError: (mysql.connector.errors.IntegrityError) 1451 (23000): Cannot delete or update a parent row: a foreign key constraint fails (`mysqldb1`.`game`, CONSTRAINT `game_ibfk_3` FOREIGN KEY (`deck_id`) REFERENCES `deck` (`id`))
[SQL: DELETE FROM deck WHERE deck.id = %(id)s]
[parameters: {'id': 54}]
(Background on this error at: https://sqlalche.me/e/14/gkpj)
2023-08-26 16:28:02,070 - flask_app - ERROR - Exception occurred in function delete. Extra info: No extra info provided.
Traceback (most recent call last):
  File "C:\Users\kevin\Documents\Cephadex\.venv\Lib\site-packages\mysql\connector\connection_cext.py", line 608, in cmd_query
    self._cmysql.query(
_mysql_connector.MySQLInterfaceError: Cannot delete or update a parent row: a foreign key constraint fails (`mysqldb1`.`game`, CONSTRAINT `game_ibfk_3` FOREIGN KEY (`deck_id`) REFERENCES `deck` (`id`))

The above exception was the direct cause of the following exception:

Traceback (most recent call last):
  File "C:\Users\kevin\Documents\Cephadex\.venv\Lib\site-packages\sqlalchemy\engine\base.py", line 1900, in _execute_context
    self.dialect.do_execute(
  File "C:\Users\kevin\Documents\Cephadex\.venv\Lib\site-packages\sqlalchemy\engine\default.py", line 736, in do_execute
    cursor.execute(statement, parameters)
  File "C:\Users\kevin\Documents\Cephadex\.venv\Lib\site-packages\mysql\connector\cursor_cext.py", line 330, in execute
    result = self._cnx.cmd_query(
             ^^^^^^^^^^^^^^^^^^^^
  File "C:\Users\kevin\Documents\Cephadex\.venv\Lib\site-packages\mysql\connector\connection_cext.py", line 616, in cmd_query
    raise get_mysql_exception(
mysql.connector.errors.IntegrityError: 1451 (23000): Cannot delete or update a parent row: a foreign key constraint fails (`mysqldb1`.`game`, CONSTRAINT `game_ibfk_3` FOREIGN KEY (`deck_id`) REFERENCES `deck` (`id`))

The above exception was the direct cause of the following exception:

Traceback (most recent call last):
  File "C:\Users\kevin\Documents\Cephadex\cards\models\helpers\log_decorators.py", line 17, in wrapper
    result = f(*args, **kwargs)
             ^^^^^^^^^^^^^^^^^^
  File "C:\Users\kevin\Documents\Cephadex\cards\views\deck_bp.py", line 109, in delete
    db.session.commit()
  File "<string>", line 2, in commit
  File "C:\Users\kevin\Documents\Cephadex\.venv\Lib\site-packages\sqlalchemy\orm\session.py", line 1451, in commit
    self._transaction.commit(_to_root=self.future)
  File "C:\Users\kevin\Documents\Cephadex\.venv\Lib\site-packages\sqlalchemy\orm\session.py", line 829, in commit
    self._prepare_impl()
  File "C:\Users\kevin\Documents\Cephadex\.venv\Lib\site-packages\sqlalchemy\orm\session.py", line 808, in _prepare_impl
    self.session.flush()
  File "C:\Users\kevin\Documents\Cephadex\.venv\Lib\site-packages\sqlalchemy\orm\session.py", line 3444, in flush
    self._flush(objects)
  File "C:\Users\kevin\Documents\Cephadex\.venv\Lib\site-packages\sqlalchemy\orm\session.py", line 3583, in _flush
    with util.safe_reraise():
  File "C:\Users\kevin\Documents\Cephadex\.venv\Lib\site-packages\sqlalchemy\util\langhelpers.py", line 70, in __exit__
    compat.raise_(
  File "C:\Users\kevin\Documents\Cephadex\.venv\Lib\site-packages\sqlalchemy\util\compat.py", line 211, in raise_
    raise exception
  File "C:\Users\kevin\Documents\Cephadex\.venv\Lib\site-packages\sqlalchemy\orm\session.py", line 3544, in _flush
    flush_context.execute()
  File "C:\Users\kevin\Documents\Cephadex\.venv\Lib\site-packages\sqlalchemy\orm\unitofwork.py", line 456, in execute
    rec.execute(self)
  File "C:\Users\kevin\Documents\Cephadex\.venv\Lib\site-packages\sqlalchemy\orm\unitofwork.py", line 667, in execute
    util.preloaded.orm_persistence.delete_obj(
  File "C:\Users\kevin\Documents\Cephadex\.venv\Lib\site-packages\sqlalchemy\orm\persistence.py", line 343, in delete_obj
    _emit_delete_statements(
  File "C:\Users\kevin\Documents\Cephadex\.venv\Lib\site-packages\sqlalchemy\orm\persistence.py", line 1468, in _emit_delete_statements
    c = connection._execute_20(
        ^^^^^^^^^^^^^^^^^^^^^^^
  File "C:\Users\kevin\Documents\Cephadex\.venv\Lib\site-packages\sqlalchemy\engine\base.py", line 1705, in _execute_20
    return meth(self, args_10style, kwargs_10style, execution_options)
           ^^^^^^^^^^^^^^^^^^^^^^^^^^^^^^^^^^^^^^^^^^^^^^^^^^^^^^^^^^^
  File "C:\Users\kevin\Documents\Cephadex\.venv\Lib\site-packages\sqlalchemy\sql\elements.py", line 334, in _execute_on_connection
    return connection._execute_clauseelement(
           ^^^^^^^^^^^^^^^^^^^^^^^^^^^^^^^^^^
  File "C:\Users\kevin\Documents\Cephadex\.venv\Lib\site-packages\sqlalchemy\engine\base.py", line 1572, in _execute_clauseelement
    ret = self._execute_context(
          ^^^^^^^^^^^^^^^^^^^^^^
  File "C:\Users\kevin\Documents\Cephadex\.venv\Lib\site-packages\sqlalchemy\engine\base.py", line 1943, in _execute_context
    self._handle_dbapi_exception(
  File "C:\Users\kevin\Documents\Cephadex\.venv\Lib\site-packages\sqlalchemy\engine\base.py", line 2124, in _handle_dbapi_exception
    util.raise_(
  File "C:\Users\kevin\Documents\Cephadex\.venv\Lib\site-packages\sqlalchemy\util\compat.py", line 211, in raise_
    raise exception
  File "C:\Users\kevin\Documents\Cephadex\.venv\Lib\site-packages\sqlalchemy\engine\base.py", line 1900, in _execute_context
    self.dialect.do_execute(
  File "C:\Users\kevin\Documents\Cephadex\.venv\Lib\site-packages\sqlalchemy\engine\default.py", line 736, in do_execute
    cursor.execute(statement, parameters)
  File "C:\Users\kevin\Documents\Cephadex\.venv\Lib\site-packages\mysql\connector\cursor_cext.py", line 330, in execute
    result = self._cnx.cmd_query(
             ^^^^^^^^^^^^^^^^^^^^
  File "C:\Users\kevin\Documents\Cephadex\.venv\Lib\site-packages\mysql\connector\connection_cext.py", line 616, in cmd_query
    raise get_mysql_exception(
sqlalchemy.exc.IntegrityError: (mysql.connector.errors.IntegrityError) 1451 (23000): Cannot delete or update a parent row: a foreign key constraint fails (`mysqldb1`.`game`, CONSTRAINT `game_ibfk_3` FOREIGN KEY (`deck_id`) REFERENCES `deck` (`id`))
[SQL: DELETE FROM deck WHERE deck.id = %(id)s]
[parameters: {'id': 54}]
(Background on this error at: https://sqlalche.me/e/14/gkpj)
2023-08-26 16:30:35,030 - flask_app - ERROR - Exception occurred in function delete. Extra info: No extra info provided.
Traceback (most recent call last):
  File "C:\Users\kevin\Documents\Cephadex\.venv\Lib\site-packages\mysql\connector\connection_cext.py", line 608, in cmd_query
    self._cmysql.query(
_mysql_connector.MySQLInterfaceError: Cannot delete or update a parent row: a foreign key constraint fails (`mysqldb1`.`game`, CONSTRAINT `game_ibfk_3` FOREIGN KEY (`deck_id`) REFERENCES `deck` (`id`))

The above exception was the direct cause of the following exception:

Traceback (most recent call last):
  File "C:\Users\kevin\Documents\Cephadex\.venv\Lib\site-packages\sqlalchemy\engine\base.py", line 1900, in _execute_context
    self.dialect.do_execute(
  File "C:\Users\kevin\Documents\Cephadex\.venv\Lib\site-packages\sqlalchemy\engine\default.py", line 736, in do_execute
    cursor.execute(statement, parameters)
  File "C:\Users\kevin\Documents\Cephadex\.venv\Lib\site-packages\mysql\connector\cursor_cext.py", line 330, in execute
    result = self._cnx.cmd_query(
             ^^^^^^^^^^^^^^^^^^^^
  File "C:\Users\kevin\Documents\Cephadex\.venv\Lib\site-packages\mysql\connector\connection_cext.py", line 616, in cmd_query
    raise get_mysql_exception(
mysql.connector.errors.IntegrityError: 1451 (23000): Cannot delete or update a parent row: a foreign key constraint fails (`mysqldb1`.`game`, CONSTRAINT `game_ibfk_3` FOREIGN KEY (`deck_id`) REFERENCES `deck` (`id`))

The above exception was the direct cause of the following exception:

Traceback (most recent call last):
  File "C:\Users\kevin\Documents\Cephadex\cards\models\helpers\log_decorators.py", line 17, in wrapper
    result = f(*args, **kwargs)
             ^^^^^^^^^^^^^^^^^^
  File "C:\Users\kevin\Documents\Cephadex\cards\views\deck_bp.py", line 109, in delete
    db.session.commit()
  File "<string>", line 2, in commit
  File "C:\Users\kevin\Documents\Cephadex\.venv\Lib\site-packages\sqlalchemy\orm\session.py", line 1451, in commit
    self._transaction.commit(_to_root=self.future)
  File "C:\Users\kevin\Documents\Cephadex\.venv\Lib\site-packages\sqlalchemy\orm\session.py", line 829, in commit
    self._prepare_impl()
  File "C:\Users\kevin\Documents\Cephadex\.venv\Lib\site-packages\sqlalchemy\orm\session.py", line 808, in _prepare_impl
    self.session.flush()
  File "C:\Users\kevin\Documents\Cephadex\.venv\Lib\site-packages\sqlalchemy\orm\session.py", line 3444, in flush
    self._flush(objects)
  File "C:\Users\kevin\Documents\Cephadex\.venv\Lib\site-packages\sqlalchemy\orm\session.py", line 3583, in _flush
    with util.safe_reraise():
  File "C:\Users\kevin\Documents\Cephadex\.venv\Lib\site-packages\sqlalchemy\util\langhelpers.py", line 70, in __exit__
    compat.raise_(
  File "C:\Users\kevin\Documents\Cephadex\.venv\Lib\site-packages\sqlalchemy\util\compat.py", line 211, in raise_
    raise exception
  File "C:\Users\kevin\Documents\Cephadex\.venv\Lib\site-packages\sqlalchemy\orm\session.py", line 3544, in _flush
    flush_context.execute()
  File "C:\Users\kevin\Documents\Cephadex\.venv\Lib\site-packages\sqlalchemy\orm\unitofwork.py", line 456, in execute
    rec.execute(self)
  File "C:\Users\kevin\Documents\Cephadex\.venv\Lib\site-packages\sqlalchemy\orm\unitofwork.py", line 667, in execute
    util.preloaded.orm_persistence.delete_obj(
  File "C:\Users\kevin\Documents\Cephadex\.venv\Lib\site-packages\sqlalchemy\orm\persistence.py", line 343, in delete_obj
    _emit_delete_statements(
  File "C:\Users\kevin\Documents\Cephadex\.venv\Lib\site-packages\sqlalchemy\orm\persistence.py", line 1468, in _emit_delete_statements
    c = connection._execute_20(
        ^^^^^^^^^^^^^^^^^^^^^^^
  File "C:\Users\kevin\Documents\Cephadex\.venv\Lib\site-packages\sqlalchemy\engine\base.py", line 1705, in _execute_20
    return meth(self, args_10style, kwargs_10style, execution_options)
           ^^^^^^^^^^^^^^^^^^^^^^^^^^^^^^^^^^^^^^^^^^^^^^^^^^^^^^^^^^^
  File "C:\Users\kevin\Documents\Cephadex\.venv\Lib\site-packages\sqlalchemy\sql\elements.py", line 334, in _execute_on_connection
    return connection._execute_clauseelement(
           ^^^^^^^^^^^^^^^^^^^^^^^^^^^^^^^^^^
  File "C:\Users\kevin\Documents\Cephadex\.venv\Lib\site-packages\sqlalchemy\engine\base.py", line 1572, in _execute_clauseelement
    ret = self._execute_context(
          ^^^^^^^^^^^^^^^^^^^^^^
  File "C:\Users\kevin\Documents\Cephadex\.venv\Lib\site-packages\sqlalchemy\engine\base.py", line 1943, in _execute_context
    self._handle_dbapi_exception(
  File "C:\Users\kevin\Documents\Cephadex\.venv\Lib\site-packages\sqlalchemy\engine\base.py", line 2124, in _handle_dbapi_exception
    util.raise_(
  File "C:\Users\kevin\Documents\Cephadex\.venv\Lib\site-packages\sqlalchemy\util\compat.py", line 211, in raise_
    raise exception
  File "C:\Users\kevin\Documents\Cephadex\.venv\Lib\site-packages\sqlalchemy\engine\base.py", line 1900, in _execute_context
    self.dialect.do_execute(
  File "C:\Users\kevin\Documents\Cephadex\.venv\Lib\site-packages\sqlalchemy\engine\default.py", line 736, in do_execute
    cursor.execute(statement, parameters)
  File "C:\Users\kevin\Documents\Cephadex\.venv\Lib\site-packages\mysql\connector\cursor_cext.py", line 330, in execute
    result = self._cnx.cmd_query(
             ^^^^^^^^^^^^^^^^^^^^
  File "C:\Users\kevin\Documents\Cephadex\.venv\Lib\site-packages\mysql\connector\connection_cext.py", line 616, in cmd_query
    raise get_mysql_exception(
sqlalchemy.exc.IntegrityError: (mysql.connector.errors.IntegrityError) 1451 (23000): Cannot delete or update a parent row: a foreign key constraint fails (`mysqldb1`.`game`, CONSTRAINT `game_ibfk_3` FOREIGN KEY (`deck_id`) REFERENCES `deck` (`id`))
[SQL: DELETE FROM deck WHERE deck.id = %(id)s]
[parameters: {'id': 54}]
(Background on this error at: https://sqlalche.me/e/14/gkpj)
2023-08-26 16:32:15,644 - flask_app - ERROR - Exception occurred in function delete. Extra info: No extra info provided.
Traceback (most recent call last):
  File "C:\Users\kevin\Documents\Cephadex\cards\models\helpers\log_decorators.py", line 17, in wrapper
    result = f(*args, **kwargs)
             ^^^^^^^^^^^^^^^^^^
  File "C:\Users\kevin\Documents\Cephadex\cards\views\deck_bp.py", line 112, in delete
    db.session.commit()
  File "<string>", line 2, in commit
  File "C:\Users\kevin\Documents\Cephadex\.venv\Lib\site-packages\sqlalchemy\orm\session.py", line 1451, in commit
    self._transaction.commit(_to_root=self.future)
  File "C:\Users\kevin\Documents\Cephadex\.venv\Lib\site-packages\sqlalchemy\orm\session.py", line 829, in commit
    self._prepare_impl()
  File "C:\Users\kevin\Documents\Cephadex\.venv\Lib\site-packages\sqlalchemy\orm\session.py", line 808, in _prepare_impl
    self.session.flush()
  File "C:\Users\kevin\Documents\Cephadex\.venv\Lib\site-packages\sqlalchemy\orm\session.py", line 3444, in flush
    self._flush(objects)
  File "C:\Users\kevin\Documents\Cephadex\.venv\Lib\site-packages\sqlalchemy\orm\session.py", line 3583, in _flush
    with util.safe_reraise():
  File "C:\Users\kevin\Documents\Cephadex\.venv\Lib\site-packages\sqlalchemy\util\langhelpers.py", line 70, in __exit__
    compat.raise_(
  File "C:\Users\kevin\Documents\Cephadex\.venv\Lib\site-packages\sqlalchemy\util\compat.py", line 211, in raise_
    raise exception
  File "C:\Users\kevin\Documents\Cephadex\.venv\Lib\site-packages\sqlalchemy\orm\session.py", line 3544, in _flush
    flush_context.execute()
  File "C:\Users\kevin\Documents\Cephadex\.venv\Lib\site-packages\sqlalchemy\orm\unitofwork.py", line 456, in execute
    rec.execute(self)
  File "C:\Users\kevin\Documents\Cephadex\.venv\Lib\site-packages\sqlalchemy\orm\unitofwork.py", line 577, in execute
    self.dependency_processor.process_deletes(uow, states)
  File "C:\Users\kevin\Documents\Cephadex\.venv\Lib\site-packages\sqlalchemy\orm\dependency.py", line 552, in process_deletes
    self._synchronize(
  File "C:\Users\kevin\Documents\Cephadex\.venv\Lib\site-packages\sqlalchemy\orm\dependency.py", line 610, in _synchronize
    sync.clear(dest, self.mapper, self.prop.synchronize_pairs)
  File "C:\Users\kevin\Documents\Cephadex\.venv\Lib\site-packages\sqlalchemy\orm\sync.py", line 86, in clear
    raise AssertionError(
AssertionError: Dependency rule tried to blank-out primary key column 'player_game.game_id' on instance '<PlayerGame at 0x1d8eb236850>'
2023-08-26 16:34:49,339 - flask_app - ERROR - Exception occurred in function delete. Extra info: No extra info provided.
Traceback (most recent call last):
  File "C:\Users\kevin\Documents\Cephadex\cards\models\helpers\log_decorators.py", line 17, in wrapper
    result = f(*args, **kwargs)
             ^^^^^^^^^^^^^^^^^^
  File "C:\Users\kevin\Documents\Cephadex\cards\views\deck_bp.py", line 112, in delete
    db.session.commit()
  File "<string>", line 2, in commit
  File "C:\Users\kevin\Documents\Cephadex\.venv\Lib\site-packages\sqlalchemy\orm\session.py", line 1451, in commit
    self._transaction.commit(_to_root=self.future)
  File "C:\Users\kevin\Documents\Cephadex\.venv\Lib\site-packages\sqlalchemy\orm\session.py", line 829, in commit
    self._prepare_impl()
  File "C:\Users\kevin\Documents\Cephadex\.venv\Lib\site-packages\sqlalchemy\orm\session.py", line 808, in _prepare_impl
    self.session.flush()
  File "C:\Users\kevin\Documents\Cephadex\.venv\Lib\site-packages\sqlalchemy\orm\session.py", line 3444, in flush
    self._flush(objects)
  File "C:\Users\kevin\Documents\Cephadex\.venv\Lib\site-packages\sqlalchemy\orm\session.py", line 3583, in _flush
    with util.safe_reraise():
  File "C:\Users\kevin\Documents\Cephadex\.venv\Lib\site-packages\sqlalchemy\util\langhelpers.py", line 70, in __exit__
    compat.raise_(
  File "C:\Users\kevin\Documents\Cephadex\.venv\Lib\site-packages\sqlalchemy\util\compat.py", line 211, in raise_
    raise exception
  File "C:\Users\kevin\Documents\Cephadex\.venv\Lib\site-packages\sqlalchemy\orm\session.py", line 3544, in _flush
    flush_context.execute()
  File "C:\Users\kevin\Documents\Cephadex\.venv\Lib\site-packages\sqlalchemy\orm\unitofwork.py", line 456, in execute
    rec.execute(self)
  File "C:\Users\kevin\Documents\Cephadex\.venv\Lib\site-packages\sqlalchemy\orm\unitofwork.py", line 577, in execute
    self.dependency_processor.process_deletes(uow, states)
  File "C:\Users\kevin\Documents\Cephadex\.venv\Lib\site-packages\sqlalchemy\orm\dependency.py", line 552, in process_deletes
    self._synchronize(
  File "C:\Users\kevin\Documents\Cephadex\.venv\Lib\site-packages\sqlalchemy\orm\dependency.py", line 610, in _synchronize
    sync.clear(dest, self.mapper, self.prop.synchronize_pairs)
  File "C:\Users\kevin\Documents\Cephadex\.venv\Lib\site-packages\sqlalchemy\orm\sync.py", line 86, in clear
    raise AssertionError(
AssertionError: Dependency rule tried to blank-out primary key column 'player_game.game_id' on instance '<PlayerGame at 0x1c5091a03d0>'
2023-09-01 14:38:21,936 - flask_app - ERROR - Exception occurred in function call_credit_counter. Extra info: No extra info provided.
Traceback (most recent call last):
  File "C:\Users\kevin\Documents\Cephadex\cards\models\extractors\extractor.py", line 461, in extract_from_youtube
    transcripts = YouTubeTranscriptApi.list_transcripts(youtube_url)
                  ^^^^^^^^^^^^^^^^^^^^^^^^^^^^^^^^^^^^^^^^^^^^^^^^^^
  File "C:\Users\kevin\Documents\Cephadex\.venv\Lib\site-packages\youtube_transcript_api\_api.py", line 71, in list_transcripts
    return TranscriptListFetcher(http_client).fetch(video_id)
           ^^^^^^^^^^^^^^^^^^^^^^^^^^^^^^^^^^^^^^^^^^^^^^^^^^
  File "C:\Users\kevin\Documents\Cephadex\.venv\Lib\site-packages\youtube_transcript_api\_transcripts.py", line 47, in fetch
    self._extract_captions_json(self._fetch_video_html(video_id), video_id)
  File "C:\Users\kevin\Documents\Cephadex\.venv\Lib\site-packages\youtube_transcript_api\_transcripts.py", line 59, in _extract_captions_json
    raise TranscriptsDisabled(video_id)
youtube_transcript_api._errors.TranscriptsDisabled: 
Could not retrieve a transcript for the video https://www.youtube.com/watch?v=None! This is most likely caused by:

Subtitles are disabled for this video

If you are sure that the described cause is not responsible for this error and that a transcript should be retrievable, please create an issue at https://github.com/jdepoix/youtube-transcript-api/issues. Please add which version of youtube_transcript_api you are using and provide the information needed to replicate the error. Also make sure that there are no open issues which already describe your problem!

The above exception was the direct cause of the following exception:

Traceback (most recent call last):
  File "C:\Users\kevin\Documents\Cephadex\cards\models\extractors\extractor.py", line 423, in extract_from_url
    text = extract_from_youtube(link)
           ^^^^^^^^^^^^^^^^^^^^^^^^^^
  File "C:\Users\kevin\Documents\Cephadex\cards\models\extractors\extractor.py", line 487, in extract_from_youtube
    raise YoutubeError(f"Failed to extract data: {e}") from e
models.exceptions.exceptions.YoutubeError: Failed to extract data: 
Could not retrieve a transcript for the video https://www.youtube.com/watch?v=None! This is most likely caused by:

Subtitles are disabled for this video

If you are sure that the described cause is not responsible for this error and that a transcript should be retrievable, please create an issue at https://github.com/jdepoix/youtube-transcript-api/issues. Please add which version of youtube_transcript_api you are using and provide the information needed to replicate the error. Also make sure that there are no open issues which already describe your problem!

The above exception was the direct cause of the following exception:

Traceback (most recent call last):
  File "C:\Users\kevin\Documents\Cephadex\cards\models\helpers\log_decorators.py", line 17, in wrapper
    result = f(*args, **kwargs)
             ^^^^^^^^^^^^^^^^^^
  File "C:\Users\kevin\Documents\Cephadex\cards\views\extract_bp.py", line 94, in call_credit_counter
    raise e
  File "C:\Users\kevin\Documents\Cephadex\cards\views\extract_bp.py", line 82, in call_credit_counter
    credit = round(tokens_to_credit(tokens_general(form)), 1)
                                    ^^^^^^^^^^^^^^^^^^^^
  File "C:\Users\kevin\Documents\Cephadex\cards\models\extractors\extractor.py", line 307, in tokens_general
    text, link_type = extract_from_url(form.link_input.data)
                      ^^^^^^^^^^^^^^^^^^^^^^^^^^^^^^^^^^^^^^
  File "C:\Users\kevin\Documents\Cephadex\cards\models\extractors\extractor.py", line 432, in extract_from_url
    raise ExtractionError(f"Failed to extract data: {e}") from e
models.exceptions.exceptions.ExtractionError: Failed to extract data: Failed to extract data: 
Could not retrieve a transcript for the video https://www.youtube.com/watch?v=None! This is most likely caused by:

Subtitles are disabled for this video

If you are sure that the described cause is not responsible for this error and that a transcript should be retrievable, please create an issue at https://github.com/jdepoix/youtube-transcript-api/issues. Please add which version of youtube_transcript_api you are using and provide the information needed to replicate the error. Also make sure that there are no open issues which already describe your problem!
2023-09-01 14:38:22,223 - flask_app - ERROR - Failed to extract data: Failed to extract data: 
Could not retrieve a transcript for the video https://www.youtube.com/watch?v=None! This is most likely caused by:

Subtitles are disabled for this video

If you are sure that the described cause is not responsible for this error and that a transcript should be retrievable, please create an issue at https://github.com/jdepoix/youtube-transcript-api/issues. Please add which version of youtube_transcript_api you are using and provide the information needed to replicate the error. Also make sure that there are no open issues which already describe your problem!
2023-09-01 14:38:22,233 - flask_app - ERROR - Exception occurred in function extract. Extra info: No extra info provided.
Traceback (most recent call last):
  File "C:\Users\kevin\Documents\Cephadex\cards\models\extractors\extractor.py", line 461, in extract_from_youtube
    transcripts = YouTubeTranscriptApi.list_transcripts(youtube_url)
                  ^^^^^^^^^^^^^^^^^^^^^^^^^^^^^^^^^^^^^^^^^^^^^^^^^^
  File "C:\Users\kevin\Documents\Cephadex\.venv\Lib\site-packages\youtube_transcript_api\_api.py", line 71, in list_transcripts
    return TranscriptListFetcher(http_client).fetch(video_id)
           ^^^^^^^^^^^^^^^^^^^^^^^^^^^^^^^^^^^^^^^^^^^^^^^^^^
  File "C:\Users\kevin\Documents\Cephadex\.venv\Lib\site-packages\youtube_transcript_api\_transcripts.py", line 47, in fetch
    self._extract_captions_json(self._fetch_video_html(video_id), video_id)
  File "C:\Users\kevin\Documents\Cephadex\.venv\Lib\site-packages\youtube_transcript_api\_transcripts.py", line 59, in _extract_captions_json
    raise TranscriptsDisabled(video_id)
youtube_transcript_api._errors.TranscriptsDisabled: 
Could not retrieve a transcript for the video https://www.youtube.com/watch?v=None! This is most likely caused by:

Subtitles are disabled for this video

If you are sure that the described cause is not responsible for this error and that a transcript should be retrievable, please create an issue at https://github.com/jdepoix/youtube-transcript-api/issues. Please add which version of youtube_transcript_api you are using and provide the information needed to replicate the error. Also make sure that there are no open issues which already describe your problem!

The above exception was the direct cause of the following exception:

Traceback (most recent call last):
  File "C:\Users\kevin\Documents\Cephadex\cards\models\extractors\extractor.py", line 423, in extract_from_url
    text = extract_from_youtube(link)
           ^^^^^^^^^^^^^^^^^^^^^^^^^^
  File "C:\Users\kevin\Documents\Cephadex\cards\models\extractors\extractor.py", line 487, in extract_from_youtube
    raise YoutubeError(f"Failed to extract data: {e}") from e
models.exceptions.exceptions.YoutubeError: Failed to extract data: 
Could not retrieve a transcript for the video https://www.youtube.com/watch?v=None! This is most likely caused by:

Subtitles are disabled for this video

If you are sure that the described cause is not responsible for this error and that a transcript should be retrievable, please create an issue at https://github.com/jdepoix/youtube-transcript-api/issues. Please add which version of youtube_transcript_api you are using and provide the information needed to replicate the error. Also make sure that there are no open issues which already describe your problem!

The above exception was the direct cause of the following exception:

Traceback (most recent call last):
  File "C:\Users\kevin\Documents\Cephadex\cards\models\helpers\log_decorators.py", line 17, in wrapper
    result = f(*args, **kwargs)
             ^^^^^^^^^^^^^^^^^^
  File "C:\Users\kevin\Documents\Cephadex\cards\views\extract_bp.py", line 70, in extract
    raise e
  File "C:\Users\kevin\Documents\Cephadex\cards\views\extract_bp.py", line 43, in extract
    extract_obj.get_content()
  File "C:\Users\kevin\Documents\Cephadex\cards\models\extractors\extractor.py", line 165, in get_content
    self.text, self.type = extract_from_url(self.link_data)
                           ^^^^^^^^^^^^^^^^^^^^^^^^^^^^^^^^
  File "C:\Users\kevin\Documents\Cephadex\cards\models\extractors\extractor.py", line 432, in extract_from_url
    raise ExtractionError(f"Failed to extract data: {e}") from e
models.exceptions.exceptions.ExtractionError: Failed to extract data: Failed to extract data: 
Could not retrieve a transcript for the video https://www.youtube.com/watch?v=None! This is most likely caused by:

Subtitles are disabled for this video

If you are sure that the described cause is not responsible for this error and that a transcript should be retrievable, please create an issue at https://github.com/jdepoix/youtube-transcript-api/issues. Please add which version of youtube_transcript_api you are using and provide the information needed to replicate the error. Also make sure that there are no open issues which already describe your problem!
2023-09-01 14:39:50,702 - flask_app - ERROR - Failed to extract data: Failed to extract data: 
Could not retrieve a transcript for the video https://www.youtube.com/watch?v=None! This is most likely caused by:

Subtitles are disabled for this video

If you are sure that the described cause is not responsible for this error and that a transcript should be retrievable, please create an issue at https://github.com/jdepoix/youtube-transcript-api/issues. Please add which version of youtube_transcript_api you are using and provide the information needed to replicate the error. Also make sure that there are no open issues which already describe your problem!
2023-09-01 14:39:50,708 - flask_app - ERROR - Exception occurred in function extract. Extra info: No extra info provided.
Traceback (most recent call last):
  File "C:\Users\kevin\Documents\Cephadex\cards\models\extractors\extractor.py", line 461, in extract_from_youtube
    transcripts = YouTubeTranscriptApi.list_transcripts(youtube_url)
                  ^^^^^^^^^^^^^^^^^^^^^^^^^^^^^^^^^^^^^^^^^^^^^^^^^^
  File "C:\Users\kevin\Documents\Cephadex\.venv\Lib\site-packages\youtube_transcript_api\_api.py", line 71, in list_transcripts
    return TranscriptListFetcher(http_client).fetch(video_id)
           ^^^^^^^^^^^^^^^^^^^^^^^^^^^^^^^^^^^^^^^^^^^^^^^^^^
  File "C:\Users\kevin\Documents\Cephadex\.venv\Lib\site-packages\youtube_transcript_api\_transcripts.py", line 47, in fetch
    self._extract_captions_json(self._fetch_video_html(video_id), video_id)
  File "C:\Users\kevin\Documents\Cephadex\.venv\Lib\site-packages\youtube_transcript_api\_transcripts.py", line 59, in _extract_captions_json
    raise TranscriptsDisabled(video_id)
youtube_transcript_api._errors.TranscriptsDisabled: 
Could not retrieve a transcript for the video https://www.youtube.com/watch?v=None! This is most likely caused by:

Subtitles are disabled for this video

If you are sure that the described cause is not responsible for this error and that a transcript should be retrievable, please create an issue at https://github.com/jdepoix/youtube-transcript-api/issues. Please add which version of youtube_transcript_api you are using and provide the information needed to replicate the error. Also make sure that there are no open issues which already describe your problem!

The above exception was the direct cause of the following exception:

Traceback (most recent call last):
  File "C:\Users\kevin\Documents\Cephadex\cards\models\extractors\extractor.py", line 423, in extract_from_url
    text = extract_from_youtube(link)
           ^^^^^^^^^^^^^^^^^^^^^^^^^^
  File "C:\Users\kevin\Documents\Cephadex\cards\models\extractors\extractor.py", line 487, in extract_from_youtube
    raise YoutubeError(f"Failed to extract data: {e}") from e
models.exceptions.exceptions.YoutubeError: Failed to extract data: 
Could not retrieve a transcript for the video https://www.youtube.com/watch?v=None! This is most likely caused by:

Subtitles are disabled for this video

If you are sure that the described cause is not responsible for this error and that a transcript should be retrievable, please create an issue at https://github.com/jdepoix/youtube-transcript-api/issues. Please add which version of youtube_transcript_api you are using and provide the information needed to replicate the error. Also make sure that there are no open issues which already describe your problem!

The above exception was the direct cause of the following exception:

Traceback (most recent call last):
  File "C:\Users\kevin\Documents\Cephadex\cards\models\helpers\log_decorators.py", line 17, in wrapper
    result = f(*args, **kwargs)
             ^^^^^^^^^^^^^^^^^^
  File "C:\Users\kevin\Documents\Cephadex\cards\views\extract_bp.py", line 70, in extract
    raise e
  File "C:\Users\kevin\Documents\Cephadex\cards\views\extract_bp.py", line 43, in extract
    extract_obj.get_content()
  File "C:\Users\kevin\Documents\Cephadex\cards\models\extractors\extractor.py", line 165, in get_content
    self.text, self.type = extract_from_url(self.link_data)
                           ^^^^^^^^^^^^^^^^^^^^^^^^^^^^^^^^
  File "C:\Users\kevin\Documents\Cephadex\cards\models\extractors\extractor.py", line 432, in extract_from_url
    raise ExtractionError(f"Failed to extract data: {e}") from e
models.exceptions.exceptions.ExtractionError: Failed to extract data: Failed to extract data: 
Could not retrieve a transcript for the video https://www.youtube.com/watch?v=None! This is most likely caused by:

Subtitles are disabled for this video

If you are sure that the described cause is not responsible for this error and that a transcript should be retrievable, please create an issue at https://github.com/jdepoix/youtube-transcript-api/issues. Please add which version of youtube_transcript_api you are using and provide the information needed to replicate the error. Also make sure that there are no open issues which already describe your problem!
2023-09-01 14:39:50,830 - flask_app - ERROR - Exception occurred in function call_credit_counter. Extra info: No extra info provided.
Traceback (most recent call last):
  File "C:\Users\kevin\Documents\Cephadex\cards\models\extractors\extractor.py", line 461, in extract_from_youtube
    transcripts = YouTubeTranscriptApi.list_transcripts(youtube_url)
                  ^^^^^^^^^^^^^^^^^^^^^^^^^^^^^^^^^^^^^^^^^^^^^^^^^^
  File "C:\Users\kevin\Documents\Cephadex\.venv\Lib\site-packages\youtube_transcript_api\_api.py", line 71, in list_transcripts
    return TranscriptListFetcher(http_client).fetch(video_id)
           ^^^^^^^^^^^^^^^^^^^^^^^^^^^^^^^^^^^^^^^^^^^^^^^^^^
  File "C:\Users\kevin\Documents\Cephadex\.venv\Lib\site-packages\youtube_transcript_api\_transcripts.py", line 47, in fetch
    self._extract_captions_json(self._fetch_video_html(video_id), video_id)
  File "C:\Users\kevin\Documents\Cephadex\.venv\Lib\site-packages\youtube_transcript_api\_transcripts.py", line 59, in _extract_captions_json
    raise TranscriptsDisabled(video_id)
youtube_transcript_api._errors.TranscriptsDisabled: 
Could not retrieve a transcript for the video https://www.youtube.com/watch?v=None! This is most likely caused by:

Subtitles are disabled for this video

If you are sure that the described cause is not responsible for this error and that a transcript should be retrievable, please create an issue at https://github.com/jdepoix/youtube-transcript-api/issues. Please add which version of youtube_transcript_api you are using and provide the information needed to replicate the error. Also make sure that there are no open issues which already describe your problem!

The above exception was the direct cause of the following exception:

Traceback (most recent call last):
  File "C:\Users\kevin\Documents\Cephadex\cards\models\extractors\extractor.py", line 423, in extract_from_url
    text = extract_from_youtube(link)
           ^^^^^^^^^^^^^^^^^^^^^^^^^^
  File "C:\Users\kevin\Documents\Cephadex\cards\models\extractors\extractor.py", line 487, in extract_from_youtube
    raise YoutubeError(f"Failed to extract data: {e}") from e
models.exceptions.exceptions.YoutubeError: Failed to extract data: 
Could not retrieve a transcript for the video https://www.youtube.com/watch?v=None! This is most likely caused by:

Subtitles are disabled for this video

If you are sure that the described cause is not responsible for this error and that a transcript should be retrievable, please create an issue at https://github.com/jdepoix/youtube-transcript-api/issues. Please add which version of youtube_transcript_api you are using and provide the information needed to replicate the error. Also make sure that there are no open issues which already describe your problem!

The above exception was the direct cause of the following exception:

Traceback (most recent call last):
  File "C:\Users\kevin\Documents\Cephadex\cards\models\helpers\log_decorators.py", line 17, in wrapper
    result = f(*args, **kwargs)
             ^^^^^^^^^^^^^^^^^^
  File "C:\Users\kevin\Documents\Cephadex\cards\views\extract_bp.py", line 94, in call_credit_counter
    raise e
  File "C:\Users\kevin\Documents\Cephadex\cards\views\extract_bp.py", line 82, in call_credit_counter
    credit = round(tokens_to_credit(tokens_general(form)), 1)
                                    ^^^^^^^^^^^^^^^^^^^^
  File "C:\Users\kevin\Documents\Cephadex\cards\models\extractors\extractor.py", line 307, in tokens_general
    text, link_type = extract_from_url(form.link_input.data)
                      ^^^^^^^^^^^^^^^^^^^^^^^^^^^^^^^^^^^^^^
  File "C:\Users\kevin\Documents\Cephadex\cards\models\extractors\extractor.py", line 432, in extract_from_url
    raise ExtractionError(f"Failed to extract data: {e}") from e
models.exceptions.exceptions.ExtractionError: Failed to extract data: Failed to extract data: 
Could not retrieve a transcript for the video https://www.youtube.com/watch?v=None! This is most likely caused by:

Subtitles are disabled for this video

If you are sure that the described cause is not responsible for this error and that a transcript should be retrievable, please create an issue at https://github.com/jdepoix/youtube-transcript-api/issues. Please add which version of youtube_transcript_api you are using and provide the information needed to replicate the error. Also make sure that there are no open issues which already describe your problem!
2023-09-01 14:40:48,496 - flask_app - ERROR - expected string or buffer
2023-09-01 14:40:48,503 - flask_app - ERROR - Exception occurred in function extract. Extra info: No extra info provided.
Traceback (most recent call last):
  File "C:\Users\kevin\Documents\Cephadex\cards\models\helpers\log_decorators.py", line 17, in wrapper
    result = f(*args, **kwargs)
             ^^^^^^^^^^^^^^^^^^
  File "C:\Users\kevin\Documents\Cephadex\cards\views\extract_bp.py", line 70, in extract
    raise e
  File "C:\Users\kevin\Documents\Cephadex\cards\views\extract_bp.py", line 48, in extract
    extract_obj.quantity_tokens()
  File "C:\Users\kevin\Documents\Cephadex\cards\models\extractors\extractor.py", line 173, in quantity_tokens
    self.tokens = count_tokens(self.text)
                  ^^^^^^^^^^^^^^^^^^^^^^^
  File "C:\Users\kevin\Documents\Cephadex\cards\models\helpers\helpers.py", line 42, in count_tokens
    tokens = encoding.encode(text)
             ^^^^^^^^^^^^^^^^^^^^^
  File "C:\Users\kevin\Documents\Cephadex\.venv\Lib\site-packages\tiktoken\core.py", line 116, in encode
    if match := _special_token_regex(disallowed_special).search(text):
                ^^^^^^^^^^^^^^^^^^^^^^^^^^^^^^^^^^^^^^^^^^^^^^^^^^^^^
TypeError: expected string or buffer
2023-09-01 14:42:59,953 - flask_app - ERROR - Exception occurred in function call_credit_counter. Extra info: No extra info provided.
Traceback (most recent call last):
  File "C:\Users\kevin\Documents\Cephadex\cards\models\helpers\log_decorators.py", line 17, in wrapper
    result = f(*args, **kwargs)
             ^^^^^^^^^^^^^^^^^^
  File "C:\Users\kevin\Documents\Cephadex\cards\views\extract_bp.py", line 94, in call_credit_counter
    raise e
  File "C:\Users\kevin\Documents\Cephadex\cards\views\extract_bp.py", line 82, in call_credit_counter
    credit = round(tokens_to_credit(tokens_general(form)), 1)
                                    ^^^^^^^^^^^^^^^^^^^^
  File "C:\Users\kevin\Documents\Cephadex\cards\models\extractors\extractor.py", line 308, in tokens_general
    return count_tokens(text)
           ^^^^^^^^^^^^^^^^^^
  File "C:\Users\kevin\Documents\Cephadex\cards\models\helpers\helpers.py", line 42, in count_tokens
    tokens = encoding.encode(text)
             ^^^^^^^^^^^^^^^^^^^^^
  File "C:\Users\kevin\Documents\Cephadex\.venv\Lib\site-packages\tiktoken\core.py", line 116, in encode
    if match := _special_token_regex(disallowed_special).search(text):
                ^^^^^^^^^^^^^^^^^^^^^^^^^^^^^^^^^^^^^^^^^^^^^^^^^^^^^
TypeError: expected string or buffer
2023-09-01 14:43:07,621 - flask_app - ERROR - Exception occurred in function call_credit_counter. Extra info: No extra info provided.
Traceback (most recent call last):
  File "C:\Users\kevin\Documents\Cephadex\cards\models\helpers\log_decorators.py", line 17, in wrapper
    result = f(*args, **kwargs)
             ^^^^^^^^^^^^^^^^^^
  File "C:\Users\kevin\Documents\Cephadex\cards\views\extract_bp.py", line 94, in call_credit_counter
    raise e
  File "C:\Users\kevin\Documents\Cephadex\cards\views\extract_bp.py", line 82, in call_credit_counter
    credit = round(tokens_to_credit(tokens_general(form)), 1)
                                    ^^^^^^^^^^^^^^^^^^^^
  File "C:\Users\kevin\Documents\Cephadex\cards\models\extractors\extractor.py", line 308, in tokens_general
    return count_tokens(text)
           ^^^^^^^^^^^^^^^^^^
  File "C:\Users\kevin\Documents\Cephadex\cards\models\helpers\helpers.py", line 42, in count_tokens
    tokens = encoding.encode(text)
             ^^^^^^^^^^^^^^^^^^^^^
  File "C:\Users\kevin\Documents\Cephadex\.venv\Lib\site-packages\tiktoken\core.py", line 116, in encode
    if match := _special_token_regex(disallowed_special).search(text):
                ^^^^^^^^^^^^^^^^^^^^^^^^^^^^^^^^^^^^^^^^^^^^^^^^^^^^^
TypeError: expected string or buffer
2023-09-01 14:48:36,462 - flask_app - ERROR - Exception occurred in function call_credit_counter. Extra info: No extra info provided.
Traceback (most recent call last):
  File "C:\Users\kevin\Documents\Cephadex\cards\models\helpers\log_decorators.py", line 17, in wrapper
    result = f(*args, **kwargs)
             ^^^^^^^^^^^^^^^^^^
  File "C:\Users\kevin\Documents\Cephadex\cards\views\extract_bp.py", line 94, in call_credit_counter
    raise e
  File "C:\Users\kevin\Documents\Cephadex\cards\views\extract_bp.py", line 82, in call_credit_counter
    credit = round(tokens_to_credit(tokens_general(form)), 1)
                                    ^^^^^^^^^^^^^^^^^^^^
  File "C:\Users\kevin\Documents\Cephadex\cards\models\extractors\extractor.py", line 310, in tokens_general
    return count_tokens(text)
           ^^^^^^^^^^^^^^^^^^
  File "C:\Users\kevin\Documents\Cephadex\cards\models\helpers\helpers.py", line 42, in count_tokens
    tokens = encoding.encode(text)
             ^^^^^^^^^^^^^^^^^^^^^
  File "C:\Users\kevin\Documents\Cephadex\.venv\Lib\site-packages\tiktoken\core.py", line 116, in encode
    if match := _special_token_regex(disallowed_special).search(text):
                ^^^^^^^^^^^^^^^^^^^^^^^^^^^^^^^^^^^^^^^^^^^^^^^^^^^^^
TypeError: expected string or buffer
2023-09-01 14:49:41,247 - flask_app - ERROR - Exception occurred in function call_credit_counter. Extra info: No extra info provided.
Traceback (most recent call last):
  File "C:\Users\kevin\Documents\Cephadex\cards\models\helpers\log_decorators.py", line 17, in wrapper
    result = f(*args, **kwargs)
             ^^^^^^^^^^^^^^^^^^
  File "C:\Users\kevin\Documents\Cephadex\cards\views\extract_bp.py", line 94, in call_credit_counter
    raise e
  File "C:\Users\kevin\Documents\Cephadex\cards\views\extract_bp.py", line 82, in call_credit_counter
    credit = round(tokens_to_credit(tokens_general(form)), 1)
                                    ^^^^^^^^^^^^^^^^^^^^
  File "C:\Users\kevin\Documents\Cephadex\cards\models\extractors\extractor.py", line 310, in tokens_general
    return count_tokens(text)
           ^^^^^^^^^^^^^^^^^^
  File "C:\Users\kevin\Documents\Cephadex\cards\models\helpers\helpers.py", line 42, in count_tokens
    tokens = encoding.encode(text)
             ^^^^^^^^^^^^^^^^^^^^^
  File "C:\Users\kevin\Documents\Cephadex\.venv\Lib\site-packages\tiktoken\core.py", line 116, in encode
    if match := _special_token_regex(disallowed_special).search(text):
                ^^^^^^^^^^^^^^^^^^^^^^^^^^^^^^^^^^^^^^^^^^^^^^^^^^^^^
TypeError: expected string or buffer
2023-09-01 14:50:57,382 - flask_app - ERROR - Exception occurred in function call_credit_counter. Extra info: No extra info provided.
Traceback (most recent call last):
  File "C:\Users\kevin\Documents\Cephadex\cards\models\extractors\extractor.py", line 436, in extract_from_url
    text = extract_from_other_url(link_data)
           ^^^^^^^^^^^^^^^^^^^^^^^^^^^^^^^^^
  File "C:\Users\kevin\Documents\Cephadex\cards\models\extractors\extractor.py", line 448, in extract_from_other_url
    text = text + paragraph.text
           ~~~~~^~~~~~~~~~~~~~~~
TypeError: unsupported operand type(s) for +: 'NoneType' and 'str'

The above exception was the direct cause of the following exception:

Traceback (most recent call last):
  File "C:\Users\kevin\Documents\Cephadex\cards\models\helpers\log_decorators.py", line 17, in wrapper
    result = f(*args, **kwargs)
             ^^^^^^^^^^^^^^^^^^
  File "C:\Users\kevin\Documents\Cephadex\cards\views\extract_bp.py", line 94, in call_credit_counter
    raise e
  File "C:\Users\kevin\Documents\Cephadex\cards\views\extract_bp.py", line 82, in call_credit_counter
    credit = round(tokens_to_credit(tokens_general(form)), 1)
                                    ^^^^^^^^^^^^^^^^^^^^
  File "C:\Users\kevin\Documents\Cephadex\cards\models\extractors\extractor.py", line 308, in tokens_general
    text, link_type = extract_from_url(form.link_input.data)
                      ^^^^^^^^^^^^^^^^^^^^^^^^^^^^^^^^^^^^^^
  File "C:\Users\kevin\Documents\Cephadex\cards\models\extractors\extractor.py", line 439, in extract_from_url
    raise ExtractionError(f"Failed to extract data: {e}") from e
models.exceptions.exceptions.ExtractionError: Failed to extract data: unsupported operand type(s) for +: 'NoneType' and 'str'
2023-09-02 11:15:20,000 - flask_app - ERROR - Exception occurred in function build_test. Extra info: No extra info provided.
Traceback (most recent call last):
  File "C:\Users\kevin\Documents\Cephadex\cards\models\helpers\log_decorators.py", line 17, in wrapper
    result = f(*args, **kwargs)
             ^^^^^^^^^^^^^^^^^^
  File "C:\Users\kevin\Documents\Cephadex\cards\views\quiz_bp.py", line 199, in build_test
    return render_template('build_test.html',
           ^^^^^^^^^^^^^^^^^^^^^^^^^^^^^^^^^^
  File "C:\Users\kevin\Documents\Cephadex\.venv\Lib\site-packages\flask\templating.py", line 150, in render_template
    template = app.jinja_env.get_or_select_template(template_name_or_list)
               ^^^^^^^^^^^^^^^^^^^^^^^^^^^^^^^^^^^^^^^^^^^^^^^^^^^^^^^^^^^
  File "C:\Users\kevin\Documents\Cephadex\.venv\Lib\site-packages\jinja2\environment.py", line 1081, in get_or_select_template
    return self.get_template(template_name_or_list, parent, globals)
           ^^^^^^^^^^^^^^^^^^^^^^^^^^^^^^^^^^^^^^^^^^^^^^^^^^^^^^^^^
  File "C:\Users\kevin\Documents\Cephadex\.venv\Lib\site-packages\jinja2\environment.py", line 1010, in get_template
    return self._load_template(name, globals)
           ^^^^^^^^^^^^^^^^^^^^^^^^^^^^^^^^^^
  File "C:\Users\kevin\Documents\Cephadex\.venv\Lib\site-packages\jinja2\environment.py", line 969, in _load_template
    template = self.loader.load(self, name, self.make_globals(globals))
               ^^^^^^^^^^^^^^^^^^^^^^^^^^^^^^^^^^^^^^^^^^^^^^^^^^^^^^^^
  File "C:\Users\kevin\Documents\Cephadex\.venv\Lib\site-packages\jinja2\loaders.py", line 126, in load
    source, filename, uptodate = self.get_source(environment, name)
                                 ^^^^^^^^^^^^^^^^^^^^^^^^^^^^^^^^^^
  File "C:\Users\kevin\Documents\Cephadex\.venv\Lib\site-packages\flask\templating.py", line 64, in get_source
    return self._get_source_fast(environment, template)
           ^^^^^^^^^^^^^^^^^^^^^^^^^^^^^^^^^^^^^^^^^^^^
  File "C:\Users\kevin\Documents\Cephadex\.venv\Lib\site-packages\flask\templating.py", line 98, in _get_source_fast
    raise TemplateNotFound(template)
jinja2.exceptions.TemplateNotFound: build_test.html
2023-09-02 11:17:04,752 - flask_app - ERROR - Exception occurred in function assign_test. Extra info: No extra info provided.
Traceback (most recent call last):
  File "C:\Users\kevin\Documents\Cephadex\cards\models\helpers\log_decorators.py", line 17, in wrapper
    result = f(*args, **kwargs)
             ^^^^^^^^^^^^^^^^^^
  File "C:\Users\kevin\Documents\Cephadex\cards\views\quiz_bp.py", line 246, in assign_test
    raise e
  File "C:\Users\kevin\Documents\Cephadex\cards\views\quiz_bp.py", line 243, in assign_test
    return render_template('/quiz_bp/assign_test.html', title='Assign test',
           ^^^^^^^^^^^^^^^^^^^^^^^^^^^^^^^^^^^^^^^^^^^^^^^^^^^^^^^^^^^^^^^^^
  File "C:\Users\kevin\Documents\Cephadex\.venv\Lib\site-packages\flask\templating.py", line 151, in render_template
    return _render(app, template, context)
           ^^^^^^^^^^^^^^^^^^^^^^^^^^^^^^^
  File "C:\Users\kevin\Documents\Cephadex\.venv\Lib\site-packages\flask\templating.py", line 132, in _render
    rv = template.render(context)
         ^^^^^^^^^^^^^^^^^^^^^^^^
  File "C:\Users\kevin\Documents\Cephadex\.venv\Lib\site-packages\jinja2\environment.py", line 1301, in render
    self.environment.handle_exception()
  File "C:\Users\kevin\Documents\Cephadex\.venv\Lib\site-packages\jinja2\environment.py", line 936, in handle_exception
    raise rewrite_traceback_stack(source=source)
  File "C:\Users\kevin\Documents\Cephadex\cards\templates\quiz_bp\assign_test.html", line 1, in top-level template code
    {% extends "layout.html" %} {% block title %} AI Quiz and Worksheet generator {% endblock %} {% block head %}
    ^^^^^^^^^^^^^^^^^^^^^^^^^
  File "C:\Users\kevin\Documents\Cephadex\cards\templates\layout.html", line 427, in top-level template code
    {% block main_0 %}
  File "C:\Users\kevin\Documents\Cephadex\cards\templates\quiz_bp\assign_test.html", line 17, in block 'main_0'
    {% if settings.new_user_tests == 1 %}
    ^^^^^^^^^^^^^^^^^^^^^^^^^
  File "C:\Users\kevin\Documents\Cephadex\.venv\Lib\site-packages\jinja2\environment.py", line 485, in getattr
    return getattr(obj, attribute)
           ^^^^^^^^^^^^^^^^^^^^^^^
jinja2.exceptions.UndefinedError: 'settings' is undefined
2023-09-02 11:18:48,923 - flask_app - ERROR - Exception occurred in function assign_test. Extra info: No extra info provided.
Traceback (most recent call last):
  File "C:\Users\kevin\Documents\Cephadex\cards\models\helpers\log_decorators.py", line 17, in wrapper
    result = f(*args, **kwargs)
             ^^^^^^^^^^^^^^^^^^
  File "C:\Users\kevin\Documents\Cephadex\cards\views\quiz_bp.py", line 246, in assign_test
    raise e
  File "C:\Users\kevin\Documents\Cephadex\cards\views\quiz_bp.py", line 243, in assign_test
    return render_template('/quiz_bp/assign_test.html', title='Assign test',
           ^^^^^^^^^^^^^^^^^^^^^^^^^^^^^^^^^^^^^^^^^^^^^^^^^^^^^^^^^^^^^^^^^
  File "C:\Users\kevin\Documents\Cephadex\.venv\Lib\site-packages\flask\templating.py", line 151, in render_template
    return _render(app, template, context)
           ^^^^^^^^^^^^^^^^^^^^^^^^^^^^^^^
  File "C:\Users\kevin\Documents\Cephadex\.venv\Lib\site-packages\flask\templating.py", line 132, in _render
    rv = template.render(context)
         ^^^^^^^^^^^^^^^^^^^^^^^^
  File "C:\Users\kevin\Documents\Cephadex\.venv\Lib\site-packages\jinja2\environment.py", line 1301, in render
    self.environment.handle_exception()
  File "C:\Users\kevin\Documents\Cephadex\.venv\Lib\site-packages\jinja2\environment.py", line 936, in handle_exception
    raise rewrite_traceback_stack(source=source)
  File "C:\Users\kevin\Documents\Cephadex\cards\templates\quiz_bp\assign_test.html", line 1, in top-level template code
    {% extends "layout.html" %} {% block title %} AI Quiz and Worksheet generator {% endblock %} {% block head %}
    ^^^^^^^^^^^^^^^^^^^^^^^^^
  File "C:\Users\kevin\Documents\Cephadex\cards\templates\layout.html", line 427, in top-level template code
    {% block main_0 %}
  File "C:\Users\kevin\Documents\Cephadex\cards\templates\quiz_bp\assign_test.html", line 122, in block 'main_0'
    url: "{{ url_for('assign_test', test_id=test.id) }}",
    ^^^^^^^^^^^^^^^^^^^^^^^^^
  File "C:\Users\kevin\Documents\Cephadex\.venv\Lib\site-packages\flask\app.py", line 1697, in url_for
    return self.handle_url_build_error(error, endpoint, values)
           ^^^^^^^^^^^^^^^^^^^^^^^^^^^^^^^^^^^^^^^^^^^^^^^^^^^^
  File "C:\Users\kevin\Documents\Cephadex\.venv\Lib\site-packages\flask\app.py", line 1686, in url_for
    rv = url_adapter.build(  # type: ignore[union-attr]
         ^^^^^^^^^^^^^^^^^^^^^^^^^^^^^^^^^^^^^^^^^^^^^^
  File "C:\Users\kevin\Documents\Cephadex\.venv\Lib\site-packages\werkzeug\routing\map.py", line 947, in build
    raise BuildError(endpoint, values, method, self)
werkzeug.routing.exceptions.BuildError: Could not build url for endpoint 'assign_test' with values ['test_id']. Did you mean 'quiz_bp.assign_test' instead?
2023-09-02 11:20:56,993 - flask_app - ERROR - Exception occurred in function generate_link_test. Extra info: No extra info provided.
Traceback (most recent call last):
  File "C:\Users\kevin\Documents\Cephadex\cards\models\helpers\log_decorators.py", line 17, in wrapper
    result = f(*args, **kwargs)
             ^^^^^^^^^^^^^^^^^^
  File "C:\Users\kevin\Documents\Cephadex\cards\views\quiz_bp.py", line 278, in generate_link_test
    img_str = create_qr_code(link)
                             ^^^^
UnboundLocalError: cannot access local variable 'link' where it is not associated with a value
2023-09-02 11:25:28,180 - flask_app - ERROR - Exception occurred in function take_test_2. Extra info: No extra info provided.
Traceback (most recent call last):
  File "C:\Users\kevin\Documents\Cephadex\cards\models\helpers\log_decorators.py", line 17, in wrapper
    result = f(*args, **kwargs)
             ^^^^^^^^^^^^^^^^^^
  File "C:\Users\kevin\Documents\Cephadex\cards\views\quiz_bp.py", line 364, in take_test_2
    test.taker.remove(current_user)
  File "C:\Users\kevin\Documents\Cephadex\.venv\Lib\site-packages\sqlalchemy\orm\collections.py", line 1179, in remove
    fn(self, value)
ValueError: list.remove(x): x not in list
2023-09-02 11:25:31,430 - flask_app - ERROR - Exception occurred in function take_test_2. Extra info: No extra info provided.
Traceback (most recent call last):
  File "C:\Users\kevin\Documents\Cephadex\cards\models\helpers\log_decorators.py", line 17, in wrapper
    result = f(*args, **kwargs)
             ^^^^^^^^^^^^^^^^^^
  File "C:\Users\kevin\Documents\Cephadex\cards\views\quiz_bp.py", line 364, in take_test_2
    test.taker.remove(current_user)
  File "C:\Users\kevin\Documents\Cephadex\.venv\Lib\site-packages\sqlalchemy\orm\collections.py", line 1179, in remove
    fn(self, value)
ValueError: list.remove(x): x not in list
2023-09-02 11:31:39,251 - flask_app - ERROR - Exception occurred in function take_test_2. Extra info: No extra info provided.
Traceback (most recent call last):
  File "C:\Users\kevin\Documents\Cephadex\cards\models\helpers\log_decorators.py", line 17, in wrapper
    result = f(*args, **kwargs)
             ^^^^^^^^^^^^^^^^^^
  File "C:\Users\kevin\Documents\Cephadex\cards\views\quiz_bp.py", line 364, in take_test_2
    test.taker.remove(current_user)
  File "C:\Users\kevin\Documents\Cephadex\.venv\Lib\site-packages\sqlalchemy\orm\collections.py", line 1179, in remove
    fn(self, value)
ValueError: list.remove(x): x not in list
